assay_chembl_id,canonical_smiles,data_validity_comment,molecule_chembl_id,pchembl_value,relation,standard_relation,standard_type,standard_units,standard_value,type,units,value,source
CHEMBL665293,CCCCc1c(O)c2c(Cl)cccc2[n+]2ccccc12.[Cl-],,CHEMBL174255,5.77,=,=,EC50,nM,1700.0,EC50,uM,1.7,ChEMBL
CHEMBL665292,CCCCc1c(O)c2c(Cl)cccc2[n+]2ccccc12.[Cl-],,CHEMBL174255,6.12,=,=,EC50,nM,750.0,EC50,uM,0.75,ChEMBL
CHEMBL665293,CCCc1c(O)c2cccc(Cl)c2[n+]2ccccc12.[Cl-],,CHEMBL173488,4.27,=,=,EC50,nM,54200.0,EC50,uM,54.2,ChEMBL
CHEMBL665292,CCCc1c(O)c2cccc(Cl)c2[n+]2ccccc12.[Cl-],,CHEMBL173488,4.32,=,=,EC50,nM,48000.0,EC50,uM,48.0,ChEMBL
CHEMBL665293,CC(C)Cc1c(O)c2cccc(Cl)c2[n+]2ccccc12.[Cl-],,CHEMBL176333,4.58,=,=,EC50,nM,26000.0,EC50,uM,26.0,ChEMBL
CHEMBL665292,CC(C)Cc1c(O)c2cccc(Cl)c2[n+]2ccccc12.[Cl-],,CHEMBL176333,4.50,=,=,EC50,nM,32000.0,EC50,uM,32.0,ChEMBL
CHEMBL665293,Oc1cc2cccc[n+]2c2cccc(Cl)c12.[Cl-],Outside typical range,CHEMBL367928,,=,=,EC50,nM,146000.0,EC50,uM,146.0,ChEMBL
CHEMBL665292,Oc1cc2cccc[n+]2c2cccc(Cl)c12.[Cl-],Outside typical range,CHEMBL367928,,>,>,EC50,nM,200000.0,EC50,uM,200.0,ChEMBL
CHEMBL665293,CCCCCc1c(O)c2cccc(Cl)c2[n+]2ccccc12.[Cl-],,CHEMBL177276,4.68,=,=,EC50,nM,21000.0,EC50,uM,21.0,ChEMBL
CHEMBL665292,CCCCCc1c(O)c2cccc(Cl)c2[n+]2ccccc12.[Cl-],,CHEMBL177276,4.70,=,=,EC50,nM,20000.0,EC50,uM,20.0,ChEMBL
CHEMBL665293,CCCCc1c(O)c2cccc(Cl)c2[n+]2ccccc12.[Cl-],,CHEMBL173487,4.63,=,=,EC50,nM,23500.0,EC50,uM,23.5,ChEMBL
CHEMBL665292,CCCCc1c(O)c2cccc(Cl)c2[n+]2ccccc12.[Cl-],,CHEMBL173487,4.47,=,=,EC50,nM,34000.0,EC50,uM,34.0,ChEMBL
CHEMBL665293,Oc1cc2cccc[n+]2c2c(Cl)cccc12.[Cl-],Outside typical range,CHEMBL175225,,=,=,EC50,nM,141000.0,EC50,uM,141.0,ChEMBL
CHEMBL665292,Oc1cc2cccc[n+]2c2c(Cl)cccc12.[Cl-],Outside typical range,CHEMBL175225,,>,>,EC50,nM,200000.0,EC50,uM,200.0,ChEMBL
CHEMBL665293,CCOC(=O)c1c(O)c2cccc(F)c2[n+]2ccccc12.[Cl-],,CHEMBL177257,4.15,=,=,EC50,nM,70500.0,EC50,uM,70.5,ChEMBL
CHEMBL665292,CCOC(=O)c1c(O)c2cccc(F)c2[n+]2ccccc12.[Cl-],,CHEMBL177257,4.02,=,=,EC50,nM,95000.0,EC50,uM,95.0,ChEMBL
CHEMBL833631,O=C(Nc1ccc(Cl)cc1)C1Cc2ccccc2CN1C(=O)c1cccc(Oc2ccccc2)c1,,CHEMBL190630,6.53,=,=,EC50,nM,294.0,EC50,nM,294.0,ChEMBL
CHEMBL833631,O=C(Nc1ccc(F)cc1)[C@H]1Cc2ccccc2CN1C(=O)c1cccc(Oc2ccccc2)c1,,CHEMBL365755,6.70,=,=,EC50,nM,202.0,EC50,nM,202.0,ChEMBL
CHEMBL833631,O=C(Nc1ccc(Cl)cc1)[C@@H]1Cc2ccccc2CN1C(=O)c1cccc(Oc2ccccc2)c1,,CHEMBL369882,6.92,=,=,EC50,nM,119.0,EC50,nM,119.0,ChEMBL
CHEMBL833631,O=C(Nc1ccc(Br)cc1)[C@H]1Cc2ccccc2CN1C(=O)c1cccc(Oc2ccccc2)c1,,CHEMBL176160,6.54,=,=,EC50,nM,292.0,EC50,nM,292.0,ChEMBL
CHEMBL833631,O=C(Nc1ccc(I)cc1)[C@H]1Cc2ccccc2CN1C(=O)c1cccc(Oc2ccccc2)c1,,CHEMBL367321,6.50,=,=,EC50,nM,314.0,EC50,nM,314.0,ChEMBL
CHEMBL833631,CCCCc1ccc(NC(=O)[C@H]2Cc3ccccc3CN2C(=O)c2cccc(Oc3ccccc3)c2)cc1,,CHEMBL427361,6.70,=,=,EC50,nM,202.0,EC50,nM,202.0,ChEMBL
CHEMBL833631,CCCCCc1ccc(NC(=O)[C@H]2Cc3ccccc3CN2C(=O)c2cccc(Oc3ccccc3)c2)cc1,,CHEMBL195690,7.21,=,=,EC50,nM,61.0,EC50,nM,61.0,ChEMBL
CHEMBL833631,CCCCCc1ccc(NC(=O)[C@@H]2Cc3ccccc3CN2C(=O)c2cccc(Oc3ccccc3)c2)cc1,,CHEMBL192735,7.64,=,=,EC50,nM,23.0,EC50,nM,23.0,ChEMBL
CHEMBL833631,CCCCCCc1ccc(NC(=O)[C@H]2Cc3ccccc3CN2C(=O)c2cccc(Oc3ccccc3)c2)cc1,,CHEMBL195376,7.00,=,=,EC50,nM,100.0,EC50,nM,100.0,ChEMBL
CHEMBL833631,CCCCCCCc1ccc(NC(=O)[C@H]2Cc3ccccc3CN2C(=O)c2cccc(Oc3ccccc3)c2)cc1,,CHEMBL192245,6.64,=,=,EC50,nM,230.0,EC50,nM,230.0,ChEMBL
CHEMBL833631,CC(C)CCCc1ccc(NC(=O)[C@H]2Cc3ccccc3CN2C(=O)c2cccc(Oc3ccccc3)c2)cc1,,CHEMBL364669,6.80,=,=,EC50,nM,160.0,EC50,nM,160.0,ChEMBL
CHEMBL833631,CCOc1ccc(NC(=O)[C@H]2Cc3ccccc3CN2C(=O)c2cccc(Oc3ccccc3)c2)cc1,,CHEMBL425191,6.38,=,=,EC50,nM,420.0,EC50,nM,420.0,ChEMBL
CHEMBL833631,CCCCOc1ccc(NC(=O)[C@H]2Cc3ccccc3CN2C(=O)c2cccc(Oc3ccccc3)c2)cc1,,CHEMBL370964,6.84,=,=,EC50,nM,145.0,EC50,nM,145.0,ChEMBL
CHEMBL833631,CCCCN(C(C)=O)c1ccc(NC(=O)[C@H]2Cc3ccccc3CN2C(=O)c2cccc(Oc3ccccc3)c2)cc1,,CHEMBL195438,7.18,=,=,EC50,nM,66.0,EC50,nM,66.0,ChEMBL
CHEMBL833631,CCCCCN(C(C)=O)c1ccc(NC(=O)[C@H]2Cc3ccccc3CN2C(=O)c2cccc(Oc3ccccc3)c2)cc1,,CHEMBL365601,7.15,=,=,EC50,nM,71.0,EC50,nM,71.0,ChEMBL
CHEMBL833631,O=C(Nc1cccnc1)[C@H]1Cc2ccccc2CN1C(=O)c1cccc(Oc2ccccc2)c1,,CHEMBL370291,7.39,=,=,EC50,nM,41.0,EC50,nM,41.0,ChEMBL
CHEMBL833631,O=C(Nc1ccc(Cl)nc1)[C@H]1Cc2ccccc2CN1C(=O)c1cccc(Oc2ccccc2)c1,,CHEMBL366200,7.18,=,=,EC50,nM,66.0,EC50,nM,66.0,ChEMBL
CHEMBL833631,CCCCCc1ccc(NC(=O)[C@@H]2Cc3ccccc3CN2C(=O)c2cccc(Oc3ccccc3)c2)cn1,,CHEMBL372489,7.28,=,=,EC50,nM,53.0,EC50,nM,53.0,ChEMBL
CHEMBL833631,O=C(Nc1ccc(Cl)cc1)[C@H]1Cc2ccccc2CN1C(=O)c1ccccc1Oc1ccccc1,,CHEMBL192134,6.47,=,=,EC50,nM,338.0,EC50,nM,338.0,ChEMBL
CHEMBL833631,O=C(Nc1ccc(Cl)cc1)[C@H]1Cc2ccccc2CN1C(=O)c1cccc(Oc2ccccc2)c1,,CHEMBL364514,6.47,=,=,EC50,nM,336.0,EC50,nM,336.0,ChEMBL
CHEMBL833631,O=C(Nc1ccc(Cl)cc1)[C@H]1Cc2ccccc2CN1C(=O)c1cccc(Cc2ccccc2)c1,,CHEMBL434733,6.54,=,=,EC50,nM,291.0,EC50,nM,291.0,ChEMBL
CHEMBL833631,O=C(Nc1ccc(Cl)cc1)[C@H]1Cc2ccccc2CN1C(=O)c1cccc(Sc2ccccc2)c1,,CHEMBL370945,6.41,=,=,EC50,nM,394.0,EC50,nM,394.0,ChEMBL
CHEMBL833631,COc1ccc(Oc2cccc(C(=O)N3Cc4ccccc4C[C@@H]3C(=O)Nc3ccc(Cl)cc3)c2)cc1,,CHEMBL191191,6.78,=,=,EC50,nM,167.0,EC50,nM,167.0,ChEMBL
CHEMBL833631,O=C(Nc1ccc(Cl)cc1)[C@H]1Cc2ccccc2CN1C(=O)c1cccc(Oc2ccc(C(F)(F)F)cc2)c1,,CHEMBL195850,6.55,=,=,EC50,nM,282.0,EC50,nM,282.0,ChEMBL
CHEMBL833631,O=C(Nc1ccc(Cl)cc1)[C@H]1Cc2ccccc2CN1C(=O)c1cccc(Oc2ccc(F)cc2)c1,,CHEMBL195151,6.23,=,=,EC50,nM,590.0,EC50,nM,590.0,ChEMBL
CHEMBL833631,O=C(Nc1ccc(Cl)cc1)[C@H]1Cc2ccccc2CN1C(=O)c1cccc(Oc2ccccn2)c1,,CHEMBL364672,6.57,=,=,EC50,nM,268.0,EC50,nM,268.0,ChEMBL
CHEMBL833631,CCCCCc1ccc(NC(=O)[C@@H]2Cc3ccccc3CN2C(=O)c2cccc(OC)c2)cc1,,CHEMBL191294,6.75,=,=,EC50,nM,176.0,EC50,nM,176.0,ChEMBL
CHEMBL833631,CCCCCc1ccc(NC(=O)[C@@H]2Cc3ccccc3CN2C(=O)c2cccc(OCC)c2)cc1,,CHEMBL195793,7.58,=,=,EC50,nM,26.0,EC50,nM,26.0,ChEMBL
CHEMBL833631,CCCCCc1ccc(NC(=O)[C@@H]2Cc3ccccc3CN2C(=O)c2cccc(OC(C)C)c2)cc1,,CHEMBL366586,8.20,=,=,EC50,nM,6.3,EC50,nM,6.3,ChEMBL
CHEMBL833631,CCCCCc1ccc(NC(=O)[C@@H]2Cc3ccccc3CN2C(=O)c2cccc(OCC(C)C)c2)cc1,,CHEMBL191926,8.00,=,=,EC50,nM,10.0,EC50,nM,10.0,ChEMBL
CHEMBL833631,CCCCCc1ccc(NC(=O)[C@@H]2Cc3ccccc3CN2C(=O)c2cccc(OC3CCCC3)c2)cc1,,CHEMBL192583,7.82,=,=,EC50,nM,15.0,EC50,nM,15.0,ChEMBL
CHEMBL833631,CCCCCc1ccc(NC(=O)[C@@H]2Cc3ccccc3CN2C(=O)c2cccc(OC3CCCCC3)c2)cc1,,CHEMBL373288,7.70,=,=,EC50,nM,20.0,EC50,nM,20.0,ChEMBL
CHEMBL833631,CCCCCc1ccc(NC(=O)[C@@H]2Cc3ccccc3CN2C(=O)c2cccc(Cl)c2)cc1,,CHEMBL363368,7.29,=,=,EC50,nM,51.0,EC50,nM,51.0,ChEMBL
CHEMBL833631,CCCCCc1ccc(NC(=O)[C@@H]2Cc3ccccc3CN2C(=O)c2ccc(Cl)c(Cl)c2)cc1,,CHEMBL191797,7.09,=,=,EC50,nM,82.0,EC50,nM,82.0,ChEMBL
CHEMBL833631,CCCCCc1ccc(NC(=O)[C@@H]2Cc3ccccc3CN2C(=O)c2ccc(OC)c(Oc3ccccc3)c2)cc1,,CHEMBL192086,7.92,=,=,EC50,nM,12.0,EC50,nM,12.0,ChEMBL
CHEMBL833631,CCCCCc1ccc(NC(=O)[C@@H]2Cc3ccccc3CN2C(=O)c2ccc(OC)c(OC(C)C)c2)cc1,,CHEMBL191928,8.46,=,=,EC50,nM,3.5,EC50,nM,3.5,ChEMBL
CHEMBL833631,CCCCCc1ccc(NC(=O)[C@@H]2Cc3ccccc3CN2C(=O)c2cc(Oc3ccccc3)ccn2)cc1,,CHEMBL372893,7.70,=,=,EC50,nM,20.0,EC50,nM,20.0,ChEMBL
CHEMBL833631,CCCCCc1ccc(NC(=O)[C@@H]2Cc3ccccc3CN2C(=O)c2cc(OC(C)C)ccn2)cc1,,CHEMBL192547,8.22,=,=,EC50,nM,6.0,EC50,nM,6.0,ChEMBL
CHEMBL833631,CCCCCc1ccc(NC(=O)[C@@H]2Cc3ccccc3CN2C(=O)c2cc(OC3CCCCC3)ccn2)cc1,,CHEMBL195630,8.03,=,=,EC50,nM,9.4,EC50,nM,9.4,ChEMBL
CHEMBL833631,CCCCCc1ccc(NC(=O)[C@@H]2Cc3ccccc3CN2C(=O)c2cc(Cl)ccn2)cc1,,CHEMBL189924,7.10,=,=,EC50,nM,79.0,EC50,nM,79.0,ChEMBL
CHEMBL833631,CCCCCc1ccc(NC(=O)[C@@H]2Cc3ccccc3CN2C(=O)c2cncc(OC3CCCCC3)c2)cc1,,CHEMBL372215,7.46,=,=,EC50,nM,35.0,EC50,nM,35.0,ChEMBL
CHEMBL833631,CCCCCc1ccc(NC(=O)[C@@H]2Cc3ccccc3CN2C(=O)c2cncc(OC(C)C)c2)cc1,,CHEMBL439856,7.80,=,=,EC50,nM,16.0,EC50,nM,16.0,ChEMBL
CHEMBL833631,CCCCCc1ccc(NC(=O)[C@@H]2Cc3ccccc3CN2C(=O)c2ccnc(OC(C)C)c2)cc1,,CHEMBL191243,7.96,=,=,EC50,nM,11.0,EC50,nM,11.0,ChEMBL
CHEMBL944926,CCCCC(O)c1[nH]c2cc(C)c(C(=O)O)cc2c1CCc1ccccc1,Outside typical range,CHEMBL403296,,=,=,IC50,nM,160000.0,IC50,uM,160.0,ChEMBL
CHEMBL944926,Cc1cc2c(CO)c(CCCCC(=O)O)n(CCc3ccccc3)c2cc1C(=O)O,Outside typical range,CHEMBL403297,,=,=,IC50,nM,170000.0,IC50,uM,170.0,ChEMBL
CHEMBL944926,CCCCCc1c(CO)c2cc(C)c(C(=O)O)cc2n1CCc1ccccc1,Outside typical range,CHEMBL250740,,=,=,IC50,nM,380000.0,IC50,uM,380.0,ChEMBL
CHEMBL944926,Cc1cc2[nH]c(C(=O)NCCC(=O)O)c(CCc3ccccc3)c2cc1C(=O)O,Outside typical range,CHEMBL252273,,=,=,IC50,nM,490000.0,IC50,uM,490.0,ChEMBL
CHEMBL944926,Cc1cc2[nH]c(C(O)CCCC(=O)O)c(CCc3ccccc3)c2cc1C(=O)O,Outside typical range,CHEMBL252077,,=,=,IC50,nM,330000.0,IC50,uM,330.0,ChEMBL
CHEMBL936826,CCCCc1c(-c2ccc(O)cc2)[nH]c2nccnc12,,CHEMBL75680,6.82,=,=,EC50,nM,150.0,EC50,nM,150.0,ChEMBL
CHEMBL939224,CCCCc1c(-c2ccc(O)cc2)[nH]c2nccnc12,,CHEMBL75680,6.85,=,=,EC50,nM,140.0,EC50,nM,140.0,ChEMBL
CHEMBL939223,CCCCc1c(-c2ccc(O)cc2)[nH]c2nccnc12,,CHEMBL75680,6.96,=,=,EC50,nM,111.0,EC50,nM,111.0,ChEMBL
CHEMBL928176,Cc1ccc(Nc2nc(-c3sc(NC(=O)c4ccc(Cl)cc4)nc3C)cs2)cc1,,CHEMBL262629,5.96,=,=,Kd,nM,1100.0,Kd,uM,1.1,ChEMBL
CHEMBL928176,COc1ccc(Cl)cc1Nc1nc(-c2sc(NC(=O)c3ccccc3)nc2C)cs1,,CHEMBL260775,6.05,=,=,Kd,nM,900.0,Kd,uM,0.9,ChEMBL
CHEMBL928176,CCCCCCC(=O)Nc1nc(C)c(-c2csc(Nc3cc(OC)ccc3OC)n2)s1,,CHEMBL260774,5.96,=,=,Kd,nM,1100.0,Kd,uM,1.1,ChEMBL
CHEMBL928176,COc1ccccc1Nc1nc(-c2sc(NC(=O)C(C)(C)C)nc2C)cs1,,CHEMBL411307,5.96,=,=,Kd,nM,1100.0,Kd,uM,1.1,ChEMBL
CHEMBL928176,Cc1nc(NC(=O)c2ccc([N+](=O)[O-])cc2)sc1-c1csc(Nc2ccc(Cl)cc2)n1,,CHEMBL258536,6.10,=,=,Kd,nM,800.0,Kd,uM,0.8,ChEMBL
CHEMBL928176,Cc1nc(NC(=O)c2ccc(Cl)cc2)sc1-c1csc(Nc2ccc(Cl)cc2)n1,,CHEMBL258750,5.96,=,=,Kd,nM,1100.0,Kd,uM,1.1,ChEMBL
CHEMBL928176,CCOc1ccccc1Nc1nc(-c2sc(NC(=O)C(C)(C)C)nc2C)cs1,,CHEMBL258749,6.10,=,=,Kd,nM,800.0,Kd,uM,0.8,ChEMBL
CHEMBL928176,COc1ccc(Cl)cc1Nc1nc(-c2sc(NC(=O)C(C)(C)C)nc2C)cs1,,CHEMBL262627,6.16,=,=,Kd,nM,700.0,Kd,uM,0.7,ChEMBL
CHEMBL928176,COc1ccc(OC)c(Nc2nc(-c3sc(NC(=O)c4ccc(Cl)cc4)nc3C)cs2)c1,,CHEMBL262886,5.96,=,=,Kd,nM,1100.0,Kd,uM,1.1,ChEMBL
CHEMBL976298,O=C(O)c1cc(/C=C2\SC(=S)N(c3ccccc3C(F)(F)F)C2=O)ccc1O,,CHEMBL513072,4.85,=,=,IC50,nM,14000.0,IC50,uM,14.0,ChEMBL
CHEMBL976298,O=C(O)c1ccc(/C=C2\SC(=S)N(c3cc(C(F)(F)F)cc(C(F)(F)F)c3)C2=O)cc1,,CHEMBL472354,4.85,=,=,IC50,nM,14000.0,IC50,uM,14.0,ChEMBL
CHEMBL976298,O=C(O)c1ccc(/C=C2\SC(=S)N(c3ccc(Cl)c(C(F)(F)F)c3)C2=O)cc1,,CHEMBL472355,4.82,=,=,IC50,nM,15000.0,IC50,uM,15.0,ChEMBL
CHEMBL976298,O=C(O)c1ccccc1/C=C1\SC(=S)N(c2cccc(C(F)(F)F)c2)C1=O,,CHEMBL511818,4.82,=,=,IC50,nM,15000.0,IC50,uM,15.0,ChEMBL
CHEMBL976298,O=C(O)c1ccc(/C=C2\SC(=S)N(c3ccc(C(F)(F)F)cc3)C2=O)cc1,,CHEMBL512017,4.82,=,=,IC50,nM,15000.0,IC50,uM,15.0,ChEMBL
CHEMBL976298,O=C(O)c1ccccc1/C=C1\SC(=S)N(c2ccccc2C(F)(F)F)C1=O,,CHEMBL512539,4.75,=,=,IC50,nM,18000.0,IC50,uM,18.0,ChEMBL
CHEMBL976298,O=C(O)c1cccc(/C=C2\SC(=S)N(c3ccccc3C(F)(F)F)C2=O)c1,,CHEMBL472528,4.72,=,=,IC50,nM,19000.0,IC50,uM,19.0,ChEMBL
CHEMBL976298,O=C(O)c1ccccc1/C=C1\SC(=S)N(c2ccc(C(F)(F)F)cc2)C1=O,,CHEMBL470100,4.70,=,=,IC50,nM,20000.0,IC50,uM,20.0,ChEMBL
CHEMBL976298,O=C(O)c1ccc(/C=C2\SC(=S)N(c3cc(C(F)(F)F)ccc3Cl)C2=O)cc1,,CHEMBL470101,4.70,=,=,IC50,nM,20000.0,IC50,uM,20.0,ChEMBL
CHEMBL976298,O=C1/C(=C/c2ccc(O)cc2)SC(=S)N1c1cccc(C(F)(F)F)c1,,CHEMBL513552,4.62,=,=,IC50,nM,24000.0,IC50,uM,24.0,ChEMBL
CHEMBL976298,O=C(O)c1cc(/C=C2\SC(=S)N(c3ccc(C(F)(F)F)cc3)C2=O)ccc1O,,CHEMBL488016,4.60,=,=,IC50,nM,25000.0,IC50,uM,25.0,ChEMBL
CHEMBL976298,O=C1/C(=C/c2ccncc2)SC(=S)N1c1cccc(C(F)(F)F)c1,,CHEMBL520739,4.55,=,=,IC50,nM,28000.0,IC50,uM,28.0,ChEMBL
CHEMBL976298,O=C1/C(=C/c2ccc(O)c(O)c2O)SC(=S)N1c1cccc(C(F)(F)F)c1,,CHEMBL486671,4.55,=,=,IC50,nM,28000.0,IC50,uM,28.0,ChEMBL
CHEMBL976298,O=C1/C(=C/c2ccc(S(=O)(=O)[O-])cc2)SC(=S)N1c1cccc(C(F)(F)F)c1.[Na+],,CHEMBL486672,4.54,=,=,IC50,nM,29000.0,IC50,uM,29.0,ChEMBL
CHEMBL976298,O=C(O)COc1cccc(/C=C2\SC(=S)N(c3cccc(C(F)(F)F)c3)C2=O)c1,,CHEMBL521207,4.52,=,=,IC50,nM,30000.0,IC50,uM,30.0,ChEMBL
CHEMBL976298,O=C1/C(=C/c2ccc(S(=O)(=O)[O-])cc2S(=O)(=O)[O-])SC(=S)N1c1cccc(C(F)(F)F)c1.[Na+].[Na+],,CHEMBL487833,4.30,=,=,IC50,nM,50000.0,IC50,uM,50.0,ChEMBL
CHEMBL976298,O=C(O)c1ccc(/C=C2\SC(=S)N(c3cccc(C(F)(F)F)c3)C2=O)cc1,,CHEMBL461939,6.42,=,=,IC50,nM,380.0,IC50,uM,0.38,ChEMBL
CHEMBL976298,O=C(O)c1cccc(/C=C2\SC(=S)N(c3ccc(C(F)(F)F)cc3)C2=O)c1,,CHEMBL472192,4.89,=,=,IC50,nM,13000.0,IC50,uM,13.0,ChEMBL
CHEMBL976298,O=C(O)c1ccc(/C=C2\SC(=S)N(c3ccccc3C(F)(F)F)C2=O)cc1,,CHEMBL513075,4.92,=,=,IC50,nM,12000.0,IC50,uM,12.0,ChEMBL
CHEMBL976298,O=C1/C(=C/c2cc(O)c(O)c(O)c2)SC(=S)N1c1cccc(C(F)(F)F)c1,,CHEMBL472191,4.96,=,=,IC50,nM,11000.0,IC50,uM,11.0,ChEMBL
CHEMBL976298,Cc1c(N2C(=O)/C(=C/c3ccc(C(=O)O)cc3)SC2=S)cccc1C(F)(F)F,,CHEMBL472190,5.09,=,=,IC50,nM,8200.0,IC50,uM,8.2,ChEMBL
CHEMBL976298,O=C1/C(=C/c2cc[n+]([O-])cc2)SC(=S)N1c1cccc(C(F)(F)F)c1,,CHEMBL513068,5.06,=,=,IC50,nM,8700.0,IC50,uM,8.7,ChEMBL
CHEMBL976298,O=C1/C(=C/c2cc(Br)c(O)c(Br)c2O)SC(=S)N1c1cccc(C(F)(F)F)c1,,CHEMBL461576,5.10,=,=,IC50,nM,8000.0,IC50,uM,8.0,ChEMBL
CHEMBL976298,O=C1/C(=C/c2cc(Br)c(O)c(Br)c2)SC(=S)N1c1cccc(C(F)(F)F)c1,,CHEMBL518808,5.16,=,=,IC50,nM,7000.0,IC50,uM,7.0,ChEMBL
CHEMBL976298,Cc1cccc(N2C(=O)/C(=C/c3ccc(C(=O)O)cc3)SC2=S)c1C,,CHEMBL461575,5.16,=,=,IC50,nM,7000.0,IC50,uM,7.0,ChEMBL
CHEMBL976298,Cc1cccc(N2C(=O)/C(=C/c3ccc(C(=O)O)cc3)SC2=S)c1,,CHEMBL450222,5.30,=,=,IC50,nM,5000.0,IC50,uM,5.0,ChEMBL
CHEMBL976298,O=C(O)c1cccc(/C=C2\SC(=S)N(c3ccc(F)c(C(F)(F)F)c3)C2=O)c1,,CHEMBL461381,5.30,=,=,IC50,nM,5000.0,IC50,uM,5.0,ChEMBL
CHEMBL976298,O=C(O)COc1ccc(/C=C2\SC(=S)N(c3cccc(C(F)(F)F)c3)C2=O)cc1,,CHEMBL461941,5.58,=,=,IC50,nM,2600.0,IC50,uM,2.6,ChEMBL
CHEMBL976298,O=C(O)c1cccc(/C=C2\SC(=S)N(c3cccc(C(F)(F)F)c3)C2=O)c1,,CHEMBL461759,5.82,=,=,IC50,nM,1500.0,IC50,uM,1.5,ChEMBL
CHEMBL976298,O=C(O)c1ccc(/C=C2\SC(=S)N(c3ccc(F)c(C(F)(F)F)c3)C2=O)cc1,,CHEMBL460075,5.82,=,=,IC50,nM,1500.0,IC50,uM,1.5,ChEMBL
CHEMBL976298,O=C(O)c1cc(/C=C2\SC(=S)N(c3cccc(C(F)(F)F)c3)C2=O)ccc1O,,CHEMBL461375,5.85,=,=,IC50,nM,1400.0,IC50,uM,1.4,ChEMBL
CHEMBL976298,O=C1/C(=C/c2ccc(-c3nn[nH]n3)cc2)SC(=S)N1c1cccc(C(F)(F)F)c1,,CHEMBL461940,6.12,=,=,IC50,nM,760.0,IC50,uM,0.76,ChEMBL
CHEMBL976298,O=C(O)c1cc(Nc2nc(-c3cccc(C(F)(F)F)c3)cs2)ccc1O,,CHEMBL452052,4.50,=,=,IC50,nM,32000.0,IC50,uM,32.0,ChEMBL
CHEMBL976298,O=C(O)c1ccc(Nc2nc(-c3cccc(C(F)(F)F)c3)cs2)cc1,,CHEMBL451791,4.55,=,=,IC50,nM,28000.0,IC50,uM,28.0,ChEMBL
CHEMBL976298,O=C(O)c1ccc(CC2SC(=S)N(c3cccc(C(F)(F)F)c3)C2=O)cc1,,CHEMBL452565,4.57,=,=,IC50,nM,27000.0,IC50,uM,27.0,ChEMBL
CHEMBL976298,O=C1C(C(=S)Nc2ccc(S(=O)(=O)[O-])o2)SC(=S)N1c1cccc(C(F)(F)F)c1.[Na+],,CHEMBL452564,4.57,=,=,IC50,nM,27000.0,IC50,uM,27.0,ChEMBL
CHEMBL976298,O=C(O)c1ccc(NC(=S)C2SC(=S)N(c3cccc(C(F)(F)F)c3)C2=O)cc1O,,CHEMBL451805,4.60,=,=,IC50,nM,25000.0,IC50,uM,25.0,ChEMBL
CHEMBL976298,O=C1C(C(=S)Nc2ccc(S(=O)(=O)[O-])cc2)SC(=S)N1c1cccc(C(F)(F)F)c1.[Na+],,CHEMBL509100,4.96,=,=,IC50,nM,11000.0,IC50,uM,11.0,ChEMBL
CHEMBL976298,O=C(O)c1ccc(NC(=S)C2SC(=S)N(c3cccc(C(F)(F)F)c3)C2=O)cc1,,CHEMBL451804,5.05,=,=,IC50,nM,9000.0,IC50,uM,9.0,ChEMBL
CHEMBL976298,O=C(O)c1ccc(SC2CC(=O)N(c3cccc(C(F)(F)F)c3)C2=O)cc1,,CHEMBL487654,5.16,=,=,IC50,nM,7000.0,IC50,uM,7.0,ChEMBL
CHEMBL976298,O=C(O)c1ccc(NC2=C(Cl)C(=O)N(c3cccc(C(F)(F)F)c3)C2=O)cc1,,CHEMBL488825,4.44,=,=,IC50,nM,36000.0,IC50,uM,36.0,ChEMBL
CHEMBL976298,O=C1S/C(=C\c2ccc(-c3nn[nH]n3)cc2)C(=O)N1c1cccc(C(F)(F)F)c1,,CHEMBL527432,4.77,=,=,IC50,nM,17000.0,IC50,uM,17.0,ChEMBL
CHEMBL976298,O=C(O)c1ccc(/C=C2\SC(=O)N(c3cccc(C(F)(F)F)c3)C2=O)cc1,,CHEMBL488824,5.85,=,=,IC50,nM,1400.0,IC50,uM,1.4,ChEMBL
CHEMBL982872,O=c1c(-c2ccc(O)cc2)coc2cc(O)cc(O)c12,,CHEMBL44,5.36,=,=,EC50,nM,4400.0,EC50,uM,4.4,ChEMBL
CHEMBL982872,O=c1cc(-c2ccncc2)oc2c1ccc1ccccc12,,CHEMBL177991,5.46,=,=,EC50,nM,3500.0,EC50,uM,3.5,ChEMBL
CHEMBL1110140,CCOC(=O)c1cc(-c2sc(NC(=O)C(C)(C)C)nc2C)nn1Cc1ccccc1,,CHEMBL1099214,5.07,=,=,EC50,nM,8500.0,EC50,uM,8.5,ChEMBL
CHEMBL1110140,COc1ccc(NC(=O)c2cc(-c3sc(NC(=O)C(C)(C)C)nc3C)n(-c3ccc(Br)cc3)n2)cc1,,CHEMBL1098166,5.47,=,=,EC50,nM,3400.0,EC50,uM,3.4,ChEMBL
CHEMBL1110140,C=CCn1nc(C(=O)Nc2ccc(OC)cc2)cc1-c1sc(NC(=O)C(C)(C)C)nc1C,,CHEMBL1098779,6.03,=,=,EC50,nM,930.0,EC50,uM,0.93,ChEMBL
CHEMBL1110140,C=CCn1nc(C(=O)NCc2ccccc2)cc1-c1sc(NC(=O)C(C)(C)C)nc1C,,CHEMBL1097860,5.52,=,=,EC50,nM,3000.0,EC50,uM,3.0,ChEMBL
CHEMBL1110140,Cc1nc(NC(=O)C(C)(C)C)sc1-c1cc(C(=O)NCc2ccccc2)nn1Cc1ccccc1,,CHEMBL1097861,6.12,=,=,EC50,nM,750.0,EC50,uM,0.75,ChEMBL
CHEMBL1110140,COc1ccc(NC(=O)c2cc(-c3sc(NC(=O)C(C)(C)C)nc3C)n(Cc3cc(Cl)ccc3OC)n2)cc1,,CHEMBL1098499,6.00,=,=,EC50,nM,1000.0,EC50,uM,1.0,ChEMBL
CHEMBL1110140,COc1ccc(Cl)cc1Cn1nc(C(=O)N2CCOCC2)cc1-c1sc(NC(=O)C(C)(C)C)nc1C,,CHEMBL1096523,6.00,=,=,EC50,nM,1000.0,EC50,uM,1.0,ChEMBL
CHEMBL1110140,COc1ccc(Cl)cc1Cn1nc(C(=O)NCCO)cc1-c1sc(NC(=O)C(C)(C)C)nc1C,,CHEMBL1098233,5.52,=,=,EC50,nM,3000.0,EC50,uM,3.0,ChEMBL
CHEMBL1110140,COc1ccc(Cl)cc1Nc1nc(-c2sc(NC(=O)C(C)(C)C)nc2C)cs1,,CHEMBL262627,6.16,=,=,EC50,nM,700.0,EC50,nM,700.0,ChEMBL
CHEMBL1110140,COc1ccc(Cl)cc1Nc1nc2c(s1)CCCc1nc(NC(=O)C(C)(C)C)sc1-2,,CHEMBL495336,6.52,=,=,EC50,nM,300.0,EC50,nM,300.0,ChEMBL
CHEMBL1227949,O=C(O)c1ccc(/C=C2\SC(=S)N(c3cccc(C(F)(F)F)c3)C2=O)cc1,,CHEMBL461939,6.52,=,=,IC50,nM,300.0,IC50,uM,0.3,ChEMBL
CHEMBL1227949,O=C(CNc1ccc2ccccc2c1)N/N=C/c1cc(Br)c(O)c(Br)c1O,,CHEMBL1221576,5.30,=,=,IC50,nM,5000.0,IC50,uM,5.0,ChEMBL
CHEMBL1227950,Cc1cccc(-c2c3c(=O)n(C)c(=O)n(C)c3c3n2-c2ccccc2NC3c2ccc(C)o2)c1,,CHEMBL1222175,6.16,=,=,IC50,nM,700.0,IC50(app),uM,0.7,ChEMBL
CHEMBL1227950,Cc1ccc(C2Nc3ccccc3-n3c(-c4ccccc4)c4c(=O)n(C)c(=O)n(C)c4c32)o1,,CHEMBL1087004,6.10,=,=,IC50,nM,800.0,IC50(app),uM,0.8,ChEMBL
CHEMBL1227950,Cc1ccc(C2Nc3ccccc3-n3c(-c4ccccc4C)c4c(=O)n(C)c(=O)n(C)c4c32)o1,,CHEMBL1222176,6.10,=,=,IC50,nM,800.0,IC50(app),uM,0.8,ChEMBL
CHEMBL1227950,Cc1ccc(C2Nc3cc(C)c(C)cc3-n3c(-c4ccccc4)c4c(=O)n(C)c(=O)n(C)c4c32)o1,,CHEMBL1081471,6.10,=,=,IC50,nM,800.0,IC50(app),uM,0.8,ChEMBL
CHEMBL1227950,Cc1ccc(C2Nc3cc(C)c(C)cc3-n3c(-c4ccccc4F)c4c(=O)n(C)c(=O)n(C)c4c32)o1,,CHEMBL1222276,5.82,=,=,IC50,nM,1500.0,IC50(app),uM,1.5,ChEMBL
CHEMBL1227950,Cn1c(=O)c2c(-c3ccccc3)n3c(c2n(C)c1=O)C(c1cccc(F)c1F)Nc1ccccc1-3,,CHEMBL1222277,5.92,=,=,IC50,nM,1200.0,IC50(app),uM,1.2,ChEMBL
CHEMBL1227950,Cn1c(=O)c2c(-c3ccccc3)n3c(c2n(C)c1=O)C(c1cccc([N+](=O)[O-])c1)Nc1ccccc1-3,,CHEMBL1080548,5.92,=,=,IC50,nM,1200.0,IC50(app),uM,1.2,ChEMBL
CHEMBL1227950,Cc1cc2c(cc1C)-n1c(-c3ccccc3)c3c(=O)n(C)c(=O)n(C)c3c1C(c1ccc(O)cc1)N2,,CHEMBL1222278,5.82,=,=,IC50,nM,1500.0,IC50(app),uM,1.5,ChEMBL
CHEMBL1227950,COc1cccc(C2Nc3ccccc3-n3c(-c4ccccc4)c4c(=O)n(C)c(=O)n(C)c4c32)c1,,CHEMBL1222337,5.77,=,=,IC50,nM,1700.0,IC50(app),uM,1.7,ChEMBL
CHEMBL1227950,Cn1c(=O)c2c(-c3ccccc3)n3c(c2n(C)c1=O)C(c1ccccc1F)Nc1ccccc1-3,,CHEMBL1222338,5.70,=,=,IC50,nM,2000.0,IC50(app),uM,2.0,ChEMBL
CHEMBL1227950,Cn1c(=O)c2c(-c3ccccc3)n3c(c2n(C)c1=O)C(c1ccccc1)Nc1ccccc1-3,,CHEMBL1222339,5.60,=,=,IC50,nM,2500.0,IC50(app),uM,2.5,ChEMBL
CHEMBL1227950,Cn1c(=O)c2c(-c3ccccc3)n3c(c2n(C)c1=O)C(c1ccc(O)cc1)Nc1ccccc1-3,,CHEMBL1222340,5.35,=,=,IC50,nM,4500.0,IC50(app),uM,4.5,ChEMBL
CHEMBL1227950,COc1cc(O)ccc1C1Nc2ccccc2-n2c(-c3ccccc3)c3c(=O)n(C)c(=O)n(C)c3c21,,CHEMBL1222403,4.00,=,=,IC50,nM,100000.0,IC50(app),uM,100.0,ChEMBL
CHEMBL1227950,Cc1cccc(-c2c3c(=O)n(C)c(=O)n(C)c3c3n2-c2ccccc2NC3c2ccc(O)cc2)c1,,CHEMBL1222404,5.77,=,=,IC50,nM,1700.0,IC50(app),uM,1.7,ChEMBL
CHEMBL1227950,COc1cccc(C2Nc3ccccc3-n3c(-c4cccc(C)c4)c4c(=O)n(C)c(=O)n(C)c4c32)c1,,CHEMBL1222405,5.77,=,=,IC50,nM,1700.0,IC50(app),uM,1.7,ChEMBL
CHEMBL1227950,COc1cccc(C2Nc3ccccc3-n3c(-c4ccccc4F)c4c(=O)n(C)c(=O)n(C)c4c32)c1,,CHEMBL1222406,5.70,=,=,IC50,nM,2000.0,IC50(app),uM,2.0,ChEMBL
CHEMBL1227950,Cc1cccc(-c2c3c(=O)n(C)c(=O)n(C)c3c3n2-c2ccccc2NC3c2cccc([N+](=O)[O-])c2F)c1,,CHEMBL1221481,5.70,=,=,IC50,nM,2000.0,IC50(app),uM,2.0,ChEMBL
CHEMBL1227950,Cc1ccccc1-c1c2c(=O)n(C)c(=O)n(C)c2c2n1-c1ccccc1NC2c1cccc([N+](=O)[O-])c1,,CHEMBL1221482,5.70,=,=,IC50,nM,2000.0,IC50(app),uM,2.0,ChEMBL
CHEMBL1227950,Cn1c(=O)c2c(-c3ccccc3F)n3c(c2n(C)c1=O)C(c1cccc(Cl)c1)Nc1ccccc1-3,,CHEMBL1221483,5.60,=,=,IC50,nM,2500.0,IC50(app),uM,2.5,ChEMBL
CHEMBL1227950,Cc1cccc(-c2c3c(=O)n(C)c(=O)n(C)c3c3n2-c2ccccc2NC3c2ccccc2F)c1,,CHEMBL1221484,5.60,=,=,IC50,nM,2500.0,IC50(app),uM,2.5,ChEMBL
CHEMBL1227950,COc1cccc(C2Nc3ccccc3-n3c(-c4ccccc4C)c4c(=O)n(C)c(=O)n(C)c4c32)c1,,CHEMBL1221530,5.52,=,=,IC50,nM,3000.0,IC50(app),uM,3.0,ChEMBL
CHEMBL1227950,Cc1cccc(C2Nc3ccccc3-n3c(-c4ccccc4C)c4c(=O)n(C)c(=O)n(C)c4c32)c1,,CHEMBL1221531,5.52,=,=,IC50,nM,3000.0,IC50(app),uM,3.0,ChEMBL
CHEMBL1227950,Cc1ccccc1-c1c2c(=O)n(C)c(=O)n(C)c2c2n1-c1ccccc1NC2c1ccccc1,,CHEMBL1221532,5.30,=,=,IC50,nM,5000.0,IC50(app),uM,5.0,ChEMBL
CHEMBL1227950,Cc1cccc(-c2c3c(=O)n(C)c(=O)n(C)c3c3n2-c2ccccc2NC3c2cccc(F)c2)c1,,CHEMBL1221533,5.10,=,=,IC50,nM,8000.0,IC50(app),uM,8.0,ChEMBL
CHEMBL1227953,Cc1ccc(C2Nc3ccccc3-n3c(-c4ccccc4)c4c(=O)n(C)c(=O)n(C)c4c32)o1,,CHEMBL1087004,7.05,=,=,IC50,nM,90.0,IC50,nM,90.0,ChEMBL
CHEMBL1227385,Cc1ccc(C2Nc3ccccc3-n3c(-c4ccccc4)c4c(=O)n(C)c(=O)n(C)c4c32)o1,,CHEMBL1087004,,<,<,IC50,nM,1000.0,IC50,uM,1.0,ChEMBL
CHEMBL1228135,Cc1ccc(C2Nc3ccccc3-n3c(-c4ccccc4)c4c(=O)n(C)c(=O)n(C)c4c32)o1,,CHEMBL1087004,,<,<,IC50,nM,1000.0,IC50,uM,1.0,ChEMBL
CHEMBL1780321,Cc1nc2cccc[n+]2c(C)c1[O-],,CHEMBL1779949,8.30,=,=,IC50,nM,5.0,IC50,nM,5.0,ChEMBL
CHEMBL1780321,Cc1nc2c3ccccc3cc[n+]2c(C)c1[O-],,CHEMBL1779950,7.80,=,=,IC50,nM,16.0,IC50,nM,16.0,ChEMBL
CHEMBL1780321,COc1ccc(Cl)cc1C(=O)NCCc1ccc(S(=O)(=O)NC(=O)NC2CCCCC2)cc1,,CHEMBL472,4.82,=,=,IC50,nM,15000.0,IC50,uM,15.0,ChEMBL
CHEMBL1780321,C[C@]1(C(=O)O)N=C2c3ccccc3C=CN2[C@](C)(O)[C@@H]1O,,CHEMBL1779953,7.82,=,=,IC50,nM,15.0,IC50,nM,15.0,ChEMBL
CHEMBL1780321,C[C@]1(C(=O)O)N=C2c3ccccc3C=CN2[C@](C)(O)[C@H]1O,,CHEMBL1779954,7.82,=,=,IC50,nM,15.0,IC50,nM,15.0,ChEMBL
CHEMBL1832634,O=C(O)c1ccc(/C=C2\SC(=S)N(c3cccc(C(F)(F)F)c3)C2=O)cc1,,CHEMBL461939,6.52,=,=,IC50,nM,300.0,IC50,nM,300.0,ChEMBL
CHEMBL1832641,Cc1ccc(C2Nc3ccccc3-n3c(-c4ccccc4)c4c(=O)n(C)c(=O)n(C)c4c32)o1,,CHEMBL1087004,6.60,=,=,IC50,nM,250.0,IC50,uM,0.25,ChEMBL
CHEMBL1832641,Cc1ccc(C2c3c4c(c(-c5ccccc5)n3-c3ccccc3N2S(C)(=O)=O)c(=O)n(C)c(=O)n4C)o1,,CHEMBL1831049,,,,IC50,,,IC50,,,ChEMBL
CHEMBL1832641,Cc1ccc(C2c3c4c(c(-c5ccccc5)n3-c3ccccc3N2C(=O)CCl)c(=O)n(C)c(=O)n4C)o1,,CHEMBL1831050,,,,IC50,,,IC50,,,ChEMBL
CHEMBL1832641,CC(=O)N1c2ccccc2-n2c(-c3ccccc3)c3c(=O)n(C)c(=O)n(C)c3c2C1c1ccc(C)o1,,CHEMBL1831051,,,,IC50,,,IC50,,,ChEMBL
CHEMBL1832641,Cc1ccc(C2c3c4c(c(-c5ccccc5)n3-c3ccccc3N2N=O)c(=O)n(C)c(=O)n4C)o1,,CHEMBL1831052,5.70,=,=,IC50,nM,2000.0,IC50,uM,2.0,ChEMBL
CHEMBL1832641,Cc1ccc(C2c3c4c(c(-c5ccccc5)n3-c3ccccc3N2C)c(=O)n(C)c(=O)n4C)o1,,CHEMBL1831053,6.00,=,=,IC50,nM,1000.0,IC50,uM,1.0,ChEMBL
CHEMBL1832641,CCc1ccc(C2Nc3ccccc3-n3c(-c4ccccc4)c4c(=O)n(C)c(=O)n(C)c4c32)o1,,CHEMBL1831054,6.52,=,=,IC50,nM,300.0,IC50,uM,0.3,ChEMBL
CHEMBL1832641,Cc1ccc(C2Nc3ccccc3-n3c(-c4ccccc4)c4c(=O)n(C)c(=O)n(C)c4c32)s1,,CHEMBL1831055,5.77,=,=,IC50,nM,1700.0,IC50,uM,1.7,ChEMBL
CHEMBL1832641,Cc1cc(C2Nc3ccccc3-n3c(-c4ccccc4)c4c(=O)n(C)c(=O)n(C)c4c32)oc1C,,CHEMBL1831056,5.77,=,=,IC50,nM,1700.0,IC50,uM,1.7,ChEMBL
CHEMBL1832641,Cn1c(=O)c2c(-c3ccccc3)n3c(c2n(C)c1=O)C(c1ccc(Cl)o1)Nc1ccccc1-3,,CHEMBL1831057,6.82,=,=,IC50,nM,150.0,IC50,uM,0.15,ChEMBL
CHEMBL1832641,Cn1c(=O)c2c(-c3ccccc3)n3c(c2n(C)c1=O)C(c1ccc(Br)o1)Nc1ccccc1-3,,CHEMBL1831058,7.05,=,=,IC50,nM,90.0,IC50,uM,0.09,ChEMBL
CHEMBL1832641,Cn1c(=O)c2c(-c3ccccc3)n3c(c2n(C)c1=O)C(c1ccc(I)o1)Nc1ccccc1-3,,CHEMBL1831059,6.77,=,=,IC50,nM,170.0,IC50,uM,0.17,ChEMBL
CHEMBL1832641,Cn1c(=O)c2c(-c3ccccc3)n3c(c2n(C)c1=O)C(c1ccc(C(F)(F)F)o1)Nc1ccccc1-3,,CHEMBL1831060,6.46,=,=,IC50,nM,350.0,IC50,uM,0.35,ChEMBL
CHEMBL1832641,Cn1c(=O)c2c(-c3ccccc3)n3c(c2n(C)c1=O)C(c1ccc(-c2ccccc2)o1)Nc1ccccc1-3,,CHEMBL1831061,,,,IC50,,,IC50,,,ChEMBL
CHEMBL1832641,Cn1c(=O)c2c(-c3ccccc3)n3c(c2n(C)c1=O)C(c1ccc(CO)o1)Nc1ccccc1-3,,CHEMBL1831062,,,,IC50,,,IC50,,,ChEMBL
CHEMBL1832641,Cn1c(=O)c2c(-c3ccccc3)n3c(c2n(C)c1=O)C(c1cc2ccccc2o1)Nc1ccccc1-3,,CHEMBL1831063,,,,IC50,,,IC50,,,ChEMBL
CHEMBL1832641,Cn1c(=O)c2c(-c3ccccc3)n3c(c2n(C)c1=O)C(c1ccc(Br)o1)Oc1ccccc1-3,,CHEMBL1831064,6.70,=,=,IC50,nM,200.0,IC50,uM,0.2,ChEMBL
CHEMBL1832641,Cn1c(=O)c2c(-c3ccccc3)n3c(c2n(C)c1=O)C(c1ccc(I)o1)Oc1ccccc1-3,,CHEMBL1831065,6.30,=,=,IC50,nM,500.0,IC50,uM,0.5,ChEMBL
CHEMBL1832641,Cc1ccc(C2Oc3ccccc3-n3c(-c4ccccc4)c4c(=O)n(C)c(=O)n(C)c4c32)o1,,CHEMBL1831066,6.82,=,=,IC50,nM,150.0,IC50,uM,0.15,ChEMBL
CHEMBL1832641,Cc1cccc(-c2c3c(=O)n(C)c(=O)n(C)c3c3n2-c2ccccc2OC3c2ccc(Cl)o2)c1,,CHEMBL1831067,6.43,=,=,IC50,nM,370.0,IC50,uM,0.37,ChEMBL
CHEMBL1832641,Cc1cccc(-c2c3c(=O)n(C)c(=O)n(C)c3c3n2-c2ccccc2OC3c2ccc(C)o2)c1,,CHEMBL1831068,6.22,=,=,IC50,nM,600.0,IC50,uM,0.6,ChEMBL
CHEMBL1832641,Cn1c(=O)c2c(-c3ccccc3)n3c(c2n(C)c1=O)C(c1ccc(Br)o1)Oc1ccc([N+](=O)[O-])cc1-3,,CHEMBL1831069,6.92,=,=,IC50,nM,120.0,IC50,uM,0.12,ChEMBL
CHEMBL1832641,Cc1ccc(C2Oc3ccc([N+](=O)[O-])cc3-n3c(-c4ccccc4)c4c(=O)n(C)c(=O)n(C)c4c32)o1,,CHEMBL1831070,7.00,=,=,IC50,nM,100.0,IC50,uM,0.1,ChEMBL
CHEMBL1832641,Cn1c(=O)c2c(-c3ccccc3)n3c(c2n(C)c1=O)C(c1ccc(Br)o1)Nc1ccc([N+](=O)[O-])cc1-3,,CHEMBL1831071,6.77,=,=,IC50,nM,170.0,IC50,uM,0.17,ChEMBL
CHEMBL1832641,Cc1ccc(C2Oc3cc([N+](=O)[O-])c(Cl)cc3-n3c(-c4ccccc4)c4c(=O)n(C)c(=O)n(C)c4c32)o1,,CHEMBL1831072,6.77,=,=,IC50,nM,170.0,IC50,uM,0.17,ChEMBL
CHEMBL1832641,CCOC(=O)c1ccc2c(c1)-n1c(-c3ccccc3)c3c(=O)n(C)c(=O)n(C)c3c1C(c1ccc(Br)o1)O2,,CHEMBL1831073,7.30,=,=,IC50,nM,50.0,IC50,uM,0.05,ChEMBL
CHEMBL1832641,CCOC(=O)c1ccc2c(c1)-n1c(-c3ccccc3)c3c(=O)n(C)c(=O)n(C)c3c1C(c1ccc(C)o1)O2,,CHEMBL1831074,7.10,=,=,IC50,nM,80.0,IC50,uM,0.08,ChEMBL
CHEMBL1832641,Cn1c(=O)c2c(-c3ccccc3)n3c(c2n(C)c1=O)C(c1ccc(Br)o1)Oc1ccc(C(=O)O)cc1-3,,CHEMBL1831075,7.40,=,=,IC50,nM,40.0,IC50,uM,0.04,ChEMBL
CHEMBL1832642,Cc1ccc(C2Nc3ccccc3-n3c(-c4ccccc4)c4c(=O)n(C)c(=O)n(C)c4c32)o1,,CHEMBL1087004,7.00,=,=,IC50,nM,100.0,IC50,uM,0.1,ChEMBL
CHEMBL1832642,Cn1c(=O)c2c(-c3ccccc3)n3c(c2n(C)c1=O)C(c1ccc(Br)o1)Nc1ccccc1-3,,CHEMBL1831058,7.30,=,=,IC50,nM,50.0,IC50,uM,0.05,ChEMBL
CHEMBL1832642,Cn1c(=O)c2c(-c3ccccc3)n3c(c2n(C)c1=O)C(c1ccc(I)o1)Nc1ccccc1-3,,CHEMBL1831059,7.00,=,=,IC50,nM,100.0,IC50,uM,0.1,ChEMBL
CHEMBL1832642,Cn1c(=O)c2c(-c3ccccc3)n3c(c2n(C)c1=O)C(c1ccc(Br)o1)Oc1ccccc1-3,,CHEMBL1831064,7.05,=,=,IC50,nM,90.0,IC50,uM,0.09,ChEMBL
CHEMBL1832642,Cn1c(=O)c2c(-c3ccccc3)n3c(c2n(C)c1=O)C(c1ccc(Br)o1)Oc1ccc([N+](=O)[O-])cc1-3,,CHEMBL1831069,7.60,=,=,IC50,nM,25.0,IC50,uM,0.025,ChEMBL
CHEMBL1832642,Cc1ccc(C2Oc3ccc([N+](=O)[O-])cc3-n3c(-c4ccccc4)c4c(=O)n(C)c(=O)n(C)c4c32)o1,,CHEMBL1831070,7.60,=,=,IC50,nM,25.0,IC50,uM,0.025,ChEMBL
CHEMBL1832642,CCOC(=O)c1ccc2c(c1)-n1c(-c3ccccc3)c3c(=O)n(C)c(=O)n(C)c3c1C(c1ccc(Br)o1)O2,,CHEMBL1831073,7.60,=,=,IC50,nM,25.0,IC50,uM,0.025,ChEMBL
CHEMBL1832642,Cn1c(=O)c2c(-c3ccccc3)n3c(c2n(C)c1=O)C(c1ccc(Br)o1)Oc1ccc(C(=O)O)cc1-3,,CHEMBL1831075,8.10,=,=,IC50,nM,8.0,IC50,uM,0.008,ChEMBL
CHEMBL1954587,Cc1nc(NC(=O)c2ccc([19F])cc2)sc1-c1csc(Nc2cc(N(C)C)ccc2Cl)n1,,CHEMBL1949981,5.85,=,=,EC50,nM,1400.0,EC50,uM,1.4,ChEMBL
CHEMBL1954587,COc1ccc(Cl)cc1Nc1nc(-c2sc(NC(=O)c3ccc([19F])cc3)nc2C)cs1,,CHEMBL1949982,5.85,=,=,EC50,nM,1400.0,EC50,uM,1.4,ChEMBL
CHEMBL1954587,COc1ccc(Cl)cc1Nc1nc(-c2sc(NC(=O)c3ccccc3)nc2C)cs1,,CHEMBL260775,5.64,=,=,EC50,nM,2300.0,EC50,uM,2.3,ChEMBL
CHEMBL2020568,Cc1cc(C)c2cc(C#N)c(NCCNC(=O)c3cccnc3)nc2c1,,CHEMBL2018577,5.57,=,=,EC50,nM,2700.0,EC50,uM,2.7,ChEMBL
CHEMBL2020568,Cc1cc(C)c2cc(C#N)c(NCCNC(=O)c3ccccn3)nc2c1,,CHEMBL2018576,,,,EC50,,,EC50,,,ChEMBL
CHEMBL2020568,COc1ccccc1C(=O)NCCNc1nc2cc(C)cc(C)c2cc1C#N,,CHEMBL1584217,4.96,=,=,EC50,nM,11000.0,EC50,uM,11.0,ChEMBL
CHEMBL2020568,COc1ccc(C(=O)NCCNc2nc3cc(C)cc(C)c3cc2C#N)cc1,,CHEMBL2018575,5.52,=,=,EC50,nM,3000.0,EC50,uM,3.0,ChEMBL
CHEMBL2020568,COc1cccc(C(=O)NCCNc2nc3cc(C)cc(C)c3cc2C#N)c1,,CHEMBL2018574,5.66,=,=,EC50,nM,2200.0,EC50,uM,2.2,ChEMBL
CHEMBL2020568,Cc1cc(C)c2cc(C#N)c(NCCNC(=O)c3ccncc3)nc2c1,,CHEMBL2018578,5.14,=,=,EC50,nM,7300.0,EC50,uM,7.3,ChEMBL
CHEMBL2020568,Cc1cc(C)c2cc(C#N)c(NCCNC(=O)c3ccccc3)nc2c1,,CHEMBL2018579,,,,EC50,,,EC50,,,ChEMBL
CHEMBL2020568,COc1ccc(C(=O)NCCNc2nc3cc(C)cc(C)c3cc2C#N)c(OC)c1,,CHEMBL2018580,5.38,=,=,EC50,nM,4200.0,EC50,uM,4.2,ChEMBL
CHEMBL2020568,COc1ccc(C(=O)NCCNc2nc3cc(C)cc(C)c3cc2C#N)cc1OC,,CHEMBL2018581,5.82,=,=,EC50,nM,1500.0,EC50,uM,1.5,ChEMBL
CHEMBL2020568,Cc1cc(C)c2cc(C#N)c(NCCNC(=O)c3cnccn3)nc2c1,,CHEMBL2018582,5.17,=,=,EC50,nM,6700.0,EC50,uM,6.7,ChEMBL
CHEMBL2020568,COc1ccc(C(=O)NCCNc2nc3cc(C)cc(C)c3cc2C#N)nc1,,CHEMBL2018583,5.57,=,=,EC50,nM,2700.0,EC50,uM,2.7,ChEMBL
CHEMBL2020568,COc1cccc(OC)c1C(=O)NCCNc1nc2cc(C)cc(C)c2cc1C#N,,CHEMBL2018584,5.43,=,=,EC50,nM,3700.0,EC50,uM,3.7,ChEMBL
CHEMBL2020568,COc1ccccc1C(=O)N1CCN(c2nc3cc(C)cc(C)c3cc2C#N)CC1,,CHEMBL2018585,,,,EC50,,,EC50,,,ChEMBL
CHEMBL2020568,COc1cccc(C(=O)N2CCN(c3nc4cc(C)cc(C)c4cc3C#N)CC2)c1,,CHEMBL1882863,,,,EC50,,,EC50,,,ChEMBL
CHEMBL2020568,COc1ccc(C(=O)N2CCN(c3nc4cc(C)cc(C)c4cc3C#N)CC2)cc1,,CHEMBL1870726,,,,EC50,,,EC50,,,ChEMBL
CHEMBL2020568,Cc1cc(C)c2cc(C#N)c(N3CCN(C(=O)c4ccccn4)CC3)nc2c1,,CHEMBL2018586,,,,EC50,,,EC50,,,ChEMBL
CHEMBL2020568,Cc1cc(C)c2cc(C#N)c(N3CCN(C(=O)c4cccnc4)CC3)nc2c1,,CHEMBL2018587,,,,EC50,,,EC50,,,ChEMBL
CHEMBL2020568,Cc1cc(C)c2cc(C#N)c(N3CCN(C(=O)c4ccncc4)CC3)nc2c1,,CHEMBL2018588,,,,EC50,,,EC50,,,ChEMBL
CHEMBL2020568,COc1ccccc1C(=O)NCCCNc1nc2cc(C)cc(C)c2cc1C#N,,CHEMBL1867725,,,,EC50,,,EC50,,,ChEMBL
CHEMBL2020568,COc1cccc(C(=O)NCCCNc2nc3cc(C)cc(C)c3cc2C#N)c1,,CHEMBL2018589,5.34,=,=,EC50,nM,4600.0,EC50,uM,4.6,ChEMBL
CHEMBL2020568,COc1ccc(C(=O)NCCCNc2nc3cc(C)cc(C)c3cc2C#N)cc1,,CHEMBL2018590,5.37,=,=,EC50,nM,4300.0,EC50,uM,4.3,ChEMBL
CHEMBL2020568,Cc1cc(C)c2cc(C#N)c(NCCCNC(=O)c3ccccn3)nc2c1,,CHEMBL2018591,,,,EC50,,,EC50,,,ChEMBL
CHEMBL2020568,Cc1cc(C)c2cc(C#N)c(NCCCNC(=O)c3cccnc3)nc2c1,,CHEMBL2018592,5.52,=,=,EC50,nM,3000.0,EC50,uM,3.0,ChEMBL
CHEMBL2020568,Cc1cc(C)c2cc(C#N)c(NCCCNC(=O)c3ccncc3)nc2c1,,CHEMBL2018593,5.09,=,=,EC50,nM,8200.0,EC50,uM,8.2,ChEMBL
CHEMBL2073574,Cc1nc(NC(=O)C(C)(C)C)sc1-c1nc(N)sc1-n1cc(-c2ccccc2)nn1,,CHEMBL2069570,5.82,=,=,EC50,nM,1500.0,EC50,uM,1.5,ChEMBL
CHEMBL2073574,CNc1nc(-c2sc(NC(=O)C(C)(C)C)nc2C)c(-n2cc(-c3ccccc3)nn2)s1,,CHEMBL2069571,5.31,=,=,EC50,nM,4900.0,EC50,uM,4.9,ChEMBL
CHEMBL2073574,COc1ccc(Cl)cc1Nc1nc(-c2sc(NC(=O)C(C)(C)C)nc2C)c(-n2cc(-c3ccccc3)nn2)s1,,CHEMBL2069572,6.85,=,=,EC50,nM,140.0,EC50,uM,0.14,ChEMBL
CHEMBL2073574,COc1ccc(Cl)cc1Nc1nc(-c2sc(NC(=O)C(C)(C)C)nc2C)c(-n2cc(CO)nn2)s1,,CHEMBL2069648,5.80,=,=,EC50,nM,1600.0,EC50,uM,1.6,ChEMBL
CHEMBL2073574,COC(=O)c1cn(-c2sc(Nc3cc(Cl)ccc3OC)nc2-c2sc(NC(=O)C(C)(C)C)nc2C)nn1,,CHEMBL2069649,5.34,=,=,EC50,nM,4600.0,EC50,uM,4.6,ChEMBL
CHEMBL2389886,CC(C)N.Cn1c(=O)c2c(-c3ccccc3)n3c(c2n(C)c1=O)[C@H](c1ccc(Br)o1)Oc1ccc(C(=O)O)cc1-3,,CHEMBL2386374,8.40,=,=,IC50,nM,4.0,IC50,nM,4.0,ChEMBL
CHEMBL3300400,C=CCn1cnc2c1N=CN1C2=N[C@](C)(C(=O)O)[C@@H](O)[C@@]1(C)O,,CHEMBL3298812,5.12,=,=,EC50,nM,7500.0,EC50,uM,7.5,ChEMBL
CHEMBL3300400,C=CCn1cnc2c1N=CN1C2=N[C@](C)(C(=O)O)[C@H](O)[C@]1(C)O,,CHEMBL3298813,5.68,=,=,EC50,nM,2100.0,EC50,uM,2.1,ChEMBL
CHEMBL3300405,C=CCn1cnc2c1N=CN1C2=N[C@](C)(C(=O)O)[C@@H](O)[C@@]1(C)O,Outside typical range,CHEMBL3298812,,=,=,EC50,nM,104000.0,EC50,uM,104.0,ChEMBL
CHEMBL3383566,COc1ccc(Cl)cc1Nc1nc(-c2sc(NC(=O)C(C)(C)C)nc2C)cs1,,CHEMBL262627,6.06,=,=,EC50,nM,870.0,EC50,uM,0.87,ChEMBL
CHEMBL3383566,COc1ccc(Cl)cc1Nc1nc(C)c(-c2csc(NC(=O)C(C)(C)C)n2)s1,,CHEMBL521671,,,,EC50,,,EC50,,,ChEMBL
CHEMBL3383566,COc1ccc(Cl)cc1-n1cc(-c2sc(NC(=O)C(C)(C)C)nc2C)[nH]c1=O,,CHEMBL3358690,,,,EC50,,,EC50,,,ChEMBL
CHEMBL3383566,COc1ccc(Cl)cc1Nc1ncc(-c2sc(NC(=O)C(C)(C)C)nc2C)o1,,CHEMBL3358691,6.13,=,=,EC50,nM,740.0,EC50,uM,0.74,ChEMBL
CHEMBL3383566,COc1ccc(Cl)cc1Nc1nnc(-c2csc(NC(=O)C(C)(C)C)n2)o1,,CHEMBL3358692,6.18,=,=,EC50,nM,660.0,EC50,uM,0.66,ChEMBL
CHEMBL3383566,COc1ccc(Cl)cc1Nc1nnc(-c2csc(NC(=O)C(C)(C)C)n2)s1,,CHEMBL3358693,,,,EC50,,,EC50,,,ChEMBL
CHEMBL3383566,COc1ccc(Cl)cc1Nc1nc(-c2nnc(NC(=O)C(C)(C)C)o2)cs1,,CHEMBL3358694,6.23,=,=,EC50,nM,590.0,EC50,uM,0.59,ChEMBL
CHEMBL3368026,COc1ccc(Cl)cc1Nc1nc2c(s1)CCCc1nc(N)sc1-2,,CHEMBL3323398,4.96,=,=,IC50,nM,11000.0,IC50,uM,11.0,ChEMBL
CHEMBL3368026,COc1ccc(Cl)cc1Nc1nc2c(s1)CCCc1nc(NC(=O)C(C)(C)C)sc1-2,,CHEMBL495336,5.64,=,=,IC50,nM,2300.0,IC50,uM,2.3,ChEMBL
CHEMBL3368026,COc1ccc(Cl)cc1Nc1nc2c(s1)CCCc1nc(NC(=O)C3CC3)sc1-2,,CHEMBL3323399,5.05,=,=,IC50,nM,8900.0,IC50,uM,8.9,ChEMBL
CHEMBL3368026,COc1ccc(Cl)cc1Nc1nc2c(s1)CCCc1nc(NC(=O)C(C)C)sc1-2,,CHEMBL3323400,5.24,=,=,IC50,nM,5800.0,IC50,uM,5.8,ChEMBL
CHEMBL3368026,CCC(C)C(=O)Nc1nc2c(s1)-c1nc(Nc3cc(Cl)ccc3OC)sc1CCC2,,CHEMBL3323401,5.18,=,=,IC50,nM,6600.0,IC50,uM,6.6,ChEMBL
CHEMBL3368026,COC(=O)CCC(=O)Nc1nc2c(s1)-c1nc(Nc3cc(Cl)ccc3OC)sc1CCC2,,CHEMBL3323402,5.06,=,=,IC50,nM,8800.0,IC50,uM,8.8,ChEMBL
CHEMBL3368026,COc1ccc(Cl)cc1Nc1nc2c(s1)CCCc1nc(NC(=O)c3ccno3)sc1-2,,CHEMBL3323403,5.32,=,=,IC50,nM,4800.0,IC50,uM,4.8,ChEMBL
CHEMBL3368026,COc1ccc(Cl)cc1Nc1nc2c(s1)CCCCc1nc(N)sc1-2,,CHEMBL3323404,5.04,=,=,IC50,nM,9200.0,IC50,uM,9.2,ChEMBL
CHEMBL3368026,COc1ccc(Cl)cc1Nc1nc2c(s1)CCCCc1nc(NC(=O)C(C)(C)C)sc1-2,,CHEMBL3323405,5.39,=,=,IC50,nM,4100.0,IC50,uM,4.1,ChEMBL
CHEMBL3368026,COc1ccc(Cl)cc1Nc1nc2c(s1)CCCCc1nc(NC(=O)C3CC3)sc1-2,,CHEMBL3323406,5.35,=,=,IC50,nM,4500.0,IC50,uM,4.5,ChEMBL
CHEMBL3368026,COc1ccc(Cl)cc1Nc1nc2c(s1)CCCCc1nc(NC(=O)C(C)C)sc1-2,,CHEMBL3323407,5.06,=,=,IC50,nM,8700.0,IC50,uM,8.7,ChEMBL
CHEMBL3368026,CCC(C)C(=O)Nc1nc2c(s1)-c1nc(Nc3cc(Cl)ccc3OC)sc1CCCC2,,CHEMBL3323408,5.54,=,=,IC50,nM,2900.0,IC50,uM,2.9,ChEMBL
CHEMBL3368026,COC(=O)CCC(=O)Nc1nc2c(s1)-c1nc(Nc3cc(Cl)ccc3OC)sc1CCCC2,,CHEMBL3323409,5.08,=,=,IC50,nM,8300.0,IC50,uM,8.3,ChEMBL
CHEMBL3368026,COc1ccc(Cl)cc1Nc1nc2c(s1)CCCCc1nc(NC(=O)c3ccno3)sc1-2,,CHEMBL3323410,5.18,=,=,IC50,nM,6600.0,IC50,uM,6.6,ChEMBL
CHEMBL3368026,CN(C)c1ccc(Cl)cc1Nc1nc2c(s1)CCCc1nc(NC(=O)C(C)(C)C)sc1-2,,CHEMBL3323411,5.16,=,=,IC50,nM,6900.0,IC50,uM,6.9,ChEMBL
CHEMBL3368026,Cc1cccnc1Nc1nc2c(s1)CCCc1nc(NC(=O)C(C)(C)C)sc1-2,,CHEMBL3323412,5.14,=,=,IC50,nM,7200.0,IC50,uM,7.2,ChEMBL
CHEMBL3368026,CN(C)c1cccc(Nc2nc3c(s2)CCCc2nc(NC(=O)C(C)(C)C)sc2-3)c1,,CHEMBL3323413,5.66,=,=,IC50,nM,2200.0,IC50,uM,2.2,ChEMBL
CHEMBL3368026,COc1ccc([N+](=O)[O-])cc1Nc1nc2c(s1)CCCc1nc(NC(=O)C(C)(C)C)sc1-2,,CHEMBL3323414,5.44,=,=,IC50,nM,3600.0,IC50,uM,3.6,ChEMBL
CHEMBL3368026,CN(C)c1ccc(Cl)cc1Nc1nc2c(s1)CCCCc1nc(NC(=O)C(C)(C)C)sc1-2,,CHEMBL3323415,5.68,=,=,IC50,nM,2100.0,IC50,uM,2.1,ChEMBL
CHEMBL3368026,Cc1cccnc1Nc1nc2c(s1)CCCCc1nc(NC(=O)C(C)(C)C)sc1-2,,CHEMBL3323416,5.28,=,=,IC50,nM,5200.0,IC50,uM,5.2,ChEMBL
CHEMBL3368026,CN(C)c1cccc(Nc2nc3c(s2)CCCCc2nc(NC(=O)C(C)(C)C)sc2-3)c1,,CHEMBL3323417,5.28,=,=,IC50,nM,5200.0,IC50,uM,5.2,ChEMBL
CHEMBL3368026,COc1ccc([N+](=O)[O-])cc1Nc1nc2c(s1)CCCCc1nc(NC(=O)C(C)(C)C)sc1-2,,CHEMBL3323418,6.05,=,=,IC50,nM,900.0,IC50,uM,0.9,ChEMBL
CHEMBL3368026,COc1ccc(Cl)cc1Nc1nc(-c2sc(NC(=O)c3ccccc3)nc2C)cs1,,CHEMBL260775,5.22,=,=,IC50,nM,6000.0,IC50,uM,6.0,ChEMBL
CHEMBL3367481,O=c1cc(-c2ccc(O)cc2)oc2cc(O)cc(O)c12,,CHEMBL28,4.09,=,=,Ki,nM,81000.0,Ki,umol/L,81.0,ChEMBL
CHEMBL3367480,O=c1cc(-c2ccc(O)cc2)oc2cc(O)cc(O)c12,,CHEMBL28,5.05,=,=,EC50,nM,9000.0,EC50,umol/L,9.0,ChEMBL
CHEMBL3385212,CC(C)(C)c1c[nH]c2cc(NC(=O)c3c[nH]c4ccccc4c3=O)ccc12,,CHEMBL3356646,7.38,=,=,EC50,nM,42.0,EC50,nM,42.0,ChEMBL
CHEMBL3385212,CC(C)(C)c1cc2cc[nH]c2cc1NC(=O)c1c[nH]c2ccccc2c1=O,,CHEMBL3357126,7.01,=,=,EC50,nM,97.0,EC50,nM,97.0,ChEMBL
CHEMBL3385212,CC(C)(C)c1ccc(NC(=O)c2c[nH]c3ccccc3c2=O)cc1O,,CHEMBL3357141,8.30,=,=,EC50,nM,5.0,EC50,nM,5.0,ChEMBL
CHEMBL3385212,CC(C)(C)c1cc(F)c(NC(=O)c2c[nH]c3ccccc3c2=O)cc1O,,CHEMBL3357142,7.35,=,=,EC50,nM,45.0,EC50,nM,45.0,ChEMBL
CHEMBL3385212,CC(C)(C)c1cc(C(F)(F)F)c(NC(=O)c2c[nH]c3ccccc3c2=O)cc1O,,CHEMBL3357143,7.66,=,=,EC50,nM,22.0,EC50,nM,22.0,ChEMBL
CHEMBL3385212,CC(C)(C)c1cc(C(C)(C)C)c(NC(=O)c2c[nH]c3ccccc3c2=O)cc1O,,CHEMBL2010601,7.66,=,=,EC50,nM,22.0,EC50,nM,22.0,ChEMBL
CHEMBL3382095,CC(C)(C)c1cc(C(C)(C)C)c(NC(=O)c2c[nH]c3ccccc3c2=O)cc1O,,CHEMBL2010601,8.52,=,=,EC50,nM,3.0,EC50,nM,3.0,ChEMBL
CHEMBL3382095,CC(C)(C)c1cc(C(F)(F)F)c(NC(=O)c2c[nH]c3ccccc3c2=O)cc1O,,CHEMBL3357143,8.52,=,=,EC50,nM,3.0,EC50,nM,3.0,ChEMBL
CHEMBL3382095,CC(C)(C)c1cc(F)c(NC(=O)c2c[nH]c3ccccc3c2=O)cc1O,,CHEMBL3357142,8.70,=,=,EC50,nM,2.0,EC50,nM,2.0,ChEMBL
CHEMBL3382095,CC(C)(C)c1ccc(NC(=O)c2c[nH]c3ccccc3c2=O)cc1O,,CHEMBL3357141,8.52,=,=,EC50,nM,3.0,EC50,nM,3.0,ChEMBL
CHEMBL3382095,CC(C)(C)c1ccc(NC(=O)c2c[nH]c3ccccc3c2=O)cc1F,,CHEMBL3357140,7.00,=,=,EC50,nM,100.0,EC50,uM,0.1,ChEMBL
CHEMBL3382095,CC(C)(C)c1ccc(NC(=O)c2c[nH]c3ccccc3c2=O)cc1,,CHEMBL3357139,7.00,=,=,EC50,nM,100.0,EC50,uM,0.1,ChEMBL
CHEMBL3382095,CC(C)(C)c1ccc(NC(=O)c2c[nH]c3ccccc3c2=O)cc1S(N)(=O)=O,,CHEMBL3357138,5.29,=,=,EC50,nM,5100.0,EC50,uM,5.1,ChEMBL
CHEMBL3382095,CC(C)(C)c1ccc(NC(=O)c2c[nH]c3ccccc3c2=O)cc1CO,,CHEMBL3357136,7.00,=,=,EC50,nM,100.0,EC50,uM,0.1,ChEMBL
CHEMBL3382095,COC(=O)Nc1cc(NC(=O)c2c[nH]c3ccccc3c2=O)ccc1C(C)(C)C,,CHEMBL3357134,5.46,=,=,EC50,nM,3500.0,EC50,uM,3.5,ChEMBL
CHEMBL3382095,CC(C)(C)c1ccc(NC(=O)c2c[nH]c3ccccc3c2=O)cc1N,,CHEMBL3357132,7.00,=,=,EC50,nM,100.0,EC50,uM,0.1,ChEMBL
CHEMBL3382095,CCCc1ccc(NC(=O)c2c[nH]c3ccccc3c2=O)cc1N,,CHEMBL3357131,6.40,=,=,EC50,nM,400.0,EC50,uM,0.4,ChEMBL
CHEMBL3382095,CC(C)c1ccc(NC(=O)c2c[nH]c3ccccc3c2=O)cc1N,,CHEMBL3357130,6.52,=,=,EC50,nM,300.0,EC50,uM,0.3,ChEMBL
CHEMBL3382095,CCc1ccc(NC(=O)c2c[nH]c3ccccc3c2=O)cc1N,,CHEMBL3357129,5.77,=,=,EC50,nM,1700.0,EC50,uM,1.7,ChEMBL
CHEMBL3382095,Cc1ccc(NC(=O)c2c[nH]c3ccccc3c2=O)cc1N,,CHEMBL3357128,5.22,=,=,EC50,nM,6000.0,EC50,uM,6.0,ChEMBL
CHEMBL3382095,Nc1cccc(NC(=O)c2c[nH]c3ccccc3c2=O)c1,,CHEMBL3357127,5.16,=,=,EC50,nM,6900.0,EC50,uM,6.9,ChEMBL
CHEMBL3382095,CC(C)(C)c1cc2cc[nH]c2cc1NC(=O)c1c[nH]c2ccccc2c1=O,,CHEMBL3357126,7.96,=,=,EC50,nM,11.0,EC50,uM,0.011,ChEMBL
CHEMBL3382095,CCc1cc2cc[nH]c2cc1NC(=O)c1c[nH]c2ccccc2c1=O,,CHEMBL3357125,7.70,=,=,EC50,nM,20.0,EC50,uM,0.02,ChEMBL
CHEMBL3382095,CC(C)(C)c1c[nH]c2cc(NC(=O)c3c[nH]c4ccccc4c3=O)ccc12,,CHEMBL3356646,8.05,=,=,EC50,nM,9.0,EC50,uM,0.009,ChEMBL
CHEMBL3382095,CCc1c[nH]c2cc(NC(=O)c3c[nH]c4ccccc4c3=O)ccc12,,CHEMBL3356645,7.00,=,=,EC50,nM,100.0,EC50,uM,0.1,ChEMBL
CHEMBL3382095,O=C(Nc1ccc2cn[nH]c2c1)c1c[nH]c2ccccc2c1=O,,CHEMBL3356638,5.25,=,=,EC50,nM,5600.0,EC50,uM,5.6,ChEMBL
CHEMBL3382095,Cn1ccc2ccc(NC(=O)c3c[nH]c4ccccc4c3=O)cc21,,CHEMBL3356636,5.19,=,=,EC50,nM,6400.0,EC50,uM,6.4,ChEMBL
CHEMBL3382095,O=C(Nc1ccc2c(c1)NCC2)c1c[nH]c2ccccc2c1=O,,CHEMBL3356635,6.40,=,=,EC50,nM,400.0,EC50,uM,0.4,ChEMBL
CHEMBL3382095,O=C(Nc1ccc2cc[nH]c2c1)c1c[nH]c2ccccc2c1=O,,CHEMBL3354673,7.00,=,=,EC50,nM,100.0,EC50,uM,0.1,ChEMBL
CHEMBL3382095,O=C(Nc1ccc2[nH]ccc2c1)c1c[nH]c2ccccc2c1=O,,CHEMBL3356634,5.21,=,=,EC50,nM,6100.0,EC50,uM,6.1,ChEMBL
CHEMBL3382095,O=C(Nc1ccc2ccccc2c1)c1c[nH]c2ccccc2c1=O,,CHEMBL3356633,6.10,=,=,EC50,nM,800.0,EC50,uM,0.8,ChEMBL
CHEMBL3382095,CC(C)c1ccc(NC(=O)c2c[nH]c3ccccc3c2=O)cc1,,CHEMBL3356632,6.70,=,=,EC50,nM,200.0,EC50,uM,0.2,ChEMBL
CHEMBL3382095,CCc1ccc(NC(=O)c2c[nH]c3ccccc3c2=O)cc1,,CHEMBL3356631,6.10,=,=,EC50,nM,800.0,EC50,uM,0.8,ChEMBL
CHEMBL3382095,CC(C)c1ccccc1NC(=O)c1c[nH]c2ccccc2c1=O,,CHEMBL3356630,6.70,=,=,EC50,nM,200.0,EC50,uM,0.2,ChEMBL
CHEMBL3382095,CCc1cccc(CC)c1NC(=O)c1c[nH]c2ccccc2c1=O,,CHEMBL3356629,5.82,=,=,EC50,nM,1500.0,EC50,uM,1.5,ChEMBL
CHEMBL3382095,N#CCc1ccccc1NC(=O)c1c[nH]c2ccccc2c1=O,,CHEMBL3356628,5.07,=,=,EC50,nM,8500.0,EC50,uM,8.5,ChEMBL
CHEMBL3382095,CCc1ccccc1NC(=O)c1c[nH]c2ccccc2c1=O,,CHEMBL3356627,6.70,=,=,EC50,nM,200.0,EC50,uM,0.2,ChEMBL
CHEMBL3382095,O=C(Nc1ccccc1)c1c[nH]c2ccccc2c1=O,,CHEMBL3356626,5.89,=,=,EC50,nM,1300.0,EC50,uM,1.3,ChEMBL
CHEMBL3382095,O=C(c1ccc2ccccc2c1O)N(Cc1ccccc1)Cc1ccccc1,,CHEMBL3356625,5.46,=,=,EC50,nM,3500.0,EC50,uM,3.5,ChEMBL
CHEMBL3382095,O=C(c1cnc2ccccc2c1)N(Cc1ccccc1)Cc1ccccc1,,CHEMBL3356621,4.80,=,=,EC50,nM,16000.0,EC50,uM,16.0,ChEMBL
CHEMBL3382095,O=C(c1c[nH]c2ccccc2c1=O)N(Cc1ccccc1)Cc1ccccc1,,CHEMBL3354672,5.68,=,=,EC50,nM,2100.0,EC50,uM,2.1,ChEMBL
CHEMBL3385211,CC(C)(C)c1cc(C(C)(C)C)c(NC(=O)c2c[nH]c3ccccc3c2=O)cc1O,,CHEMBL2010601,6.63,=,=,EC50,nM,236.0,EC50,uM,0.236,ChEMBL
CHEMBL3378876,O=C(c1c[nH]c2ccccc2c1=O)N(Cc1ccccc1)Cc1ccccc1,,CHEMBL3354672,5.68,=,=,EC50,nM,2100.0,EC50,uM,2.1,ChEMBL
CHEMBL3378876,O=C(Nc1ccc2cc[nH]c2c1)c1c[nH]c2ccccc2c1=O,,CHEMBL3354673,7.00,=,=,EC50,nM,100.0,EC50,uM,0.1,ChEMBL
CHEMBL3378876,CC(C)(C)c1cc(C(C)(C)C)c(NC(=O)c2c[nH]c3ccccc3c2=O)cc1O,,CHEMBL2010601,8.52,=,=,EC50,nM,3.0,EC50,uM,0.003,ChEMBL
CHEMBL3378880,CC(C)(C)c1cc(C(C)(C)C)c(NC(=O)c2c[nH]c3ccccc3c2=O)cc1O,,CHEMBL2010601,6.63,=,=,EC50,nM,236.0,EC50,uM,0.236,ChEMBL
CHEMBL3598551,CSc1cccc(Nc2nc(-c3cc(Cl)cs3)cs2)c1,,CHEMBL3597937,4.82,=,=,EC50,nM,15000.0,EC50,uM,15.0,ChEMBL
CHEMBL3598551,CSc1cccc(Nc2nc(-c3cc(Cl)cc(C(F)(F)F)c3)cs2)c1,,CHEMBL3597929,,,,EC50,,,EC50,,,ChEMBL
CHEMBL3598551,CSc1cccc(Nc2nc(-c3ccc(Cl)c(Cl)c3)cs2)c1,,CHEMBL3597927,,,,EC50,,,EC50,,,ChEMBL
CHEMBL3598551,FC(F)(F)Sc1cccc(Nc2nc(-c3cccc(Cl)c3)cs2)c1,,CHEMBL3597907,4.50,=,=,EC50,nM,32000.0,EC50,uM,32.0,ChEMBL
CHEMBL3598551,CSc1cccc(Nc2nc(-c3sc(-c4ccccc4)nc3C)cs2)c1,,CHEMBL3597889,,,,EC50,,,EC50,,,ChEMBL
CHEMBL3598551,CCOC(=O)c1cc(-c2csc(Nc3cccc(SC)c3)n2)on1,,CHEMBL3597886,4.24,=,=,EC50,nM,58000.0,EC50,uM,58.0,ChEMBL
CHEMBL3598551,CSc1cccc(Nc2nc(-c3nccs3)cs2)c1,,CHEMBL3597884,5.02,=,=,EC50,nM,9500.0,EC50,uM,9.5,ChEMBL
CHEMBL3598551,CSc1cccc(Nc2nc(-c3cccs3)cs2)c1,,CHEMBL3597882,,,,EC50,,,EC50,,,ChEMBL
CHEMBL3598551,CSc1cccc(Nc2nc(-c3ccc4c(c3)OCO4)cs2)c1,,CHEMBL3597875,4.15,=,=,EC50,nM,71000.0,EC50,uM,71.0,ChEMBL
CHEMBL3598551,CSc1cccc(Nc2nc(-c3ccc4[nH]c(=O)oc4c3)cs2)c1,,CHEMBL3597874,5.19,=,=,EC50,nM,6400.0,EC50,uM,6.4,ChEMBL
CHEMBL3598551,CSc1cccc(Nc2nc(-c3ccc(F)c(Br)c3)cs2)c1,,CHEMBL3597865,,,,EC50,,,EC50,,,ChEMBL
CHEMBL3598551,CSc1cccc(Nc2nc(-c3cccc(Cl)c3)cs2)c1,,CHEMBL3597853,4.28,=,=,EC50,nM,53000.0,EC50,uM,53.0,ChEMBL
CHEMBL3598551,CSc1cccc(Nc2nc(-c3ccc(F)cc3)cs2)c1,,CHEMBL3597843,4.57,=,=,EC50,nM,27000.0,EC50,uM,27.0,ChEMBL
CHEMBL3598551,CSc1cccc(Nc2nc(-c3ccc(C#N)cc3)cs2)c1,,CHEMBL3597841,4.47,=,=,EC50,nM,34000.0,EC50,uM,34.0,ChEMBL
CHEMBL3598671,CSc1cccc(Nc2nc(-c3cc(Cl)cs3)cs2)c1,,CHEMBL3597937,,,,EC50,,,EC50,,,ChEMBL
CHEMBL3598671,CSc1cccc(Nc2nc(-c3cc(Cl)cc(C(F)(F)F)c3)cs2)c1,,CHEMBL3597929,,,,EC50,,,EC50,,,ChEMBL
CHEMBL3598671,CSc1cccc(Nc2nc(-c3ccc(Cl)c(Cl)c3)cs2)c1,,CHEMBL3597927,4.85,=,=,EC50,nM,14000.0,EC50,uM,14.0,ChEMBL
CHEMBL3598671,FC(F)(F)Sc1cccc(Nc2nc(-c3cccc(Cl)c3)cs2)c1,,CHEMBL3597907,,,,EC50,,,EC50,,,ChEMBL
CHEMBL3598671,CSc1cccc(Nc2nc(-c3sc(-c4ccccc4)nc3C)cs2)c1,,CHEMBL3597889,5.24,=,=,EC50,nM,5700.0,EC50,uM,5.7,ChEMBL
CHEMBL3598671,CCOC(=O)c1cc(-c2csc(Nc3cccc(SC)c3)n2)on1,,CHEMBL3597886,,,,EC50,,,EC50,,,ChEMBL
CHEMBL3598671,CSc1cccc(Nc2nc(-c3nccs3)cs2)c1,,CHEMBL3597884,,,,EC50,,,EC50,,,ChEMBL
CHEMBL3598671,CSc1cccc(Nc2nc(-c3cccs3)cs2)c1,,CHEMBL3597882,5.07,=,=,EC50,nM,8500.0,EC50,uM,8.5,ChEMBL
CHEMBL3598671,CSc1cccc(Nc2nc(-c3ccc4c(c3)OCO4)cs2)c1,,CHEMBL3597875,,,,EC50,,,EC50,,,ChEMBL
CHEMBL3598671,CSc1cccc(Nc2nc(-c3ccc4[nH]c(=O)oc4c3)cs2)c1,,CHEMBL3597874,,,,EC50,,,EC50,,,ChEMBL
CHEMBL3598671,CSc1cccc(Nc2nc(-c3ccc(F)c(Br)c3)cs2)c1,,CHEMBL3597865,,,,EC50,,,EC50,,,ChEMBL
CHEMBL3598671,CSc1cccc(Nc2nc(-c3cccc(Cl)c3)cs2)c1,,CHEMBL3597853,5.28,=,=,EC50,nM,5300.0,EC50,uM,5.3,ChEMBL
CHEMBL3598671,CSc1cccc(Nc2nc(-c3ccc(F)cc3)cs2)c1,,CHEMBL3597843,,,,EC50,,,EC50,,,ChEMBL
CHEMBL3598671,CSc1cccc(Nc2nc(-c3ccc(C#N)cc3)cs2)c1,,CHEMBL3597841,,,,EC50,,,EC50,,,ChEMBL
CHEMBL3748920,CN(C)CCN1CCN(c2nc(-c3ccccn3)nc3c2CN(CC2CCCCC2)CC3)CC1,,CHEMBL3747604,6.05,=,=,EC50,nM,900.0,EC50,uM,0.9,ChEMBL
CHEMBL3748920,CC(C)c1ccc(CN2CCc3nc(-c4ccccn4)nc(N4CCN(CCN(C)C)CC4)c3C2)cc1,,CHEMBL3747771,6.52,=,=,EC50,nM,300.0,EC50,uM,0.3,ChEMBL
CHEMBL3748920,CN(C)CCN1CCN(c2nc(-c3ccccn3)nc3c2CN(Cc2ccsc2)CC3)CC1,,CHEMBL3746133,6.70,=,=,EC50,nM,200.0,EC50,uM,0.2,ChEMBL
CHEMBL3748920,COc1ccc(CN2CCc3nc(-c4ccccn4)nc(N4CCN(CC(N)=O)CC4)c3C2)cc1,,CHEMBL3746321,5.64,=,=,EC50,nM,2300.0,EC50,uM,2.3,ChEMBL
CHEMBL3748920,COc1ccc(CN2CCc3nc(-c4ccccn4)nc(NCCCn4ccnc4)c3C2)cc1,,CHEMBL3746547,6.70,=,=,EC50,nM,200.0,EC50,uM,0.2,ChEMBL
CHEMBL3748920,COc1ccc(CN2CCc3nc(-c4ccccn4)nc(N4CCC(C(N)=O)CC4)c3C2)cc1,,CHEMBL3747330,5.46,=,=,EC50,nM,3500.0,EC50,uM,3.5,ChEMBL
CHEMBL3748920,COc1ccc(CN2CCc3nc(-c4ccccn4)nc(N4CCN(CCO)CC4)c3C2)cc1,,CHEMBL3746769,6.40,=,=,EC50,nM,400.0,EC50,uM,0.4,ChEMBL
CHEMBL3748920,CN(C)CCN1CCN(c2nc(-c3ccccn3)nc3c2CN(Cc2ccccc2)CC3)CC1,,CHEMBL3747046,5.82,=,=,EC50,nM,1500.0,EC50,uM,1.5,ChEMBL
CHEMBL3748920,CN1CCN(CCCNc2nc(-c3ccccn3)nc3c2CN(Cc2ccccc2)CC3)CC1,,CHEMBL3746756,5.51,=,=,EC50,nM,3100.0,EC50,uM,3.1,ChEMBL
CHEMBL3748920,Cc1ccc(NC(=O)C2(c3ccc4c(c3)OC(F)(F)O4)CC2)nc1-c1cccc(C(=O)O)c1,,CHEMBL2103870,5.58,=,=,EC50,nM,2600.0,EC50,uM,2.6,ChEMBL
CHEMBL3748920,COc1ccc(S(=O)(=O)N2CCN(C(C)c3nc(OC4CCCCC4)c4ccccc4n3)CC2)cc1,,CHEMBL1257047,5.66,=,=,EC50,nM,2200.0,EC50,uM,2.2,ChEMBL
CHEMBL3748920,COc1ccc(Cl)cc1Nc1nc(-c2sc(NC(=O)c3ccccc3)nc2C)cs1,,CHEMBL260775,5.96,=,=,EC50,nM,1100.0,EC50,uM,1.1,ChEMBL
CHEMBL3748920,NC(=O)CN1CCN(c2nc(-c3ccccn3)nc3c2CN(Cc2ccccc2)CC3)CC1,,CHEMBL3747654,5.55,=,=,EC50,nM,2800.0,EC50,uM,2.8,ChEMBL
CHEMBL3748920,NC(=O)C1CCN(c2nc(-c3ccccn3)nc3c2CN(Cc2ccccc2)CC3)CC1,,CHEMBL3746059,5.85,=,=,EC50,nM,1400.0,EC50,uM,1.4,ChEMBL
CHEMBL3748920,OC1CCCN(c2nc(-c3ccccn3)nc3c2CN(Cc2ccccc2)CC3)C1,,CHEMBL3745884,5.55,=,=,EC50,nM,2800.0,EC50,uM,2.8,ChEMBL
CHEMBL3748921,OC1CCCN(c2nc(-c3ccccn3)nc3c2CN(Cc2ccccc2)CC3)C1,,CHEMBL3745884,6.40,=,=,EC50,nM,400.0,EC50,uM,0.4,ChEMBL
CHEMBL3748920,Fc1ccc(CN2CCc3nc(-c4ccccn4)nc(NCCN4CCCC4)c3C2)cc1,,CHEMBL3747159,6.70,=,=,EC50,nM,200.0,EC50,uM,0.2,ChEMBL
CHEMBL3748920,CC(=O)NCCNc1nc(-c2ccccn2)nc2c1CN(Cc1ccc(F)cc1)CC2,,CHEMBL3745927,6.70,=,=,EC50,nM,200.0,EC50,uM,0.2,ChEMBL
CHEMBL3748920,CC(=O)NC1CCN(c2nc(-c3ccccn3)nc3c2CN(Cc2ccc(Cl)cc2)CC3)CC1,,CHEMBL3745838,6.16,=,=,EC50,nM,700.0,EC50,uM,0.7,ChEMBL
CHEMBL3748920,CCN(C(C)=O)C1CCN(c2nc(-c3ccccn3)nc3c2CN(Cc2ccc(OC)cc2)CC3)C1,,CHEMBL3746126,6.52,=,=,EC50,nM,300.0,EC50,uM,0.3,ChEMBL
CHEMBL3748921,CN(C)CCN1CCN(c2nc(-c3ccccn3)nc3c2CN(Cc2ccccc2)CC3)CC1,,CHEMBL3747046,4.93,=,=,EC50,nM,11700.0,EC50,uM,11.7,ChEMBL
CHEMBL3748921,COc1ccc(CN2CCc3nc(-c4ccccn4)nc(N4CCN(CC(N)=O)CC4)c3C2)cc1,,CHEMBL3746321,4.96,=,=,EC50,nM,10900.0,EC50,uM,10.9,ChEMBL
CHEMBL3748921,CC(=O)NC1CCN(c2nc(-c3ccccn3)nc3c2CN(Cc2ccc(Cl)cc2)CC3)CC1,,CHEMBL3745838,5.72,=,=,EC50,nM,1900.0,EC50,uM,1.9,ChEMBL
CHEMBL3748921,CC(=O)NCCNc1nc(-c2ccccn2)nc2c1CN(Cc1ccc(F)cc1)CC2,,CHEMBL3745927,6.40,=,=,EC50,nM,400.0,EC50,uM,0.4,ChEMBL
CHEMBL3748921,Fc1ccc(CN2CCc3nc(-c4ccccn4)nc(NCCN4CCCC4)c3C2)cc1,,CHEMBL3747159,6.30,=,=,EC50,nM,500.0,EC50,uM,0.5,ChEMBL
CHEMBL3880922,CC(C)(C)c1cc2cc(NC(=O)C3(c4ccc5c(c4)CCC5)CC3)ccc2n1C[C@@H](O)CO,,CHEMBL3956217,6.01,=,=,EC50,nM,981.0,EC50,uM,0.981,ChEMBL
CHEMBL3880922,CC(C)(CCOC[C@@H](O)CO)c1cc2cc(NC(=O)C3(c4ccc5c(c4)OC(F)(F)O5)CC3)c(F)cc2n1C[C@@H](O)CO,,CHEMBL3894447,5.51,=,=,EC50,nM,3095.0,EC50,uM,3.095,ChEMBL
CHEMBL3880922,CC(C)(C)c1cc2cc(NC(=O)C3(c4ccc5c(c4)OC(F)(F)O5)CC3)c(F)cc2n1CC[N+](C)(C)C,,CHEMBL3897147,7.42,=,=,EC50,nM,38.1,EC50,uM,0.0381,ChEMBL
CHEMBL3880922,CC(C)(C)c1cc2cc(NC(=O)C3(c4ccc5c(c4)OCO5)CC3)c(F)cc2n1C[C@@H](O)CO,,CHEMBL3923765,7.18,=,=,EC50,nM,65.95,EC50,uM,0.06595,ChEMBL
CHEMBL3880922,CC(C)(CCO)c1cc2cc(NC(=O)C3(c4ccc5c(c4)OC(F)(F)O5)CC3)c(F)cc2n1C[C@@H](O)CO,,CHEMBL3908746,7.09,=,=,EC50,nM,81.75,EC50,uM,0.08175,ChEMBL
CHEMBL3880922,CC(C)(C)c1cc2c(C#N)c(NC(=O)C3(c4ccc5c(c4)OC(F)(F)O5)CC3)ccc2n1CCO,,CHEMBL3898560,6.74,=,=,EC50,nM,181.0,EC50,uM,0.181,ChEMBL
CHEMBL3880922,CC(C)(C)c1cc2c(C#N)c(NC(=O)C3(c4ccc5c(c4)OC(F)(F)O5)CC3)ccc2[nH]1,,CHEMBL3986594,6.55,=,=,EC50,nM,283.5,EC50,uM,0.2835,ChEMBL
CHEMBL3880922,CC1(C)CCn2c1cc1cc(NC(=O)C3(c4ccc5c(c4)OC(F)(F)O5)CC3)c(F)cc12,,CHEMBL3936630,6.64,=,=,EC50,nM,228.5,EC50,uM,0.2285,ChEMBL
CHEMBL3880922,CC(C)(CO)c1cc2cc(NC(=O)C3(c4ccc5c(c4)OC(F)(F)O5)CC3)c(F)cc2n1C[C@@H](O)CO,,CHEMBL3544914,6.57,=,=,EC50,nM,272.0,EC50,uM,0.272,ChEMBL
CHEMBL3880922,CC(C)(CCOC[C@@H](O)CO)c1cc2cc(NC(=O)C3(c4ccc5c(c4)OC(F)(F)O5)CC3)c(F)cc2[nH]1,,CHEMBL3933231,6.54,=,=,EC50,nM,285.0,EC50,uM,0.285,ChEMBL
CHEMBL3880922,COc1ccc(C2(C(=O)Nc3ccc4[nH]c(C(C)(C)C)cc4c3)CC2(C)C)cc1,,CHEMBL3910383,5.34,=,=,EC50,nM,4525.0,EC50,uM,4.525,ChEMBL
CHEMBL3880922,COc1ccc(C2(C(=O)Nc3ccc4c(c3)cc(C(C)(C)C)n4C[C@@H](O)CO)CC2(C)C)cc1,,CHEMBL3948182,7.41,=,=,EC50,nM,39.05,EC50,uM,0.03905,ChEMBL
CHEMBL3880922,CC(C)(CO)c1cc2cc(NC(=O)C3(c4ccc5c(c4)OC(F)(F)O5)CC3)c(F)cc2[nH]1,,CHEMBL3897640,5.37,=,=,EC50,nM,4315.0,EC50,uM,4.315,ChEMBL
CHEMBL3880922,CC(C)(C)c1cc2cc(NC(=O)C3(c4ccc(O)c(O)c4)CC3)ccc2n1C[C@@H](O)CO,,CHEMBL3979390,5.74,=,=,EC50,nM,1810.0,EC50,uM,1.81,ChEMBL
CHEMBL3998784,CCN(CC)c1nc(Nc2ccc(F)cc2)nc(OCC(F)(F)C(F)F)n1,,CHEMBL4097540,5.32,=,=,EC50,nM,4800.0,EC50,uM,4.8,ChEMBL
CHEMBL3998784,CCN(CC)c1nc(Nc2ccc(C(=O)O)cc2)nc(OCC(F)(F)C(F)F)n1,,CHEMBL4074144,5.60,=,=,EC50,nM,2500.0,EC50,uM,2.5,ChEMBL
CHEMBL3998784,CCN(CC)c1nc(Nc2ccccc2)nc(OC(C(F)(F)F)C(F)(F)F)n1,,CHEMBL4100901,6.62,=,=,EC50,nM,240.0,EC50,uM,0.24,ChEMBL
CHEMBL3998784,CCN(CC)c1nc(Nc2ccc([N+](=O)[O-])cc2)nc(OC(C(F)(F)F)C(F)(F)F)n1,,CHEMBL4065523,4.75,=,=,EC50,nM,18000.0,EC50,uM,18.0,ChEMBL
CHEMBL3998784,CCN(CC)c1nc(Nc2ccc(F)cc2)nc(OC(C(F)(F)F)C(F)(F)F)n1,,CHEMBL4093184,6.16,=,=,EC50,nM,700.0,EC50,uM,0.7,ChEMBL
CHEMBL3998784,CCN(CC)c1nc(Nc2ccc(C(=O)O)cc2)nc(OC(C(F)(F)F)C(F)(F)F)n1,,CHEMBL4092200,6.05,=,=,EC50,nM,900.0,EC50,uM,0.9,ChEMBL
CHEMBL3998784,CCN(CC)c1nc(Nc2cccc([N+](=O)[O-])c2)nc(OCC(F)(F)C(F)F)n1,,CHEMBL4071412,5.92,=,=,EC50,nM,1200.0,EC50,uM,1.2,ChEMBL
CHEMBL3998784,CCN(CC)c1nc(Nc2cccc(Cl)c2)nc(OCC(F)(F)C(F)F)n1,,CHEMBL4084446,5.27,=,=,EC50,nM,5400.0,EC50,uM,5.4,ChEMBL
CHEMBL3998784,CCN(CC)c1nc(Nc2cccc(F)c2)nc(OCC(F)(F)C(F)F)n1,,CHEMBL4062768,5.80,=,=,EC50,nM,1600.0,EC50,uM,1.6,ChEMBL
CHEMBL3998784,CCN(CC)c1nc(Nc2cccc(C(=O)O)c2)nc(OCC(F)(F)C(F)F)n1,,CHEMBL4096577,6.30,=,=,EC50,nM,500.0,EC50,uM,0.5,ChEMBL
CHEMBL3998784,CCN(CC)c1nc(Nc2cccc([N+](=O)[O-])c2)nc(OC(C(F)(F)F)C(F)(F)F)n1,,CHEMBL4078552,6.70,=,=,EC50,nM,200.0,EC50,uM,0.2,ChEMBL
CHEMBL3998784,CCN(CC)c1nc(Nc2cccc(Cl)c2)nc(OC(C(F)(F)F)C(F)(F)F)n1,,CHEMBL4070356,5.55,=,=,EC50,nM,2800.0,EC50,uM,2.8,ChEMBL
CHEMBL3998784,CCN(CC)c1nc(Nc2cccc(F)c2)nc(OC(C(F)(F)F)C(F)(F)F)n1,,CHEMBL4097536,6.85,=,=,EC50,nM,140.0,EC50,uM,0.14,ChEMBL
CHEMBL3998784,CCN(CC)c1nc(Nc2cccc(C(=O)O)c2)nc(OC(C(F)(F)F)C(F)(F)F)n1,,CHEMBL4080996,6.80,=,=,EC50,nM,160.0,EC50,uM,0.16,ChEMBL
CHEMBL3998784,CCN(CC)c1nc(Nc2ccccc2)nc(OCC(F)(F)C(F)F)n1,,CHEMBL4070362,5.70,=,=,EC50,nM,2000.0,EC50,uM,2.0,ChEMBL
CHEMBL3998784,CCN(CC)c1nc(Nc2ccc3cn[nH]c3c2)nc(OC(C(F)(F)F)C(F)(F)F)n1,,CHEMBL4067285,6.05,=,=,EC50,nM,900.0,EC50,uM,0.9,ChEMBL
CHEMBL3998784,CCN(CC)c1nc(Nc2ccc3[nH]ncc3c2)nc(OC(C(F)(F)F)C(F)(F)F)n1,,CHEMBL4094736,5.55,=,=,EC50,nM,2800.0,EC50,uM,2.8,ChEMBL
CHEMBL3998784,CCN(CC)c1nc(Nc2ccc3ncoc3c2)nc(OC(C(F)(F)F)C(F)(F)F)n1,,CHEMBL4104898,6.82,=,=,EC50,nM,150.0,EC50,uM,0.15,ChEMBL
CHEMBL3998784,CCN(CC)c1nc(Nc2ccc3ncsc3c2)nc(OC(C(F)(F)F)C(F)(F)F)n1,,CHEMBL4087035,7.30,=,=,EC50,nM,50.0,EC50,uM,0.05,ChEMBL
CHEMBL3998784,CNc1nc(Nc2ccccc2)nc(OC(C(F)(F)F)C(F)(F)F)n1,,CHEMBL4097188,6.92,=,=,EC50,nM,120.0,EC50,uM,0.12,ChEMBL
CHEMBL3998784,CNc1nc(Nc2ccccc2)nc(OCC(F)(F)C(F)F)n1,,CHEMBL4079174,7.40,=,=,EC50,nM,40.0,EC50,uM,0.04,ChEMBL
CHEMBL3998786,CCN(CC)c1nc(Nc2ccc3ncsc3c2)nc(OC(C(F)(F)F)C(F)(F)F)n1,,CHEMBL4087035,7.52,=,=,EC50,nM,30.0,EC50,nM,30.0,ChEMBL
CHEMBL3998786,CNc1nc(Nc2ccccc2)nc(OCC(F)(F)C(F)F)n1,,CHEMBL4079174,7.51,=,=,EC50,nM,31.0,EC50,nM,31.0,ChEMBL
CHEMBL4009583,Nc1ccc([N+](=O)[O-])cc1-c1nc2ccccc2n(Cc2ccccc2)c1=O,,CHEMBL4086433,6.70,=,=,EC50,nM,200.0,EC50,nM,200.0,ChEMBL
CHEMBL4009583,COC(=O)c1ccc([N+](=O)[O-])c(-c2nc3ccccc3n(Cc3ccccc3)c2=O)c1,,CHEMBL4064970,5.00,=,=,EC50,nM,9900.0,EC50,uM,9.9,ChEMBL
CHEMBL4009583,O=C(O)c1ccc([N+](=O)[O-])c(-c2nc3ccccc3n(Cc3ccccc3)c2=O)c1,,CHEMBL4089825,,>,>,EC50,nM,10000.0,EC50,uM,10.0,ChEMBL
CHEMBL4009583,O=c1c(-c2cccc([N+](=O)[O-])c2)nc2ccccc2n1Cc1ccccc1,,CHEMBL4068723,8.05,=,=,EC50,nM,9.0,EC50,uM,0.009,ChEMBL
CHEMBL4009583,O=c1c(-c2ccccc2[N+](=O)[O-])nc2ccccc2n1Cc1ccccc1,,CHEMBL4103866,6.00,=,=,EC50,nM,1000.0,EC50,uM,1.0,ChEMBL
CHEMBL4009583,O=c1c(-c2ccc([N+](=O)[O-])cc2)nc2ccccc2n1Cc1ccccc1,,CHEMBL4085942,6.00,=,=,EC50,nM,1000.0,EC50,uM,1.0,ChEMBL
CHEMBL4009583,O=c1c(-c2ccc(C(F)(F)F)cc2)nc2ccccc2n1Cc1ccccc1,,CHEMBL4066115,6.00,=,=,EC50,nM,1000.0,EC50,uM,1.0,ChEMBL
CHEMBL4009583,O=c1c(-c2cccc(Br)c2)nc2ccccc2n1Cc1ccccc1,,CHEMBL4093693,6.48,=,=,EC50,nM,330.0,EC50,uM,0.33,ChEMBL
CHEMBL4009583,O=c1c(-c2ccccc2)nc2ccccc2n1Cc1ccccc1,,CHEMBL4074724,5.30,=,=,EC50,nM,5000.0,EC50,uM,5.0,ChEMBL
CHEMBL4009583,O=c1c(-c2ccc(F)c([N+](=O)[O-])c2)nc2ccccc2n1Cc1ccccc1,,CHEMBL4101412,6.16,=,=,EC50,nM,690.0,EC50,uM,0.69,ChEMBL
CHEMBL4009583,COC(=O)c1ccc(N)c(-c2nc3ccccc3n(Cc3ccccc3)c2=O)c1,,CHEMBL4084994,6.26,=,=,EC50,nM,550.0,EC50,uM,0.55,ChEMBL
CHEMBL4009583,Nc1ccc(C(=O)O)cc1-c1nc2ccccc2n(Cc2ccccc2)c1=O,,CHEMBL4063348,,>,>,EC50,nM,10000.0,EC50,uM,10.0,ChEMBL
CHEMBL4009583,N#Cc1cccc(-c2nc3ccccc3n(Cc3ccccc3)c2=O)c1,,CHEMBL4069832,6.00,=,=,EC50,nM,1000.0,EC50,uM,1.0,ChEMBL
CHEMBL4009583,O=c1c(-c2ccc3nonc3c2)nc2ccccc2n1Cc1ccccc1,,CHEMBL4097026,7.75,=,=,EC50,nM,18.0,EC50,uM,0.018,ChEMBL
CHEMBL4009583,O=c1c(-c2cccc([N+](=O)[O-])c2)nc2ccc(Cl)cc2n1Cc1ccccc1,,CHEMBL4061323,6.12,=,=,EC50,nM,760.0,EC50,uM,0.76,ChEMBL
CHEMBL4009583,O=c1c(-c2cccc([N+](=O)[O-])c2)nc2cc(Cl)ccc2n1Cc1ccccc1,,CHEMBL4083185,7.16,=,=,EC50,nM,70.0,EC50,uM,0.07,ChEMBL
CHEMBL4009583,O=c1c(-c2cccc([N+](=O)[O-])c2)nc2c(Cl)cccc2n1Cc1ccccc1,,CHEMBL4099611,6.96,=,=,EC50,nM,110.0,EC50,uM,0.11,ChEMBL
CHEMBL4009583,O=c1c(-c2cccc([N+](=O)[O-])c2)nc2cc(Cl)c(Cl)cc2n1Cc1ccccc1,,CHEMBL4072713,,>,>,EC50,nM,10000.0,EC50,uM,10.0,ChEMBL
CHEMBL4009583,O=c1c(-c2cccc([N+](=O)[O-])c2)nc2ccc(Br)cc2n1Cc1ccccc1,,CHEMBL4091878,,,,EC50,,,EC50,,,ChEMBL
CHEMBL4009583,O=c1c(-c2cccc([N+](=O)[O-])c2)nc2cc(Br)ccc2n1Cc1ccccc1,,CHEMBL4064125,7.20,=,=,EC50,nM,63.0,EC50,uM,0.063,ChEMBL
CHEMBL4009583,O=c1c(-c2cccc([N+](=O)[O-])c2)nc2cc(F)c(F)cc2n1Cc1ccccc1,,CHEMBL4084118,,>,>,EC50,nM,10000.0,EC50,uM,10.0,ChEMBL
CHEMBL4009583,Cc1cccc2nc(-c3cccc([N+](=O)[O-])c3)c(=O)n(Cc3ccccc3)c12,,CHEMBL4102104,,>,>,EC50,nM,10000.0,EC50,uM,10.0,ChEMBL
CHEMBL4009583,Cc1cc2nc(-c3cccc([N+](=O)[O-])c3)c(=O)n(Cc3ccccc3)c2cc1C,,CHEMBL4096257,,>,>,EC50,nM,10000.0,EC50,uM,10.0,ChEMBL
CHEMBL4009583,O=c1[nH]c2ccccc2nc1-c1cccc([N+](=O)[O-])c1,,CHEMBL4068990,,>,>,EC50,nM,10000.0,EC50,uM,10.0,ChEMBL
CHEMBL4009583,Cn1c(=O)c(-c2cccc([N+](=O)[O-])c2)nc2ccccc21,,CHEMBL4082320,,>,>,EC50,nM,10000.0,EC50,uM,10.0,ChEMBL
CHEMBL4009583,CCn1c(=O)c(-c2cccc([N+](=O)[O-])c2)nc2ccccc21,,CHEMBL4060418,7.19,=,=,EC50,nM,65.0,EC50,uM,0.065,ChEMBL
CHEMBL4009583,CCCn1c(=O)c(-c2cccc([N+](=O)[O-])c2)nc2ccccc21,,CHEMBL4071817,6.75,=,=,EC50,nM,177.0,EC50,uM,0.177,ChEMBL
CHEMBL4009583,C=CCn1c(=O)c(-c2cccc([N+](=O)[O-])c2)nc2ccccc21,,CHEMBL4098817,7.26,=,=,EC50,nM,55.0,EC50,uM,0.055,ChEMBL
CHEMBL4009583,O=c1c(-c2cccc([N+](=O)[O-])c2)nc2ccccc2n1Cc1cccc2ccccc12,,CHEMBL4063191,,,,EC50,,,EC50,,,ChEMBL
CHEMBL4009583,O=c1c(-c2cccc([N+](=O)[O-])c2)nc2ccccc2n1Cc1ccc2ccccc2c1,,CHEMBL4091072,5.37,=,=,EC50,nM,4300.0,EC50,uM,4.3,ChEMBL
CHEMBL4009583,O=c1c(-c2cccc([N+](=O)[O-])c2)nc2ccccc2n1Cc1ccccn1,,CHEMBL4101279,7.28,=,=,EC50,nM,52.0,EC50,uM,0.052,ChEMBL
CHEMBL4009583,O=c1c(-c2cccc([N+](=O)[O-])c2)nc2ccccc2n1Cc1ccco1,,CHEMBL4083281,7.70,=,=,EC50,nM,20.0,EC50,uM,0.02,ChEMBL
CHEMBL4009583,O=c1c(-c2cccc([N+](=O)[O-])c2)nc2ccccc2n1Cc1cccs1,,CHEMBL4071923,8.00,=,=,EC50,nM,10.0,EC50,uM,0.01,ChEMBL
CHEMBL4009583,CC(=O)Nc1ccc([N+](=O)[O-])cc1-c1nc2cccc3c2n(c1=O)CCO3,,CHEMBL4077230,6.09,=,=,EC50,nM,820.0,EC50,uM,0.82,ChEMBL
CHEMBL4009583,Nc1ccc([N+](=O)[O-])cc1-c1nc2cccc3c2n(c1=O)C(c1ccccc1)CO3,,CHEMBL4071179,,>,>,EC50,nM,10000.0,EC50,uM,10.0,ChEMBL
CHEMBL4009583,Fc1ccc2nc3n(Cc4ccccc4)c4ccc(C(F)(F)F)cc4nc-3c2c1,,CHEMBL4092001,,>,>,EC50,nM,10000.0,EC50,uM,10.0,ChEMBL
CHEMBL4009583,O=[N+]([O-])c1ccc2nc3n(Cc4ccccc4)c4ccc(C(F)(F)F)cc4nc-3c2c1,,CHEMBL4081731,,>,>,EC50,nM,10000.0,EC50,uM,10.0,ChEMBL
CHEMBL4009584,O=c1c(-c2cccc([N+](=O)[O-])c2)nc2ccccc2n1Cc1ccccc1,,CHEMBL4068723,7.68,=,=,EC50,nM,21.0,EC50,nM,21.0,ChEMBL
CHEMBL4009584,O=c1c(-c2cccc([N+](=O)[O-])c2)nc2ccccc2n1Cc1cccs1,,CHEMBL4071923,7.16,=,=,EC50,nM,70.0,EC50,nM,70.0,ChEMBL
CHEMBL4022894,COc1ccc2c(c1)O[C@@H](c1cccc(C(=O)O)c1)C[C@H]2NC(=O)C1(c2ccc3c(c2)OC(F)(F)O3)CC1,,CHEMBL4085871,6.64,=,=,EC50,nM,230.0,EC50,uM,0.23,ChEMBL
CHEMBL4022894,O=C(NC1C[C@H](c2cccc(CO)c2)Oc2ccccc21)C1(c2ccc3c(c2)OC(F)(F)O3)CC1,,CHEMBL4094248,5.80,=,=,EC50,nM,1600.0,EC50,uM,1.6,ChEMBL
CHEMBL4022894,COc1ccc2c(c1)O[C@@H](c1ccc(OC)c(OC)c1)C[C@H]2NC(=O)C1(c2ccc3c(c2)OC(F)(F)O3)CC1,,CHEMBL4093612,6.89,=,=,EC50,nM,130.0,EC50,uM,0.13,ChEMBL
CHEMBL4022894,COc1ccc2c(c1)O[C@H](c1ccc(OC)c(OC)c1)C[C@@H]2NC(=O)C1(c2ccc3c(c2)OC(F)(F)O3)CC1,,CHEMBL4066040,6.00,=,=,EC50,nM,1000.0,EC50,uM,1.0,ChEMBL
CHEMBL4022894,COc1ccc2c(c1)OC(c1ccc(OC)c(OC)c1)CC2NC(=O)C1(c2ccc3c(c2)OC(F)(F)O3)CC1,,CHEMBL4101344,6.70,=,=,EC50,nM,200.0,EC50,uM,0.2,ChEMBL
CHEMBL4022894,COc1ccc2c(c1)OC(c1ccccc1)CC2NC(=O)C1(c2ccc3c(c2)OC(F)(F)O3)CC1,,CHEMBL4074654,6.35,=,=,EC50,nM,450.0,EC50,uM,0.45,ChEMBL
CHEMBL4022894,O=C(NC1CC(c2ccc(Cl)cc2)Oc2ccccc21)C1(c2ccc3c(c2)OC(F)(F)O3)CC1,,CHEMBL4102835,6.03,=,=,EC50,nM,940.0,EC50,uM,0.94,ChEMBL
CHEMBL4022894,O=C(NC1CC(c2cccc(Cl)c2)Oc2ccccc21)C1(c2ccc3c(c2)OC(F)(F)O3)CC1,,CHEMBL4078555,5.41,=,=,EC50,nM,3900.0,EC50,uM,3.9,ChEMBL
CHEMBL4022894,O=C(NC1CC(c2ccccc2Cl)Oc2ccccc21)C1(c2ccc3c(c2)OC(F)(F)O3)CC1,,CHEMBL4064946,4.96,=,=,EC50,nM,11000.0,EC50,uM,11.0,ChEMBL
CHEMBL4022894,O=C(NC1CC(c2ccc(F)cc2)Oc2ccccc21)C1(c2ccc3c(c2)OC(F)(F)O3)CC1,,CHEMBL4086410,5.60,=,=,EC50,nM,2500.0,EC50,uM,2.5,ChEMBL
CHEMBL4022894,O=C(NC1CC(c2ccccc2)Oc2ccccc21)C1(c2ccc3c(c2)OC(F)(F)O3)CC1,,CHEMBL4073541,5.60,=,=,EC50,nM,2500.0,EC50,uM,2.5,ChEMBL
CHEMBL4022894,O=C(N[C@@H]1CC(CF)(CF)Oc2cc(F)ccc21)C1(c2ccc3c(c2)OC(F)(F)O3)CC1,,CHEMBL4094173,5.37,=,=,EC50,nM,4300.0,EC50,uM,4.3,ChEMBL
CHEMBL4022894,CC1(C)C[C@@H](NC(=O)C2(c3ccc4c(c3)OC(F)(F)O4)CC2)c2ccc(F)c(Cl)c2O1,,CHEMBL4083915,5.64,=,=,EC50,nM,2300.0,EC50,uM,2.3,ChEMBL
CHEMBL4022894,CC1(C)C[C@H](NC(=O)C2(c3ccc4c(c3)OC(F)(F)O4)CC2)c2cc(F)ccc2O1,,CHEMBL4101906,,>,>,EC50,nM,20000.0,EC50,uM,20.0,ChEMBL
CHEMBL4022894,CC1(C)C[C@@H](NC(=O)C2(c3ccc4c(c3)OC(F)(F)O4)CC2)c2ccc(F)cc2O1,,CHEMBL4091682,5.57,=,=,EC50,nM,2700.0,EC50,uM,2.7,ChEMBL
CHEMBL4022897,COc1ccc2c(c1)O[C@@H](c1ccc(OC)c(OC)c1)C[C@H]2NC(=O)C1(c2ccc3c(c2)OC(F)(F)O3)CC1,,CHEMBL4093612,7.55,=,=,EC50,nM,28.0,EC50,uM,0.028,ChEMBL
CHEMBL4022897,O=C(NC1C[C@H](c2cccc(CO)c2)Oc2ccccc21)C1(c2ccc3c(c2)OC(F)(F)O3)CC1,,CHEMBL4094248,6.12,=,=,EC50,nM,750.0,EC50,uM,0.75,ChEMBL
CHEMBL4022897,COc1ccc2c(c1)O[C@@H](c1cccc(C(=O)O)c1)C[C@H]2NC(=O)C1(c2ccc3c(c2)OC(F)(F)O3)CC1,,CHEMBL4085871,6.62,=,=,EC50,nM,240.0,EC50,uM,0.24,ChEMBL
CHEMBL4022897,COc1ccc2c(c1)[C@H](NC(=O)C1(c3ccc4c(c3)OC(F)(F)O4)CC1)C[C@H](c1cccc(C(=O)O)c1)O2,,CHEMBL4096042,6.68,=,=,EC50,nM,210.0,EC50,uM,0.21,ChEMBL
CHEMBL4022897,O=C(O)c1cccc([C@H]2C[C@@H](NC(=O)C3(c4ccc5c(c4)OC(F)(F)O5)CC3)c3ccc(F)cc3O2)c1,,CHEMBL4077999,6.96,=,=,EC50,nM,110.0,EC50,uM,0.11,ChEMBL
CHEMBL4022897,O=C(O)c1cccc([C@H]2C[C@@H](NC(=O)C3(c4ccc5c(c4)OC(F)(F)O5)CC3)c3ccc(C(F)(F)F)cc3O2)c1,,CHEMBL4067042,7.06,=,=,EC50,nM,87.0,EC50,uM,0.087,ChEMBL
CHEMBL4022897,O=C(O)c1cccc([C@H]2C[C@@H](NC(=O)C3(c4ccc5c(c4)OC(F)(F)O5)CC3)c3ccc(OC(F)F)cc3O2)c1,,CHEMBL4093771,7.12,=,=,EC50,nM,75.0,EC50,uM,0.075,ChEMBL
CHEMBL4022897,COc1ccc2c(c1)O[C@@H](c1ccc(C(=O)O)cc1)C[C@H]2NC(=O)C1(c2ccc3c(c2)OC(F)(F)O3)CC1,,CHEMBL4066196,8.05,=,=,EC50,nM,9.0,EC50,uM,0.009,ChEMBL
CHEMBL4022897,O=C(O)c1ccc([C@H]2C[C@@H](NC(=O)C3(c4ccc5c(c4)OC(F)(F)O5)CC3)c3ccc(OC(F)F)cc3O2)cc1,,CHEMBL4101487,8.30,=,=,EC50,nM,5.0,EC50,uM,0.005,ChEMBL
CHEMBL4026938,CC1(C)Cc2c(sc(NC(=O)[C@@H](O)C(C)(C)C)c2C(N)=O)C(C)(C)O1,,CHEMBL4102980,6.38,=,=,EC50,nM,421.0,EC50,nM,421.0,ChEMBL
CHEMBL4026938,CC1(C)Cc2c(sc(NC(=O)[C@H](O)C(C)(C)C)c2C(N)=O)C(C)(C)O1,,CHEMBL4077574,5.11,=,=,EC50,nM,7777.0,EC50,nM,7777.0,ChEMBL
CHEMBL4026938,CC(C)(C)CC(O)C(=O)Nc1sc2c(c1C(N)=O)CC(C)(C)OC2(C)C,,CHEMBL4084934,6.01,=,=,EC50,nM,981.0,EC50,nM,981.0,ChEMBL
CHEMBL4026938,CC1(C)Cc2c(sc(NC(=O)c3[nH]ncc3Cl)c2C(N)=O)C(C)(C)O1,,CHEMBL4066158,7.09,=,=,EC50,nM,81.0,EC50,nM,81.0,ChEMBL
CHEMBL4026938,Cc1cn[nH]c1C(=O)Nc1sc2c(c1C(N)=O)CC(C)(C)OC2(C)C,,CHEMBL4087529,6.91,=,=,EC50,nM,123.0,EC50,nM,123.0,ChEMBL
CHEMBL4026938,CC1(C)Cc2c(sc(NC(=O)c3cc(C(F)(F)F)n[nH]3)c2C(N)=O)C(C)(C)O1,,CHEMBL4103906,6.89,=,=,EC50,nM,130.0,EC50,nM,130.0,ChEMBL
CHEMBL4026938,Cc1cc(C(=O)Nc2sc3c(c2C(N)=O)CC(C)(C)OC3(C)C)[nH]n1,,CHEMBL4079652,6.23,=,=,EC50,nM,590.0,EC50,nM,590.0,ChEMBL
CHEMBL4026938,Cc1n[nH]c(C(=O)Nc2sc3c(c2C(N)=O)CC(C)(C)OC3(C)C)c1Cl,,CHEMBL4076873,6.70,=,=,EC50,nM,199.0,EC50,nM,199.0,ChEMBL
CHEMBL4026941,CC1(C)Cc2c(sc(NC(=O)c3ccn[nH]3)c2C(N)=O)C(C)(C)O1,,CHEMBL4075348,6.74,=,=,EC50,nM,181.0,EC50,nM,181.0,ChEMBL
CHEMBL4026938,CC1Cc2c(sc(NC(=O)c3ccccc3O)c2C(N)=O)C(C)O1,,CHEMBL4104967,6.63,=,=,EC50,nM,236.0,EC50,nM,236.0,ChEMBL
CHEMBL4026938,CC1(C)Cc2c(sc(NC(=O)c3ccccc3O)c2C(N)=O)C(C)(C)O1,,CHEMBL4059736,6.79,=,=,EC50,nM,162.0,EC50,nM,162.0,ChEMBL
CHEMBL4026938,CC1(C)Cc2c(sc(NC(=O)c3ccn[nH]3)c2C(N)=O)C(C)(C)O1,,CHEMBL4075348,6.47,=,=,EC50,nM,339.0,EC50,nM,339.0,ChEMBL
CHEMBL4026938,CC1(C)Cc2c(sc(NC(=O)C3(CO)CC3)c2C(N)=O)C(C)(C)O1,,CHEMBL4083374,5.88,=,=,EC50,nM,1320.0,EC50,nM,1320.0,ChEMBL
CHEMBL4026938,CC1(C)Cc2c(sc(NC(=O)c3ccccc3O)c2C(N)=O)CO1,,CHEMBL4087115,6.31,=,=,EC50,nM,490.0,EC50,nM,490.0,ChEMBL
CHEMBL4026938,NC(=O)c1c(NC(=O)c2ccccc2Cl)sc2c1CCCC2,,CHEMBL210832,,>,>,EC50,nM,10000.0,EC50,uM,10.0,ChEMBL
CHEMBL4026938,CC(C)(C)c1cc(C(C)(C)C)c(NC(=O)c2c[nH]c3ccccc3c2=O)cc1O,,CHEMBL2010601,5.89,=,=,EC50,nM,1300.0,EC50,nM,1300.0,ChEMBL
CHEMBL4026937,Cc1n[nH]c(C(=O)Nc2sc3c(c2C(N)=O)CC(C)(C)OC3(C)C)c1Cl,,CHEMBL4076873,7.96,=,=,EC50,nM,11.0,EC50,nM,11.0,ChEMBL
CHEMBL4026937,Cc1cc(C(=O)Nc2sc3c(c2C(N)=O)CC(C)(C)OC3(C)C)[nH]n1,,CHEMBL4079652,7.89,=,=,EC50,nM,13.0,EC50,nM,13.0,ChEMBL
CHEMBL4026937,CC1(C)Cc2c(sc(NC(=O)c3cc(C(F)(F)F)n[nH]3)c2C(N)=O)C(C)(C)O1,,CHEMBL4103906,8.52,=,=,EC50,nM,3.0,EC50,nM,3.0,ChEMBL
CHEMBL4026937,Cc1cn[nH]c1C(=O)Nc1sc2c(c1C(N)=O)CC(C)(C)OC2(C)C,,CHEMBL4087529,8.70,=,=,EC50,nM,2.0,EC50,nM,2.0,ChEMBL
CHEMBL4026937,CC1(C)Cc2c(sc(NC(=O)c3[nH]ncc3Cl)c2C(N)=O)C(C)(C)O1,,CHEMBL4066158,8.70,=,=,EC50,nM,2.0,EC50,nM,2.0,ChEMBL
CHEMBL4026937,CC(C)(C)CC(O)C(=O)Nc1sc2c(c1C(N)=O)CC(C)(C)OC2(C)C,,CHEMBL4084934,9.27,=,=,EC50,nM,0.54,EC50,nM,0.54,ChEMBL
CHEMBL4026937,CC1(C)Cc2c(sc(NC(=O)[C@H](O)C(C)(C)C)c2C(N)=O)C(C)(C)O1,,CHEMBL4077574,6.90,=,=,EC50,nM,127.0,EC50,nM,127.0,ChEMBL
CHEMBL4026937,CC1(C)Cc2c(sc(NC(=O)[C@@H](O)C(C)(C)C)c2C(N)=O)C(C)(C)O1,,CHEMBL4102980,8.57,=,=,EC50,nM,2.7,EC50,nM,2.7,ChEMBL
CHEMBL4026937,CC1(C)Cc2c(sc(NC(=O)C(C)(C)CO)c2C(N)=O)C(C)(C)O1,,CHEMBL4085032,7.12,=,=,EC50,nM,75.0,EC50,nM,75.0,ChEMBL
CHEMBL4026937,CC1(C)Cc2c(sc(NC(=O)C3(CO)CC3)c2C(N)=O)C(C)(C)O1,,CHEMBL4083374,7.82,=,=,EC50,nM,15.0,EC50,nM,15.0,ChEMBL
CHEMBL4026937,CC1(C)Cc2c(sc(NC(=O)C(C)(C)O)c2C(N)=O)C(C)(C)O1,,CHEMBL4101361,7.80,=,=,EC50,nM,16.0,EC50,nM,16.0,ChEMBL
CHEMBL4026937,CC1(C)Cc2c(sc(NC(=O)C3(O)CC3)c2C(N)=O)C(C)(C)O1,,CHEMBL4077923,7.64,=,=,EC50,nM,23.0,EC50,nM,23.0,ChEMBL
CHEMBL4026937,CC1(C)Cc2c(sc(NC(=O)C3CNC(=O)C3)c2C(N)=O)C(C)(C)O1,,CHEMBL4101451,,>,>,EC50,nM,10000.0,EC50,nM,10000.0,ChEMBL
CHEMBL4026937,CC1(C)Cc2c(sc(NC(=O)C3CCNC3=O)c2C(N)=O)C(C)(C)O1,,CHEMBL4082311,7.00,=,=,EC50,nM,101.0,EC50,nM,101.0,ChEMBL
CHEMBL4026937,CC1(C)Cc2c(sc(NC(=O)Cc3ccn[nH]3)c2C(N)=O)C(C)(C)O1,,CHEMBL4059537,6.87,=,=,EC50,nM,136.0,EC50,nM,136.0,ChEMBL
CHEMBL4026937,CC1(C)Cc2c(sc(NC(=O)c3ccn[nH]3)c2C(N)=O)C(C)(C)O1,,CHEMBL4075348,8.52,=,=,EC50,nM,3.0,EC50,nM,3.0,ChEMBL
CHEMBL4026937,CC1(C)Cc2c(sc(NC(=O)c3cn[nH]c3)c2C(N)=O)C(C)(C)O1,,CHEMBL4067101,6.90,=,=,EC50,nM,125.0,EC50,nM,125.0,ChEMBL
CHEMBL4026937,CC1(C)Cc2c(sc(NC(=O)c3nnc[nH]3)c2C(N)=O)C(C)(C)O1,,CHEMBL4076611,6.33,=,=,EC50,nM,467.0,EC50,nM,467.0,ChEMBL
CHEMBL4026937,CC1(C)Cc2c(sc(NC(=O)c3ccccc3NS(C)(=O)=O)c2C(N)=O)C(C)(C)O1,,CHEMBL4066461,6.83,=,=,EC50,nM,147.0,EC50,nM,147.0,ChEMBL
CHEMBL4026937,CC1(C)Cc2c(sc(NC(=O)c3cccnc3O)c2C(N)=O)C(C)(C)O1,,CHEMBL4081673,6.72,=,=,EC50,nM,190.0,EC50,nM,190.0,ChEMBL
CHEMBL4026937,CC1(C)Cc2c(sc(NC(=O)c3ccccc3O)c2C(N)=O)C(C)(C)O1,,CHEMBL4059736,8.40,=,=,EC50,nM,4.0,EC50,nM,4.0,ChEMBL
CHEMBL4026937,CC1Cc2c(sc(NC(=O)c3ccccc3O)c2C(N)=O)C(C)O1,,CHEMBL4104967,8.40,=,=,EC50,nM,4.0,EC50,nM,4.0,ChEMBL
CHEMBL4026937,CC1(C)Cc2c(sc(NC(=O)c3ccccc3O)c2C(N)=O)CO1,,CHEMBL4087115,7.89,=,=,EC50,nM,13.0,EC50,nM,13.0,ChEMBL
CHEMBL4026937,Cc1ccc(C(=O)Nc2sc3c(c2C(N)=O)CCOC3)s1,,CHEMBL4097262,6.11,=,=,EC50,nM,778.0,EC50,nM,778.0,ChEMBL
CHEMBL4026937,Cc1ccc(C(=O)Nc2sc3c(c2C(N)=O)CCCC3)s1,,CHEMBL4078274,6.19,=,=,EC50,nM,652.0,EC50,nM,652.0,ChEMBL
CHEMBL4026937,NC(=O)c1c(NC(=O)c2ccccc2Cl)sc2c1CCCC2,,CHEMBL210832,6.49,=,=,EC50,nM,326.0,EC50,nM,326.0,ChEMBL
CHEMBL4026937,CC(C)(C)c1cc(C(C)(C)C)c(NC(=O)c2c[nH]c3ccccc3c2=O)cc1O,,CHEMBL2010601,6.90,=,=,EC50,nM,126.0,EC50,nM,126.0,ChEMBL
CHEMBL4146144,Cc1sc(NC(=O)C2(c3ccc4c(c3)OCO4)CC2)nc1-c1ccc(F)cc1,,CHEMBL4169748,6.05,=,=,EC50,nM,900.0,EC50,uM,0.9,ChEMBL
CHEMBL4146144,Cc1sc(NC(=O)C2(c3ccc4c(c3)OCO4)CC2)nc1-c1ccccc1,,CHEMBL4161828,5.80,=,=,EC50,nM,1600.0,EC50,uM,1.6,ChEMBL
CHEMBL4146144,Cc1sc(NC(=O)C2(c3ccc4c(c3)OCO4)CC2)nc1-c1cccc(Cl)c1,,CHEMBL4166332,5.64,=,=,EC50,nM,2300.0,EC50,uM,2.3,ChEMBL
CHEMBL4146144,Cc1sc(NC(=O)C2(c3ccc4c(c3)OCO4)CC2)nc1-c1ccc(Br)cc1,,CHEMBL4176955,5.72,=,=,EC50,nM,1900.0,EC50,uM,1.9,ChEMBL
CHEMBL4146144,Cc1sc(NC(=O)C2(c3ccc4c(c3)OCO4)CC2)nc1-c1ccc(Cl)cc1,,CHEMBL4162876,5.54,=,=,EC50,nM,2900.0,EC50,uM,2.9,ChEMBL
CHEMBL4146144,CCOC(=O)c1sc(NC(=O)C2(c3ccc4c(c3)OCO4)CC2)nc1-c1ccc(Cl)cc1,,CHEMBL4173592,6.05,=,=,EC50,nM,900.0,EC50,uM,0.9,ChEMBL
CHEMBL4146144,CCOC(=O)c1sc(NC(=O)C2(c3ccc4c(c3)OCO4)CC2)nc1-c1cccc(Cl)c1,,CHEMBL4159515,6.26,=,=,EC50,nM,550.0,EC50,uM,0.55,ChEMBL
CHEMBL4146144,CCOC(=O)c1sc(NC(=O)C2(c3ccc4c(c3)OCO4)CC2)nc1-c1ccc(Br)cc1,,CHEMBL4170137,6.52,=,=,EC50,nM,300.0,EC50,uM,0.3,ChEMBL
CHEMBL4146144,O=C(c1ccccc1)c1sc(NC(=O)C2(c3ccc4c(c3)OCO4)CC2)nc1-c1ccccc1,,CHEMBL4164907,7.06,=,=,EC50,nM,87.0,EC50,uM,0.087,ChEMBL
CHEMBL4146143,O=C(Nc1ncc(Cc2ccccc2Cl)s1)C(c1ccccc1)c1ccccc1,,CHEMBL4176184,5.10,=,=,EC50,nM,7900.0,EC50,uM,7.9,ChEMBL
CHEMBL4146143,COc1cccc(C(=O)NCCNc2nc3cc(C)cc(C)c3cc2C#N)c1,,CHEMBL2018574,5.23,=,=,EC50,nM,5900.0,EC50,uM,5.9,ChEMBL
CHEMBL4146142,O=C(Nc1ncc(Cc2ccccc2Cl)s1)C(c1ccccc1)c1ccccc1,,CHEMBL4176184,4.80,=,=,EC50,nM,16000.0,EC50,uM,16.0,ChEMBL
CHEMBL4146142,NC(=O)C1CCN(c2nc(-c3ccccn3)nc3c2CN(Cc2ccccc2)CC3)CC1,,CHEMBL3746059,5.85,=,=,EC50,nM,1400.0,EC50,uM,1.4,ChEMBL
CHEMBL4146142,COc1cccc(C(=O)NCCNc2nc3cc(C)cc(C)c3cc2C#N)c1,,CHEMBL2018574,5.82,=,=,EC50,nM,1500.0,EC50,uM,1.5,ChEMBL
CHEMBL4146142,Cc1ccc(NC(=O)C2(c3ccc4c(c3)OC(F)(F)O4)CC2)nc1-c1cccc(C(=O)O)c1,,CHEMBL2103870,5.58,=,=,EC50,nM,2600.0,EC50,uM,2.6,ChEMBL
CHEMBL4146141,COc1ccc(Cl)cc1Nc1nc(-c2sc(NC(=O)c3ccccc3)nc2C)cs1,,CHEMBL260775,,<,<,EC50,nM,3000.0,EC50,uM,3.0,ChEMBL
CHEMBL4146144,OC1CCCN(c2nc(-c3ccccn3)nc3c2CN(Cc2ccccc2)CC3)C1,,CHEMBL3745884,5.55,=,=,EC50,nM,2818.38,pEC50,,5.55,ChEMBL
CHEMBL4146144,COc1ccc(S(=O)(=O)N2CCN(C(C)c3nc(OC4CCCCC4)c4ccccc4n3)CC2)cc1,,CHEMBL1257047,5.66,=,=,EC50,nM,2187.76,pEC50,,5.66,ChEMBL
CHEMBL4146144,COc1ccc(Cl)cc1Nc1nc(-c2sc(NC(=O)c3ccccc3)nc2C)cs1,,CHEMBL260775,5.96,=,=,EC50,nM,1096.48,pEC50,,5.96,ChEMBL
CHEMBL4146144,Cc1ccc(NC(=O)C2(c3ccc4c(c3)OC(F)(F)O4)CC2)nc1-c1cccc(C(=O)O)c1,,CHEMBL2103870,5.59,=,=,EC50,nM,2570.4,pEC50,,5.59,ChEMBL
CHEMBL4146144,CC(=O)c1sc(NC(=O)C2(c3ccc4c(c3)OCO4)CC2)nc1C,,CHEMBL4159595,,,,EC50,,,EC50,,,ChEMBL
CHEMBL4146144,O=C(Nc1cccc2cccnc12)C1(c2ccc3c(c2)OCO3)CC1,,CHEMBL4170223,5.66,=,=,EC50,nM,2200.0,EC50,uM,2.2,ChEMBL
CHEMBL4146144,CSc1cccc(NC(=O)C2(c3ccc4c(c3)OCO4)CC2)c1,,CHEMBL4174717,5.10,=,=,EC50,nM,8000.0,EC50,uM,8.0,ChEMBL
CHEMBL4146144,O=C(Nc1nc(-c2cccc(Cl)c2)cs1)C1(c2ccc3c(c2)OC(F)(F)O3)CC1,,CHEMBL4166815,5.40,=,=,EC50,nM,4000.0,EC50,uM,4.0,ChEMBL
CHEMBL4146144,O=C(Nc1nc(-c2ccc(O)cc2)cs1)C1(c2ccc3c(c2)OC(F)(F)O3)CC1,,CHEMBL4171265,5.77,=,=,EC50,nM,1700.0,EC50,uM,1.7,ChEMBL
CHEMBL4146144,O=C(Nc1nc(-c2cccc(O)c2)cs1)C1(c2ccc3c(c2)OC(F)(F)O3)CC1,,CHEMBL4163361,5.89,=,=,EC50,nM,1300.0,EC50,uM,1.3,ChEMBL
CHEMBL4146144,Cc1sc(NC(=O)C2(c3ccc4c(c3)OC(F)(F)O4)CC2)nc1-c1cccc(Cl)c1,,CHEMBL4167920,5.27,=,=,EC50,nM,5400.0,EC50,uM,5.4,ChEMBL
CHEMBL4146144,Cc1sc(NC(=O)C2(c3ccc4c(c3)OC(F)(F)O4)CC2)nc1-c1ccc(Br)cc1,,CHEMBL4160001,5.42,=,=,EC50,nM,3800.0,EC50,uM,3.8,ChEMBL
CHEMBL4146144,CC(=O)Nc1ccc(-c2csc(NC(=O)C3(c4ccc5c(c4)OCO5)CC3)n2)cc1,,CHEMBL4172995,,>,>,EC50,nM,5000.0,EC50,uM,5.0,ChEMBL
CHEMBL4146144,Cc1sc(NC(=O)C2(c3ccc4c(c3)OCO4)CC2)nc1-c1ccc(C(=O)O)cc1,,CHEMBL4162319,5.54,=,=,EC50,nM,2900.0,EC50,uM,2.9,ChEMBL
CHEMBL4146144,O=C(O)c1ccc(-c2csc(NC(=O)C3(c4ccc5c(c4)OCO5)CC3)n2)cc1,,CHEMBL4167675,,>,>,EC50,nM,5000.0,EC50,uM,5.0,ChEMBL
CHEMBL4146144,Cc1sc(NC(=O)C2(c3ccc4c(c3)OCO4)CC2)nc1-c1ccc(O)cc1,,CHEMBL4175544,5.41,=,=,EC50,nM,3900.0,EC50,uM,3.9,ChEMBL
CHEMBL4146144,Cc1sc(NC(=O)C2(c3ccc4c(c3)OCO4)CC2)nc1-c1cccc(O)c1,,CHEMBL4171047,5.92,=,=,EC50,nM,1200.0,EC50,uM,1.2,ChEMBL
CHEMBL4146144,O=C(Nc1nc(-c2cccc(O)c2)cs1)C1(c2ccc3c(c2)OCO3)CC1,,CHEMBL4160444,5.64,=,=,EC50,nM,2300.0,EC50,uM,2.3,ChEMBL
CHEMBL4146144,O=C(Nc1nc(-c2ccc(O)cc2)cs1)C1(c2ccc3c(c2)OCO3)CC1,,CHEMBL4174487,5.75,=,=,EC50,nM,1800.0,EC50,uM,1.8,ChEMBL
CHEMBL4146144,O=C(Nc1nc(-c2cccc(F)c2)cs1)C1(c2ccc3c(c2)OCO3)CC1,,CHEMBL4163823,5.68,=,=,EC50,nM,2100.0,EC50,uM,2.1,ChEMBL
CHEMBL4146144,O=C(Nc1nc(-c2ccc(I)cc2)cs1)C1(c2ccc3c(c2)OCO3)CC1,,CHEMBL4159353,5.92,=,=,EC50,nM,1200.0,EC50,uM,1.2,ChEMBL
CHEMBL4146144,O=C(Nc1nc(-c2cccc(Cl)c2)cs1)C1(c2ccc3c(c2)OCO3)CC1,,CHEMBL4167279,5.09,=,=,EC50,nM,8200.0,EC50,uM,8.2,ChEMBL
CHEMBL4146144,O=C(Nc1nc(-c2ccc(Br)cc2)cs1)C1(c2ccc3c(c2)OCO3)CC1,,CHEMBL4173166,5.31,=,=,EC50,nM,4900.0,EC50,uM,4.9,ChEMBL
CHEMBL4146144,O=C(Nc1nc(-c2ccc(Cl)cc2)cs1)C1(c2ccc3c(c2)OCO3)CC1,,CHEMBL4165261,5.54,=,=,EC50,nM,2900.0,EC50,uM,2.9,ChEMBL
CHEMBL4146144,NC(=O)C1CCN(c2nc(-c3ccccn3)nc3c2CN(Cc2ccccc2)CC3)CC1,,CHEMBL3746059,5.85,=,=,EC50,nM,1412.54,pEC50,,5.85,ChEMBL
CHEMBL4146144,NC(=O)CN1CCN(c2nc(-c3ccccn3)nc3c2CN(Cc2ccccc2)CC3)CC1,,CHEMBL3747654,5.55,=,=,EC50,nM,2818.38,pEC50,,5.55,ChEMBL
CHEMBL4146144,CN1CCN(CCCNc2nc(-c3ccccn3)nc3c2CN(Cc2ccccc2)CC3)CC1,,CHEMBL3746756,5.51,=,=,EC50,nM,3090.3,pEC50,,5.51,ChEMBL
CHEMBL4146144,CN(C)CCN1CCN(c2nc(-c3ccccn3)nc3c2CN(Cc2ccccc2)CC3)CC1,,CHEMBL3747046,5.82,=,=,EC50,nM,1513.56,pEC50,,5.82,ChEMBL
CHEMBL4146144,NC(=O)C1CCN(c2nc(-c3cccnc3)nc3c2CN(Cc2ccccc2)CC3)CC1,,CHEMBL3746375,4.00,=,=,EC50,nM,100000.0,pEC50,,4.0,ChEMBL
CHEMBL4146144,NC(=O)CN1CCN(c2nc(-c3cccnc3)nc3c2CN(Cc2ccccc2)CC3)CC1,,CHEMBL3745748,4.00,=,=,EC50,nM,100000.0,pEC50,,4.0,ChEMBL
CHEMBL4146144,CN1CCN(CCCNc2nc(-c3cccnc3)nc3c2CN(Cc2ccccc2)CC3)CC1,,CHEMBL3746313,4.00,=,=,EC50,nM,100000.0,pEC50,,4.0,ChEMBL
CHEMBL4146144,CN(C)CCN1CCN(c2nc(-c3cccnc3)nc3c2CN(Cc2ccccc2)CC3)CC1,,CHEMBL3746475,4.00,=,=,EC50,nM,100000.0,pEC50,,4.0,ChEMBL
CHEMBL4146144,CN1CCN(CCCNc2nc(-c3ccncc3)nc3c2CN(Cc2ccccc2)CC3)CC1,,CHEMBL3745870,4.00,=,=,EC50,nM,100000.0,pEC50,,4.0,ChEMBL
CHEMBL4146144,CN(C)CCN1CCN(c2nc(-c3ccncc3)nc3c2CN(Cc2ccccc2)CC3)CC1,,CHEMBL3746934,4.00,=,=,EC50,nM,100000.0,pEC50,,4.0,ChEMBL
CHEMBL4146144,COc1ccc(CN2CCc3nc(-c4ccccn4)nc(N4CCN(CCN(C)C)CC4)c3C2)cc1,,CHEMBL3746584,4.00,=,=,EC50,nM,100000.0,pEC50,,4.0,ChEMBL
CHEMBL4146144,CN(C)CCN1CCN(c2nc(-c3ccccn3)nc3c2CN(Cc2ccc(F)cc2)CC3)CC1,,CHEMBL3747405,4.00,=,=,EC50,nM,100000.0,pEC50,,4.0,ChEMBL
CHEMBL4146144,COc1ccc(CN2CCc3nc(-c4ccccn4)nc(N4CCN(CCO)CC4)c3C2)cc1,,CHEMBL3746769,6.40,=,=,EC50,nM,398.11,pEC50,,6.4,ChEMBL
CHEMBL4146144,COc1ccc(CN2CCc3nc(-c4ccccn4)nc(N4CCC(C(N)=O)CC4)c3C2)cc1,,CHEMBL3747330,5.46,=,=,EC50,nM,3467.37,pEC50,,5.46,ChEMBL
CHEMBL4146144,COc1ccc(CN2CCc3nc(-c4ccccn4)nc(NCCCn4ccnc4)c3C2)cc1,,CHEMBL3746547,6.70,=,=,EC50,nM,199.53,pEC50,,6.7,ChEMBL
CHEMBL4146144,COc1ccc(CN2CCc3nc(-c4ccccn4)nc(N4CCN(CC(N)=O)CC4)c3C2)cc1,,CHEMBL3746321,5.64,=,=,EC50,nM,2290.87,pEC50,,5.64,ChEMBL
CHEMBL4146144,CCN(C(C)=O)C1CCN(c2nc(-c3ccccn3)nc3c2CN(Cc2ccc(OC)cc2)CC3)C1,,CHEMBL3746126,6.52,=,=,EC50,nM,302.0,pEC50,,6.52,ChEMBL
CHEMBL4146144,CCN(C(C)=O)C1CCN(c2nc(-c3ccccn3)nc3c2CN(Cc2ccc(Cl)cc2)CC3)C1,,CHEMBL3746219,4.00,=,=,EC50,nM,100000.0,pEC50,,4.0,ChEMBL
CHEMBL4146144,CC(=O)NC1CCN(c2nc(-c3ccccn3)nc3c2CN(Cc2ccc(Cl)cc2)CC3)CC1,,CHEMBL3745838,6.15,=,=,EC50,nM,707.95,pEC50,,6.15,ChEMBL
CHEMBL4146144,CC(=O)NCCCNc1nc(-c2ccccn2)nc2c1CN(Cc1ccc(F)cc1)CC2,,CHEMBL4172497,6.70,=,=,EC50,nM,199.53,pEC50,,6.7,ChEMBL
CHEMBL4146144,Fc1ccc(CN2CCc3nc(-c4ccccn4)nc(NCCCN4CCCC4)c3C2)cc1,,CHEMBL4172914,6.70,=,=,EC50,nM,199.53,pEC50,,6.7,ChEMBL
CHEMBL4146144,CN(C)CCN1CCN(c2nc(-c3ccccn3)nc3c2CN(Cc2ccsc2)CC3)CC1,,CHEMBL3746133,6.70,=,=,EC50,nM,199.53,pEC50,,6.7,ChEMBL
CHEMBL4146144,CC(C)c1ccc(CN2CCc3nc(-c4ccccn4)nc(N4CCN(CCN(C)C)CC4)c3C2)cc1,,CHEMBL3747771,6.52,=,=,EC50,nM,302.0,pEC50,,6.52,ChEMBL
CHEMBL4146144,CN(C)CCN1CCN(c2nc(-c3ccccn3)nc3c2CN(CC2CCCCC2)CC3)CC1,,CHEMBL3747604,6.05,=,=,EC50,nM,891.25,pEC50,,6.05,ChEMBL
CHEMBL4146144,CN(C)CCN1CCN(c2nc(-c3ccccn3)nc3c2CN(C(=O)c2ccccc2)CC3)CC1,,CHEMBL3745729,4.00,=,=,EC50,nM,100000.0,pEC50,,4.0,ChEMBL
CHEMBL4146144,CN(C)CCN1CCN(c2nc(-c3ccccn3)nc3c2CN(S(=O)(=O)c2ccccc2)CC3)CC1,,CHEMBL3745956,4.00,=,=,EC50,nM,100000.0,pEC50,,4.0,ChEMBL
CHEMBL4146144,COc1cccc(C(=O)NCCNc2nc3cc(C)cc(C)c3cc2C#N)c1,,CHEMBL2018574,5.66,=,=,EC50,nM,2187.76,pEC50,,5.66,ChEMBL
CHEMBL4146144,COc1ccccc1C(=O)NCCNc1nc2cc(C)cc(C)c2cc1C#N,,CHEMBL1584217,4.96,=,=,EC50,nM,10964.78,pEC50,,4.96,ChEMBL
CHEMBL4146144,COc1ccc(C(=O)NCCNc2nc3cc(C)cc(C)c3cc2C#N)cc1,,CHEMBL2018575,5.52,=,=,EC50,nM,3019.95,pEC50,,5.52,ChEMBL
CHEMBL4146144,Cc1cc(C)c2cc(C#N)c(NCCNC(=O)c3ccccn3)nc2c1,,CHEMBL2018576,4.00,=,=,EC50,nM,100000.0,pEC50,,4.0,ChEMBL
CHEMBL4146144,Cc1cc(C)c2cc(C#N)c(NCCNC(=O)c3cccnc3)nc2c1,,CHEMBL2018577,5.57,=,=,EC50,nM,2691.53,pEC50,,5.57,ChEMBL
CHEMBL4146144,Cc1cc(C)c2cc(C#N)c(NCCNC(=O)c3ccncc3)nc2c1,,CHEMBL2018578,5.14,=,=,EC50,nM,7244.36,pEC50,,5.14,ChEMBL
CHEMBL4146144,Cc1cc(C)c2cc(C#N)c(NCCNC(=O)c3ccccc3)nc2c1,,CHEMBL2018579,4.00,=,=,EC50,nM,100000.0,pEC50,,4.0,ChEMBL
CHEMBL4146144,COc1ccc(C(=O)NCCNc2nc3cc(C)cc(C)c3cc2C#N)c(OC)c1,,CHEMBL2018580,5.38,=,=,EC50,nM,4168.69,pEC50,,5.38,ChEMBL
CHEMBL4146144,COc1ccc(C(=O)NCCNc2nc3cc(C)cc(C)c3cc2C#N)cc1OC,,CHEMBL2018581,5.82,=,=,EC50,nM,1513.56,pEC50,,5.82,ChEMBL
CHEMBL4146144,Cc1cc(C)c2cc(C#N)c(NCCNC(=O)c3cnccn3)nc2c1,,CHEMBL2018582,5.17,=,=,EC50,nM,6760.83,pEC50,,5.17,ChEMBL
CHEMBL4146144,COc1ccc(C(=O)NCCNc2nc3cc(C)cc(C)c3cc2C#N)nc1,,CHEMBL2018583,5.57,=,=,EC50,nM,2691.53,pEC50,,5.57,ChEMBL
CHEMBL4146144,COc1cccc(OC)c1C(=O)NCCNc1nc2cc(C)cc(C)c2cc1C#N,,CHEMBL2018584,5.43,=,=,EC50,nM,3715.35,pEC50,,5.43,ChEMBL
CHEMBL4146144,COc1ccccc1C(=O)N1CCN(c2nc3cc(C)cc(C)c3cc2C#N)CC1,,CHEMBL2018585,4.00,=,=,EC50,nM,100000.0,pEC50,,4.0,ChEMBL
CHEMBL4146144,COc1cccc(C(=O)N2CCN(c3nc4cc(C)cc(C)c4cc3C#N)CC2)c1,,CHEMBL1882863,4.00,=,=,EC50,nM,100000.0,pEC50,,4.0,ChEMBL
CHEMBL4146144,COc1ccc(C(=O)N2CCN(c3nc4cc(C)cc(C)c4cc3C#N)CC2)cc1,,CHEMBL1870726,4.00,=,=,EC50,nM,100000.0,pEC50,,4.0,ChEMBL
CHEMBL4146144,Cc1cc(C)c2cc(C#N)c(N3CCN(C(=O)c4ccccn4)CC3)nc2c1,,CHEMBL2018586,4.00,=,=,EC50,nM,100000.0,pEC50,,4.0,ChEMBL
CHEMBL4146144,Cc1cc(C)c2cc(C#N)c(N3CCN(C(=O)c4cccnc4)CC3)nc2c1,,CHEMBL2018587,4.00,=,=,EC50,nM,100000.0,pEC50,,4.0,ChEMBL
CHEMBL4146144,Cc1cc(C)c2cc(C#N)c(N3CCN(C(=O)c4ccncc4)CC3)nc2c1,,CHEMBL2018588,4.00,=,=,EC50,nM,100000.0,pEC50,,4.0,ChEMBL
CHEMBL4146144,COc1ccccc1C(=O)NCCCNc1nc2cc(C)cc(C)c2cc1C#N,,CHEMBL1867725,4.00,=,=,EC50,nM,100000.0,pEC50,,4.0,ChEMBL
CHEMBL4146144,COc1cccc(C(=O)NCCCNc2nc3cc(C)cc(C)c3cc2C#N)c1,,CHEMBL2018589,5.34,=,=,EC50,nM,4570.88,pEC50,,5.34,ChEMBL
CHEMBL4146144,COc1ccc(C(=O)NCCCNc2nc3cc(C)cc(C)c3cc2C#N)cc1,,CHEMBL2018590,5.37,=,=,EC50,nM,4265.8,pEC50,,5.37,ChEMBL
CHEMBL4146144,Cc1cc(C)c2cc(C#N)c(NCCCNC(=O)c3ccccn3)nc2c1,,CHEMBL2018591,4.00,=,=,EC50,nM,100000.0,pEC50,,4.0,ChEMBL
CHEMBL4146144,Cc1cc(C)c2cc(C#N)c(NCCCNC(=O)c3cccnc3)nc2c1,,CHEMBL2018592,5.52,=,=,EC50,nM,3019.95,pEC50,,5.52,ChEMBL
CHEMBL4146144,Cc1cc(C)c2cc(C#N)c(NCCCNC(=O)c3ccncc3)nc2c1,,CHEMBL2018593,4.88,=,=,EC50,nM,13182.57,pEC50,,4.88,ChEMBL
CHEMBL4146144,COc1ccc(Cl)cc1Nc1nc(-c2sc(NC(=O)C(C)(C)C)nc2C)cs1,,CHEMBL262627,6.15,=,=,EC50,nM,707.95,pEC50,,6.15,ChEMBL
CHEMBL4146144,CCOC(=O)n1nc(-c2sc(NC(=O)C(C)(C)C)nc2C)cc1Cc1ccccc1,,CHEMBL4170164,5.07,=,=,EC50,nM,8511.38,pEC50,,5.07,ChEMBL
CHEMBL4146144,COc1ccc(NC(=O)c2cc(-c3sc(NC(=O)C(C)(C)C)nc3C)n(-c3ccc(Br)cc3)n2)cc1,,CHEMBL1098166,5.47,=,=,EC50,nM,3388.44,pEC50,,5.47,ChEMBL
CHEMBL4146144,C=CCc1cc(-c2sc(NC(=O)C(C)(C)C)nc2C)nn1C(=O)Nc1ccc(OC)cc1,,CHEMBL4166758,6.03,=,=,EC50,nM,933.25,pEC50,,6.03,ChEMBL
CHEMBL4146144,C=CCc1cc(-c2sc(NC(=O)C(C)(C)C)nc2C)nn1C(=O)Nc1ccccc1,,CHEMBL4171218,5.52,=,=,EC50,nM,3019.95,pEC50,,5.52,ChEMBL
CHEMBL4146144,Cc1nc(NC(=O)C(C)(C)C)sc1-c1cc(Cc2ccccc2)n(C(=O)NCc2ccccc2)n1,,CHEMBL4163314,6.12,=,=,EC50,nM,758.58,pEC50,,6.12,ChEMBL
CHEMBL4146144,COc1ccc(NC(=O)n2nc(-c3sc(NC(=O)C(C)(C)C)nc3C)cc2Cc2cc(Cl)ccc2OC)cc1,,CHEMBL4167860,6.00,=,=,EC50,nM,1000.0,pEC50,,6.0,ChEMBL
CHEMBL4146144,COc1ccc(Cl)cc1Cc1cc(-c2sc(NC(=O)C(C)(C)C)nc2C)nn1C(=O)N1CCOCC1,,CHEMBL4159943,6.00,=,=,EC50,nM,1000.0,pEC50,,6.0,ChEMBL
CHEMBL4146144,COc1ccc(Cl)cc1Cc1cc(-c2sc(NC(=O)C(C)(C)C)nc2C)nn1C(=O)NCCO,,CHEMBL4170227,5.52,=,=,EC50,nM,3019.95,pEC50,,5.52,ChEMBL
CHEMBL4146144,O=C(c1ccccc1)c1sc(NC(=O)C2(c3ccc4c(c3)OCO4)CC2)nc1-c1ccccc1,,CHEMBL4164907,7.06,=,=,EC50,nM,87.1,pEC50,,7.06,ChEMBL
CHEMBL4146144,CCOC(=O)c1sc(NC(=O)C2(c3ccc4c(c3)OCO4)CC2)nc1-c1ccc(Br)cc1,,CHEMBL4170137,6.52,=,=,EC50,nM,302.0,pEC50,,6.52,ChEMBL
CHEMBL4146144,CCOC(=O)c1sc(NC(=O)C2(c3ccc4c(c3)OCO4)CC2)nc1-c1cccc(Cl)c1,,CHEMBL4159515,6.26,=,=,EC50,nM,549.54,pEC50,,6.26,ChEMBL
CHEMBL4146144,CCOC(=O)c1sc(NC(=O)C2(c3ccc4c(c3)OCO4)CC2)nc1-c1ccc(Cl)cc1,,CHEMBL4173592,6.05,=,=,EC50,nM,891.25,pEC50,,6.05,ChEMBL
CHEMBL4146144,Cc1sc(NC(=O)C2(c3ccc4c(c3)OCO4)CC2)nc1-c1ccc(Cl)cc1,,CHEMBL4162876,5.54,=,=,EC50,nM,2884.03,pEC50,,5.54,ChEMBL
CHEMBL4146144,Cc1sc(NC(=O)C2(c3ccc4c(c3)OCO4)CC2)nc1-c1ccc(Br)cc1,,CHEMBL4176955,5.72,=,=,EC50,nM,1905.46,pEC50,,5.72,ChEMBL
CHEMBL4146144,Cc1sc(NC(=O)C2(c3ccc4c(c3)OCO4)CC2)nc1-c1cccc(Cl)c1,,CHEMBL4166332,5.64,=,=,EC50,nM,2290.87,pEC50,,5.64,ChEMBL
CHEMBL4146144,Cc1sc(NC(=O)C2(c3ccc4c(c3)OCO4)CC2)nc1-c1ccccc1,,CHEMBL4161828,5.80,=,=,EC50,nM,1584.89,pEC50,,5.8,ChEMBL
CHEMBL4146144,Cc1sc(NC(=O)C2(c3ccc4c(c3)OCO4)CC2)nc1-c1ccc(F)cc1,,CHEMBL4169748,6.05,=,=,EC50,nM,891.25,pEC50,,6.05,ChEMBL
CHEMBL4146144,O=C(Nc1nc(-c2ccc(Cl)cc2)cs1)C1(c2ccc3c(c2)OCO3)CC1,,CHEMBL4165261,5.54,=,=,EC50,nM,2884.03,pEC50,,5.54,ChEMBL
CHEMBL4146144,O=C(Nc1nc(-c2ccc(Br)cc2)cs1)C1(c2ccc3c(c2)OCO3)CC1,,CHEMBL4173166,5.31,=,=,EC50,nM,4897.79,pEC50,,5.31,ChEMBL
CHEMBL4146144,O=C(Nc1nc(-c2cccc(Cl)c2)cs1)C1(c2ccc3c(c2)OCO3)CC1,,CHEMBL4167279,5.09,=,=,EC50,nM,8128.31,pEC50,,5.09,ChEMBL
CHEMBL4146144,O=C(Nc1nc(-c2ccc(I)cc2)cs1)C1(c2ccc3c(c2)OCO3)CC1,,CHEMBL4159353,5.92,=,=,EC50,nM,1202.26,pEC50,,5.92,ChEMBL
CHEMBL4146144,O=C(Nc1nc(-c2cccc(F)c2)cs1)C1(c2ccc3c(c2)OCO3)CC1,,CHEMBL4163823,5.68,=,=,EC50,nM,2089.3,pEC50,,5.68,ChEMBL
CHEMBL4146144,O=C(Nc1nc(-c2ccc(O)cc2)cs1)C1(c2ccc3c(c2)OCO3)CC1,,CHEMBL4174487,5.74,=,=,EC50,nM,1819.7,pEC50,,5.74,ChEMBL
CHEMBL4146144,O=C(Nc1nc(-c2cccc(O)c2)cs1)C1(c2ccc3c(c2)OCO3)CC1,,CHEMBL4160444,5.64,=,=,EC50,nM,2290.87,pEC50,,5.64,ChEMBL
CHEMBL4146144,Cc1sc(NC(=O)C2(c3ccc4c(c3)OCO4)CC2)nc1-c1cccc(O)c1,,CHEMBL4171047,5.92,=,=,EC50,nM,1202.26,pEC50,,5.92,ChEMBL
CHEMBL4146144,Cc1sc(NC(=O)C2(c3ccc4c(c3)OCO4)CC2)nc1-c1ccc(O)cc1,,CHEMBL4175544,5.41,=,=,EC50,nM,3890.45,pEC50,,5.41,ChEMBL
CHEMBL4146144,O=C(O)c1ccc(-c2csc(NC(=O)C3(c4ccc5c(c4)OCO5)CC3)n2)cc1,,CHEMBL4167675,,<,>,EC50,nM,5011.87,pEC50,,5.3,ChEMBL
CHEMBL4146144,Cc1sc(NC(=O)C2(c3ccc4c(c3)OCO4)CC2)nc1-c1ccc(C(=O)O)cc1,,CHEMBL4162319,5.54,=,=,EC50,nM,2884.03,pEC50,,5.54,ChEMBL
CHEMBL4146144,CC(=O)Nc1ccc(-c2csc(NC(=O)C3(c4ccc5c(c4)OCO5)CC3)n2)cc1,,CHEMBL4172995,,<,>,EC50,nM,5011.87,pEC50,,5.3,ChEMBL
CHEMBL4146144,Cc1sc(NC(=O)C2(c3ccc4c(c3)OC(F)(F)O4)CC2)nc1-c1ccc(Br)cc1,,CHEMBL4160001,5.42,=,=,EC50,nM,3801.89,pEC50,,5.42,ChEMBL
CHEMBL4146144,Cc1sc(NC(=O)C2(c3ccc4c(c3)OC(F)(F)O4)CC2)nc1-c1cccc(Cl)c1,,CHEMBL4167920,5.27,=,=,EC50,nM,5370.32,pEC50,,5.27,ChEMBL
CHEMBL4146144,O=C(Nc1nc(-c2cccc(O)c2)cs1)C1(c2ccc3c(c2)OC(F)(F)O3)CC1,,CHEMBL4163361,5.89,=,=,EC50,nM,1288.25,pEC50,,5.89,ChEMBL
CHEMBL4146144,O=C(Nc1nc(-c2ccc(O)cc2)cs1)C1(c2ccc3c(c2)OC(F)(F)O3)CC1,,CHEMBL4171265,5.77,=,=,EC50,nM,1698.24,pEC50,,5.77,ChEMBL
CHEMBL4146144,O=C(Nc1nc(-c2cccc(Cl)c2)cs1)C1(c2ccc3c(c2)OC(F)(F)O3)CC1,,CHEMBL4166815,5.40,=,=,EC50,nM,3981.07,pEC50,,5.4,ChEMBL
CHEMBL4146144,CSc1cccc(NC(=O)C2(c3ccc4c(c3)OCO4)CC2)c1,,CHEMBL4174717,5.10,=,=,EC50,nM,7943.28,pEC50,,5.1,ChEMBL
CHEMBL4146144,O=C(Nc1cccc2cccnc12)C1(c2ccc3c(c2)OCO3)CC1,,CHEMBL4170223,5.66,=,=,EC50,nM,2187.76,pEC50,,5.66,ChEMBL
CHEMBL4151111,COc1ccc(C(C)(C)C)cc1CN[C@H]1[C@H](C(C)(C)C)[C@@H](C(=O)O)N(C(=O)[C@@H]2Cc3ccccc3O2)[C@H]1c1ccccc1,,CHEMBL4166805,,<,<,EC50,nM,1000.0,EC50,uM,1.0,ChEMBL
CHEMBL4151111,COc1ncc(C2CCC2)cc1CN[C@H]1[C@H](C(C)(C)C)[C@@H](C(=O)O)N(C(=O)C2CCCCC2)[C@H]1c1ccccc1C,,CHEMBL4173496,,<,<,EC50,nM,1000.0,EC50,uM,1.0,ChEMBL
CHEMBL4151111,COc1ccc(C2(C)CCC2)cc1CN[C@H]1[C@H](C(C)(C)C)[C@@H](C(=O)O)N(C(=O)[C@@H]2CCCCO2)[C@H]1c1ccccc1C,,CHEMBL4162795,,<,<,EC50,nM,1000.0,EC50,uM,1.0,ChEMBL
CHEMBL4151111,COc1ccc(C(C)(C)C)cc1CN[C@H]1[C@H](C(C)(C)C)[C@@H](C(=O)O)N(C(=O)C2CCCCC2)[C@H]1c1cccnc1N(C)C,,CHEMBL4176858,,<,<,EC50,nM,1000.0,EC50,uM,1.0,ChEMBL
CHEMBL4151111,COc1ccc([Si](C)(C)C)cc1CN[C@H]1[C@H](C(C)(C)C)[C@@H](C(=O)O)N(C(=O)C2CCCCC2)[C@H]1c1ccccc1,,CHEMBL4166244,,<,<,EC50,nM,1000.0,EC50,uM,1.0,ChEMBL
CHEMBL4151111,CC(C)c1ccccc1[C@H]1[C@@H](NCc2cccc3c2OC(C)(C)C3)[C@H](C(C)(C)C)[C@@H](C(=O)O)N1C(=O)[C@@H]1CCCCO1,,CHEMBL4161726,,<,<,EC50,nM,1000.0,EC50,uM,1.0,ChEMBL
CHEMBL4151111,COc1ncc(C(C)C)cc1CN[C@H]1[C@H](C(C)(C)OC)[C@@H](C(=O)O)N(C(=O)C2CCCCC2)[C@H]1c1ccccc1,,CHEMBL4169655,6.00,=,=,EC50,nM,1000.0,EC50,uM,1.0,ChEMBL
CHEMBL4151111,COc1ccc(-c2cccc(F)c2F)cc1CN[C@H]1[C@H](C(C)(C)C)[C@@H](C(=O)O)N(C(=O)C2CCCCC2)[C@H]1c1ccccc1,,CHEMBL4165161,,<,<,EC50,nM,1000.0,EC50,uM,1.0,ChEMBL
CHEMBL4151111,COc1cc2c(cc1CN[C@H]1[C@H](C(C)(C)C)[C@@H](C(=O)O)N(C(=O)C3CCCCC3)[C@H]1c1ccccc1)C(C)(C)CCC2(C)C,,CHEMBL4173063,,<,<,EC50,nM,1000.0,EC50,uM,1.0,ChEMBL
CHEMBL4151109,COc1ccc(-c2cccc(F)c2F)cc1CN[C@H]1[C@H](C(C)(C)C)[C@@H](C(=O)O)N(C(=O)C2CCCCC2)[C@H]1c1ccccc1,,CHEMBL4165161,,<,<,EC50,nM,1000.0,EC50,uM,1.0,ChEMBL
CHEMBL4151109,COc1cc2c(cc1CN[C@H]1[C@H](C(C)(C)C)[C@@H](C(=O)O)N(C(=O)C3CCCCC3)[C@H]1c1ccccc1)C(C)(C)CCC2(C)C,,CHEMBL4173063,,<,<,EC50,nM,1000.0,EC50,uM,1.0,ChEMBL
CHEMBL4151109,COc1ncc(C(C)C)cc1CN[C@H]1[C@H](C(C)(C)OC)[C@@H](C(=O)O)N(C(=O)C2CCCCC2)[C@H]1c1ccccc1,,CHEMBL4169655,6.00,=,=,EC50,nM,1000.0,EC50,uM,1.0,ChEMBL
CHEMBL4151109,CC(C)c1ccccc1[C@H]1[C@@H](NCc2cccc3c2OC(C)(C)C3)[C@H](C(C)(C)C)[C@@H](C(=O)O)N1C(=O)[C@@H]1CCCCO1,,CHEMBL4161726,,<,<,EC50,nM,1000.0,EC50,uM,1.0,ChEMBL
CHEMBL4151109,COc1ccc([Si](C)(C)C)cc1CN[C@H]1[C@H](C(C)(C)C)[C@@H](C(=O)O)N(C(=O)C2CCCCC2)[C@H]1c1ccccc1,,CHEMBL4166244,,<,<,EC50,nM,1000.0,EC50,uM,1.0,ChEMBL
CHEMBL4151109,COc1ccc(C(C)(C)C)cc1CN[C@H]1[C@H](C(C)(C)C)[C@@H](C(=O)O)N(C(=O)C2CCCCC2)[C@H]1c1cccnc1N(C)C,,CHEMBL4176858,,<,<,EC50,nM,1000.0,EC50,uM,1.0,ChEMBL
CHEMBL4151109,COc1ccc(C2(C)CCC2)cc1CN[C@H]1[C@H](C(C)(C)C)[C@@H](C(=O)O)N(C(=O)[C@@H]2CCCCO2)[C@H]1c1ccccc1C,,CHEMBL4162795,,<,<,EC50,nM,1000.0,EC50,uM,1.0,ChEMBL
CHEMBL4151109,COc1ncc(C2CCC2)cc1CN[C@H]1[C@H](C(C)(C)C)[C@@H](C(=O)O)N(C(=O)C2CCCCC2)[C@H]1c1ccccc1C,,CHEMBL4173496,,<,<,EC50,nM,1000.0,EC50,uM,1.0,ChEMBL
CHEMBL4151109,COc1ccc(C(C)(C)C)cc1CN[C@H]1[C@H](C(C)(C)C)[C@@H](C(=O)O)N(C(=O)[C@@H]2Cc3ccccc3O2)[C@H]1c1ccccc1,,CHEMBL4166805,,<,<,EC50,nM,1000.0,EC50,uM,1.0,ChEMBL
CHEMBL4235255,CCCCCCCCC[C@@H]1C[C@H](O)[C@H]2C[N@]1O[C@@H]2c1ccccc1,,CHEMBL4243267,4.23,=,=,IC50,nM,58620.0,IC50,uM,58.62,ChEMBL
CHEMBL4316539,CC(C)(C)[C@H]1[C@H](C(=O)c2cc(Cl)ccc2Cl)[C@H](c2ccccc2)N(C(=O)C2CCCCC2)[C@@H]1C(=O)O,,CHEMBL4438246,5.60,=,=,EC50,nM,2520.0,EC50,uM,2.52,ChEMBL
CHEMBL4316539,CC(C)(C)[C@H]1[C@H](C(=O)c2cc(Cl)ccc2Cl)[C@H](c2ccccc2)N(C(=O)c2ccccc2)[C@@H]1C(=O)O,,CHEMBL4521957,5.58,=,=,EC50,nM,2660.0,EC50,uM,2.66,ChEMBL
CHEMBL4316539,CC(C)(C)C1C(C(=O)c2cc(Cl)ccc2Cl)C(c2ccccc2)N(C(=O)c2ccccc2)C1C(=O)O,,CHEMBL4586969,5.57,=,=,EC50,nM,2720.0,EC50,uM,2.72,ChEMBL
CHEMBL4316539,COc1ccc(C(F)(F)F)cc1CO[C@@H]1[C@@H](C(C)(C)C)[C@H](C(=O)O)N(C(=O)C2CCCCC2)[C@@H]1c1ccccc1,,CHEMBL4465098,5.88,=,=,EC50,nM,1320.0,EC50,uM,1.32,ChEMBL
CHEMBL4316539,COc1ccc(C(F)(F)F)cc1CO[C@@H]1[C@@H](C(C)(C)C)[C@H](C(=O)O)N(C(=O)C2CCCCC2)[C@@H]1c1ccccc1,,CHEMBL4465098,,>,>,EC50,nM,20000.0,EC50,uM,20.0,ChEMBL
CHEMBL4316539,COc1ccc(C(F)(F)F)cc1CO[C@H]1[C@H](C(C)(C)C)[C@@H](C(=O)O)N(C(=O)C2CCCCC2)[C@H]1c1ccccc1,,CHEMBL4551092,6.09,=,=,EC50,nM,820.0,EC50,uM,0.82,ChEMBL
CHEMBL4316537,CC(C)(C)C1C(C(=O)c2cc(Cl)ccc2Cl)C(c2ccccc2)N(C(=O)c2ccccc2)C1C(=O)O,,CHEMBL4586969,5.68,=,=,EC50,nM,2110.0,EC50,uM,2.11,ChEMBL
CHEMBL4316537,CC(C)(C)[C@H]1[C@H](C(=O)c2cc(Cl)ccc2Cl)[C@H](c2ccccc2)N(C(=O)c2ccccc2)[C@@H]1C(=O)O,,CHEMBL4521957,5.71,=,=,EC50,nM,1970.0,EC50,uM,1.97,ChEMBL
CHEMBL4316537,CC(C)(C)[C@H]1[C@H](C(=O)c2cc(Cl)ccc2Cl)[C@H](c2ccccc2)N(C(=O)C2CCCCC2)[C@@H]1C(=O)O,,CHEMBL4438246,5.70,=,=,EC50,nM,2010.0,EC50,uM,2.01,ChEMBL
CHEMBL4316537,COc1ccc(C(F)(F)F)cc1CO[C@@H]1[C@@H](C(C)(C)C)[C@H](C(=O)O)N(C(=O)C2CCCCC2)[C@@H]1c1ccccc1,,CHEMBL4465098,5.95,=,=,EC50,nM,1130.0,EC50,uM,1.13,ChEMBL
CHEMBL4316537,COc1ccc(C(F)(F)F)cc1CO[C@@H]1[C@@H](C(C)(C)C)[C@H](C(=O)O)N(C(=O)C2CCCCC2)[C@@H]1c1ccccc1,,CHEMBL4465098,5.89,=,=,EC50,nM,1290.0,EC50,uM,1.29,ChEMBL
CHEMBL4316537,COc1ccc(C(F)(F)F)cc1CO[C@H]1[C@H](C(C)(C)C)[C@@H](C(=O)O)N(C(=O)C2CCCCC2)[C@H]1c1ccccc1,,CHEMBL4551092,6.24,=,=,EC50,nM,580.0,EC50,uM,0.58,ChEMBL
CHEMBL4316535,COc1ccc(C(F)(F)F)cc1CO[C@H]1[C@H](C(C)(C)C)[C@@H](C(=O)O)N(C(=O)C2CCCCC2)[C@H]1c1ccccc1,,CHEMBL4551092,6.76,=,=,EC50,nM,173.0,EC50,nM,173.0,ChEMBL
CHEMBL4316535,COc1ncc(C(F)(F)F)cc1CO[C@H]1[C@H](C(C)(C)C)[C@@H](C(=O)O)N(C(=O)C2CCCCC2)[C@H]1c1ccccc1,,CHEMBL4533405,6.82,=,=,EC50,nM,150.0,EC50,nM,150.0,ChEMBL
CHEMBL4316535,COc1ncc(C2CCCC2)cc1CO[C@H]1[C@H](C(C)(C)C)[C@@H](C(=O)O)N(C(=O)C2CCCCC2)[C@H]1c1ccccc1,,CHEMBL4453629,6.61,=,=,EC50,nM,247.0,EC50,nM,247.0,ChEMBL
CHEMBL4316535,COc1ncc(C(C)(C)C)cc1CO[C@H]1[C@H](C(C)(C)C)[C@@H](C(=O)O)N(C(=O)C2CCCCC2)[C@H]1c1ccccc1,,CHEMBL4553881,6.88,=,=,EC50,nM,132.0,EC50,nM,132.0,ChEMBL
CHEMBL4316535,COc1ncc(C(F)(F)F)cc1CO[C@H]1[C@H](C(C)(C)C)[C@@H](C(=O)O)N(C(=O)OC(C)C)[C@H]1c1ccccc1,,CHEMBL4517461,6.86,=,=,EC50,nM,137.0,EC50,nM,137.0,ChEMBL
CHEMBL4316535,COc1ncc(C(F)(F)F)cc1CO[C@H]1[C@H](C(C)(C)C)[C@@H](C(=O)O)N(C(=O)[C@@H]2CCCCO2)[C@H]1c1ccccc1,,CHEMBL4547279,6.67,=,=,EC50,nM,213.0,EC50,nM,213.0,ChEMBL
CHEMBL4316535,COc1ncc(C(F)(F)F)cc1CO[C@H]1[C@H](C(C)(C)C)[C@@H](C(=O)O)N(C(=O)[C@H]2CCCCO2)[C@H]1c1ccccc1,,CHEMBL4581904,6.46,=,=,EC50,nM,346.0,EC50,nM,346.0,ChEMBL
CHEMBL4316535,COc1ncc(C(F)(F)F)cc1CO[C@H]1[C@H](C(C)(C)C)[C@@H](C(=O)O)N(C(=O)[C@@H]2CCCCO2)[C@H]1c1ccccc1C(C)C,,CHEMBL4463048,7.46,=,=,EC50,nM,35.0,EC50,nM,35.0,ChEMBL
CHEMBL4316535,COc1ncc(C(F)(F)F)cc1CO[C@H]1[C@H](C(C)(C)C)[C@@H](C(=O)O)N(C(=O)[C@@H]2CCCCO2)[C@H]1c1ccccc1C1CC1,,CHEMBL4475985,7.18,=,=,EC50,nM,66.0,EC50,nM,66.0,ChEMBL
CHEMBL4316535,COc1ncc(C(F)(F)F)cc1CO[C@H]1[C@H](C(C)(C)C)[C@@H](C(=O)O)N(C(=O)[C@@H]2CCCCO2)[C@H]1c1ccccc1Cl,,CHEMBL4546985,6.65,=,=,EC50,nM,222.0,EC50,nM,222.0,ChEMBL
CHEMBL4316535,CCc1ccccc1[C@H]1[C@@H](OCc2cc(C(F)(F)F)cnc2OC)[C@H](C(C)(C)C)[C@@H](C(=O)O)N1C(=O)[C@@H]1CCCCO1,,CHEMBL4461428,7.32,=,=,EC50,nM,48.0,EC50,nM,48.0,ChEMBL
CHEMBL4316535,COc1ncc(C(F)(F)F)cc1CO[C@H]1[C@H](C(C)(C)C)[C@@H](C(=O)O)N(C(=O)[C@@H]2CCCCO2)[C@H]1c1ccccc1CC(C)C,,CHEMBL4570987,7.28,=,=,EC50,nM,52.0,EC50,nM,52.0,ChEMBL
CHEMBL4316535,COc1ncc(C(F)(F)F)cc1CO[C@H]1[C@H](C(C)(C)C)[C@@H](C(=O)O)N(C(=O)[C@@H]2CCCCO2)[C@H]1c1ccccc1C,,CHEMBL4588847,6.98,=,=,EC50,nM,105.0,EC50,nM,105.0,ChEMBL
CHEMBL4355659,Cc1nc2ccc(N(C)C(=O)Cn3nc(-c4cccc(Cl)c4)c4ccccc4c3=O)cc2o1,,CHEMBL4472545,,<,<,EC50,nM,10000.0,EC50,uM,10.0,ChEMBL
CHEMBL4368068,COc1ccc2nc(N3CCN(C(=O)c4ccccc4F)CC3)c(C#N)cc2c1,,CHEMBL4444352,4.96,=,=,EC50,nM,11000.0,EC50,uM,11.0,ChEMBL
CHEMBL4368068,COc1ccc(S(=O)(=O)N2CCN(c3nc4ccc(C)cc4cc3C#N)CC2)cc1,,CHEMBL4444246,5.42,=,=,EC50,nM,3800.0,EC50,uM,3.8,ChEMBL
CHEMBL4368068,Cc1cc(C)c2cc(C#N)c(NCCNC(=O)c3cccs3)nc2c1,,CHEMBL4554422,4.85,=,=,EC50,nM,14000.0,EC50,uM,14.0,ChEMBL
CHEMBL4368068,COc1ccc(C(=O)NCCNc2nc3ccc(C)cc3cc2C#N)cc1OC,,CHEMBL1403454,4.82,=,=,EC50,nM,15000.0,EC50,uM,15.0,ChEMBL
CHEMBL4368068,COc1ccc(C(=O)NCCNc2nc3c(C)cccc3cc2C#N)cc1OC,,CHEMBL1583913,4.82,=,=,EC50,nM,15000.0,EC50,uM,15.0,ChEMBL
CHEMBL4368068,COc1cccc(C(=O)NCCNc2nc3cc(C)cc(C)c3cc2C#N)c1,,CHEMBL2018574,4.85,=,=,EC50,nM,14000.0,EC50,uM,14.0,ChEMBL
CHEMBL4368064,COc1ccc(Cl)cc1Nc1nc(-c2sc(NC(=O)C(C)(C)C)nc2C)c(-n2cc(CO)nn2)s1,,CHEMBL2069648,5.80,=,=,EC50,nM,1600.0,EC50,uM,1.6,ChEMBL
CHEMBL4368064,O=C(O)c1ccc(C2CC(NC(=O)C3(c4ccc5c(c4)OC(F)(F)O5)CC3)c3ccc(OC(F)F)cc3O2)cc1,,CHEMBL4558190,9.30,=,=,EC50,nM,0.5,EC50,nM,0.5,ChEMBL
CHEMBL4368064,COc1ccc(Cl)cc1Nc1nc2c(s1)CCCc1nc(NC(=O)C(C)(C)C)sc1-2,,CHEMBL495336,6.52,=,=,EC50,nM,300.0,EC50,nM,300.0,ChEMBL
CHEMBL4368064,COc1ccc(Cl)cc1Cn1nc(-c2sc(NC(=O)C(C)(C)C)nc2C)cc1C(=O)N1CCOCC1,,CHEMBL4450801,6.00,=,=,EC50,nM,1000.0,EC50,uM,1.0,ChEMBL
CHEMBL4368064,NC(=O)C1CCC(c2nc(-c3ccccn3)nc3c2CN(Cc2ccccc2)CC3)CC1,,CHEMBL4442921,5.85,=,=,EC50,nM,1400.0,EC50,uM,1.4,ChEMBL
CHEMBL4368064,COc1ccc(Cl)cc1Nc1nc(-c2sc(NC(=O)c3ccccc3)nc2C)cs1,,CHEMBL260775,,<=,<=,EC50,nM,2800.0,EC50,uM,2.8,ChEMBL
CHEMBL4368064,Cc1ccc(NC(=O)C2(c3ccc4c(c3)OC(F)(F)O4)CC2)nc1-c1cccc(C(=O)O)c1,,CHEMBL2103870,5.58,=,=,EC50,nM,2600.0,EC50,uM,2.6,ChEMBL
CHEMBL4368066,COc1ccc2nc(N3CCN(C(=O)c4ccccc4F)CC3)c(C#N)cc2c1,,CHEMBL4444352,5.38,=,=,EC50,nM,4200.0,EC50,uM,4.2,ChEMBL
CHEMBL4368066,COc1ccc(S(=O)(=O)N2CCN(c3nc4ccc(C)cc4cc3C#N)CC2)cc1,,CHEMBL4444246,5.30,=,=,EC50,nM,5000.0,EC50,uM,5.0,ChEMBL
CHEMBL4368066,Cc1cc(C)c2cc(C#N)c(NCCNC(=O)c3cccs3)nc2c1,,CHEMBL4554422,4.85,=,=,EC50,nM,14000.0,EC50,uM,14.0,ChEMBL
CHEMBL4368066,COc1ccc(C(=O)NCCNc2nc3ccc(C)cc3cc2C#N)cc1OC,,CHEMBL1403454,5.41,=,=,EC50,nM,3900.0,EC50,uM,3.9,ChEMBL
CHEMBL4368066,COc1ccc(C(=O)NCCNc2nc3c(C)cccc3cc2C#N)cc1OC,,CHEMBL1583913,5.42,=,=,EC50,nM,3800.0,EC50,uM,3.8,ChEMBL
CHEMBL4368066,COc1cccc(C(=O)NCCNc2nc3cc(C)cc(C)c3cc2C#N)c1,,CHEMBL2018574,5.66,=,=,EC50,nM,2200.0,EC50,uM,2.2,ChEMBL
CHEMBL4368070,Cc1cccc(Nc2ncnc3onc(-c4ccc(F)cc4)c23)c1C,,CHEMBL1433758,5.41,=,=,IC50,nM,3900.0,IC50,uM,3.9,ChEMBL
CHEMBL4368070,Cc1cccc(Nc2ncnc3onc(-c4ccc(Cl)cc4)c23)c1C,,CHEMBL1316007,5.41,=,=,IC50,nM,3900.0,IC50,uM,3.9,ChEMBL
CHEMBL4368070,COc1cccc(Nc2ncnc3onc(-c4ccc(Cl)cc4)c23)c1,,CHEMBL4436328,5.50,=,=,IC50,nM,3200.0,IC50,uM,3.2,ChEMBL
CHEMBL4432801,O=C(O)c1cccc([C@H]2C[C@@H](NC(=O)C3(c4ccc5c(c4)OC(F)(F)O5)CC3)CCO2)c1,,CHEMBL4467142,6.07,=,=,EC50,nM,850.0,EC50,uM,0.85,ChEMBL
CHEMBL4432801,O=C(O)c1ccc([C@H]2C[C@@H](NC(=O)C3(c4ccc5c(c4)OC(F)(F)O5)CC3)CCO2)cc1,,CHEMBL4453805,5.54,=,=,EC50,nM,2860.0,EC50,uM,2.86,ChEMBL
CHEMBL4432801,O=C(O)c1cccc([C@@H]2C[C@H](NC(=O)C3(c4ccc5c(c4)OC(F)(F)O5)CC3)C[C@H](c3ccccc3)O2)c1,,CHEMBL4564745,4.70,=,=,EC50,nM,20000.0,EC50,uM,20.0,ChEMBL
CHEMBL4432801,O=C(O)c1cccc([C@H]2C[C@@H](NC(=O)C3(c4ccc5c(c4)OC(F)(F)O5)CC3)C[C@@H](c3ccccc3)O2)c1,,CHEMBL4483334,6.55,=,=,EC50,nM,280.0,EC50,uM,0.28,ChEMBL
CHEMBL4432801,O=C(O)c1ccc([C@H]2C[C@@H](NC(=O)C3(c4ccc5c(c4)OC(F)(F)O5)CC3)C[C@@H](c3ccccc3)O2)cc1,,CHEMBL4571017,6.52,=,=,EC50,nM,300.0,EC50,uM,0.3,ChEMBL
CHEMBL4432801,CCOC(=O)c1cc(C)cc([C@H]2C[C@@H](NC(=O)C3(c4ccc5c(c4)OC(F)(F)O5)CC3)C[C@@H](c3ccccc3)O2)c1,,CHEMBL4453036,5.94,=,=,EC50,nM,1160.0,EC50,uM,1.16,ChEMBL
CHEMBL4432800,O=C(O)c1ccc([C@H]2C[C@@H](NC(=O)C3(c4ccc5c(c4)OC(F)(F)O5)CC3)CCO2)cc1,,CHEMBL4453805,5.87,=,=,EC50,nM,1340.0,EC50,uM,1.34,ChEMBL
CHEMBL4432800,O=C(O)c1cccc([C@H]2C[C@@H](NC(=O)C3(c4ccc5c(c4)OC(F)(F)O5)CC3)C[C@@H](c3ccccc3)O2)c1,,CHEMBL4483334,7.00,=,=,EC50,nM,100.0,EC50,uM,0.1,ChEMBL
CHEMBL4432800,O=C(O)c1ccc([C@H]2C[C@@H](NC(=O)C3(c4ccc5c(c4)OC(F)(F)O5)CC3)C[C@@H](c3ccccc3)O2)cc1,,CHEMBL4571017,6.58,=,=,EC50,nM,260.0,EC50,uM,0.26,ChEMBL
CHEMBL4669550,CCOC(=O)Cc1csc(N(CC)C(=O)c2ccc(Cl)cc2)n1,,CHEMBL4764198,5.75,=,=,EC50,nM,1800.0,EC50,uM,1.8,ChEMBL
CHEMBL4669550,CCOC(=O)Cc1csc(N(CC)C(=O)c2ccc(I)cc2)n1,,CHEMBL4746459,5.50,=,=,EC50,nM,3200.0,EC50,uM,3.2,ChEMBL
CHEMBL4711165,O=C(Nc1ccccc1)c1sc(NC(=O)C2(c3ccc4c(c3)OCO4)CC2)nc1-c1ccccc1,,CHEMBL4753652,5.90,=,=,EC50,nM,1260.0,EC50,uM,1.26,ChEMBL
CHEMBL4711165,COc1ccc(-c2nc(NC(=O)C3(c4ccc5c(c4)OCO5)CC3)sc2NC(=O)c2ccccc2)cc1,,CHEMBL4747670,5.75,=,=,EC50,nM,1760.0,EC50,uM,1.76,ChEMBL
CHEMBL4711165,Cc1ccc(C(=O)c2cnc(NC(=O)C3(c4ccc5c(c4)OCO5)CC3)s2)cc1,,CHEMBL4781649,5.59,=,=,EC50,nM,2570.0,EC50,uM,2.57,ChEMBL
CHEMBL4711165,COc1ccc(C(=O)c2cnc(NC(=O)C3(c4ccc5c(c4)OCO5)CC3)s2)cc1,,CHEMBL4779543,5.03,=,=,EC50,nM,9300.0,EC50,uM,9.3,ChEMBL
CHEMBL4711165,CSc1ccc(C(=O)c2sc(NC(=O)C3(c4ccc5c(c4)OCO5)CC3)nc2-c2ccccc2)cc1,,CHEMBL4748761,7.00,=,=,EC50,nM,100.0,EC50,uM,0.1,ChEMBL
CHEMBL4711165,O=C(c1ccc(Br)cc1)c1sc(NC(=O)C2(c3ccc4c(c3)OCO4)CC2)nc1-c1ccccc1,,CHEMBL4751090,6.28,=,=,EC50,nM,530.0,EC50,uM,0.53,ChEMBL
CHEMBL4711165,CCOC(=O)c1ccc(C(=O)c2sc(NC(=O)C3(c4ccc5c(c4)OCO5)CC3)nc2-c2ccccc2)cc1,,CHEMBL4754741,6.39,=,=,EC50,nM,410.0,EC50,uM,0.41,ChEMBL
CHEMBL4711165,O=C(O)c1ccc(C(=O)c2sc(NC(=O)C3(c4ccc5c(c4)OCO5)CC3)nc2-c2ccccc2)cc1,,CHEMBL4789667,5.14,=,=,EC50,nM,7310.0,EC50,uM,7.31,ChEMBL
CHEMBL4711165,CNC(=O)c1ccc(C(=O)c2sc(NC(=O)C3(c4ccc5c(c4)OCO5)CC3)nc2-c2ccccc2)cc1,,CHEMBL4796083,,,,EC50,,,EC50,,,ChEMBL
CHEMBL4711165,CCN(CC)c1ccc(C(=O)c2sc(NC(=O)C3(c4ccc5c(c4)OCO5)CC3)nc2-c2ccccc2)cc1,,CHEMBL4786568,6.68,=,=,EC50,nM,210.0,EC50,uM,0.21,ChEMBL
CHEMBL4711165,CCCCCc1ccc(C(=O)c2sc(NC(=O)C3(c4ccc5c(c4)OCO5)CC3)nc2-c2ccccc2)cc1,,CHEMBL4796687,6.37,=,=,EC50,nM,430.0,EC50,uM,0.43,ChEMBL
CHEMBL4711165,COc1ccc(C(=O)c2sc(NC(=O)C3(c4ccc5c(c4)OCO5)CC3)nc2-c2ccccc2)cc1,,CHEMBL4759522,6.35,=,=,EC50,nM,450.0,EC50,uM,0.45,ChEMBL
CHEMBL4711165,O=C(c1ccc(OC(F)(F)F)cc1)c1sc(NC(=O)C2(c3ccc4c(c3)OCO4)CC2)nc1-c1ccccc1,,CHEMBL4746792,6.44,=,=,EC50,nM,360.0,EC50,uM,0.36,ChEMBL
CHEMBL4711165,CCCOc1ccc(C(=O)c2sc(NC(=O)C3(c4ccc5c(c4)OCO5)CC3)nc2-c2ccccc2)cc1,,CHEMBL4762900,7.77,=,=,EC50,nM,17.0,EC50,uM,0.017,ChEMBL
CHEMBL4711165,CCCOc1cccc(C(=O)c2sc(NC(=O)C3(c4ccc5c(c4)OCO5)CC3)nc2-c2ccccc2)c1,,CHEMBL4742255,6.80,=,=,EC50,nM,160.0,EC50,uM,0.16,ChEMBL
CHEMBL4711165,O=C(c1ccc(-c2cccs2)cc1)c1sc(NC(=O)C2(c3ccc4c(c3)OCO4)CC2)nc1-c1ccccc1,,CHEMBL4752374,5.97,=,=,EC50,nM,1060.0,EC50,uM,1.06,ChEMBL
CHEMBL4711165,O=C(c1ccc(-c2ccccc2)cc1)c1sc(NC(=O)C2(c3ccc4c(c3)OCO4)CC2)nc1-c1ccccc1,,CHEMBL4763661,7.16,=,=,EC50,nM,70.0,EC50,uM,0.07,ChEMBL
CHEMBL4711165,O=C(c1ccc(N2CCCC2)cc1)c1sc(NC(=O)C2(c3ccc4c(c3)OCO4)CC2)nc1-c1ccccc1,,CHEMBL4786072,6.43,=,=,EC50,nM,370.0,EC50,uM,0.37,ChEMBL
CHEMBL4711165,O=C(c1cccc(-c2ccccc2)c1)c1sc(NC(=O)C2(c3ccc4c(c3)OCO4)CC2)nc1-c1ccccc1,,CHEMBL4754263,6.60,=,=,EC50,nM,250.0,EC50,uM,0.25,ChEMBL
CHEMBL4711165,COc1ccccc1C(=O)c1sc(NC(=O)C2(c3ccc4c(c3)OCO4)CC2)nc1-c1ccccc1,,CHEMBL4749432,6.85,=,=,EC50,nM,140.0,EC50,uM,0.14,ChEMBL
CHEMBL4711165,COc1cccc(C(=O)c2sc(NC(=O)C3(c4ccc5c(c4)OCO5)CC3)nc2-c2ccccc2)c1,,CHEMBL4746430,7.00,=,=,EC50,nM,100.0,EC50,uM,0.1,ChEMBL
CHEMBL4711165,O=C(c1cccc(Br)c1)c1sc(NC(=O)C2(c3ccc4c(c3)OCO4)CC2)nc1-c1ccccc1,,CHEMBL4800413,6.75,=,=,EC50,nM,180.0,EC50,uM,0.18,ChEMBL
CHEMBL4711165,O=C(c1cccc(F)c1)c1sc(NC(=O)C2(c3ccc4c(c3)OCO4)CC2)nc1-c1ccccc1,,CHEMBL4753660,6.89,=,=,EC50,nM,130.0,EC50,uM,0.13,ChEMBL
CHEMBL4711165,COc1ccc(OC)c(C(=O)c2sc(NC(=O)C3(c4ccc5c(c4)OCO5)CC3)nc2-c2ccccc2)c1,,CHEMBL4776895,6.96,=,=,EC50,nM,110.0,EC50,uM,0.11,ChEMBL
CHEMBL4711165,COc1ccc(C(=O)c2sc(NC(=O)C3(c4ccc5c(c4)OCO5)CC3)nc2-c2ccccc2)c(OC)c1,,CHEMBL4788444,6.40,=,=,EC50,nM,400.0,EC50,uM,0.4,ChEMBL
CHEMBL4711165,COc1ccc(C(=O)c2sc(NC(=O)C3(c4ccc5c(c4)OCO5)CC3)nc2-c2ccccc2)cc1Cl,,CHEMBL4793532,6.39,=,=,EC50,nM,410.0,EC50,uM,0.41,ChEMBL
CHEMBL4711165,C=CCc1cc(C(=O)c2sc(NC(=O)C3(c4ccc5c(c4)OCO5)CC3)nc2-c2ccccc2)ccc1O,,CHEMBL4751995,6.55,=,=,EC50,nM,280.0,EC50,uM,0.28,ChEMBL
CHEMBL4711165,NC(=O)c1cc(C(=O)c2sc(NC(=O)C3(c4ccc5c(c4)OCO5)CC3)nc2-c2ccccc2)ccc1O,,CHEMBL4753762,4.86,=,=,EC50,nM,13700.0,EC50,uM,13.7,ChEMBL
CHEMBL4711165,O=C(c1cc(Cl)ccc1O)c1sc(NC(=O)C2(c3ccc4c(c3)OCO4)CC2)nc1-c1ccccc1,,CHEMBL4764388,5.80,=,=,EC50,nM,1600.0,EC50,uM,1.6,ChEMBL
CHEMBL4711165,O=C(c1ccc2c(c1)OCO2)c1sc(NC(=O)C2(c3ccc4c(c3)OCO4)CC2)nc1-c1ccccc1,,CHEMBL4752107,6.96,=,=,EC50,nM,110.0,EC50,uM,0.11,ChEMBL
CHEMBL4711165,CC(=O)c1sc(NC(=O)C2(c3ccc4c(c3)OCO4)CC2)nc1-c1ccccc1,,CHEMBL4755069,5.57,=,=,EC50,nM,2720.0,EC50,uM,2.72,ChEMBL
CHEMBL4711165,O=C(c1cccnc1)c1sc(NC(=O)C2(c3ccc4c(c3)OCO4)CC2)nc1-c1ccccc1,,CHEMBL4758104,6.10,=,=,EC50,nM,790.0,EC50,uM,0.79,ChEMBL
CHEMBL4711165,O=C(c1sc(NC(=O)C2(c3ccc4c(c3)OCO4)CC2)nc1-c1ccccc1)N1CCOCC1,,CHEMBL4764081,5.07,=,=,EC50,nM,8500.0,EC50,uM,8.5,ChEMBL
CHEMBL4711172,CCCOc1ccc(C(=O)c2sc(NC(=O)C3(c4ccc5c(c4)OCO5)CC3)nc2-c2ccccc2)cc1,,CHEMBL4762900,4.42,=,=,Kd,nM,38200.0,Kd,uM,38.2,ChEMBL
CHEMBL4711172,O=C(c1ccc(-c2ccccc2)cc1)c1sc(NC(=O)C2(c3ccc4c(c3)OCO4)CC2)nc1-c1ccccc1,,CHEMBL4763661,4.05,=,=,Kd,nM,89300.0,Kd,uM,89.3,ChEMBL
CHEMBL4711172,Cc1ccc(NC(=O)C2(c3ccc4c(c3)OC(F)(F)O4)CC2)nc1-c1cccc(C(=O)O)c1,,CHEMBL2103870,4.14,=,=,Kd,nM,72800.0,Kd,uM,72.8,ChEMBL
CHEMBL4730448,CN(C)c1ccc2cc(C(=O)N3CCc4[nH]c5ccccc5c4C3)[nH]c2c1,,CHEMBL4741626,6.92,=,=,EC50,nM,120.0,EC50,uM,0.12,ChEMBL
CHEMBL4730448,O=C(c1cnn(-c2ccccc2)c1)N1CCc2[nH]c3ccccc3c2C1,,CHEMBL4761482,5.39,=,=,EC50,nM,4100.0,EC50,uM,4.1,ChEMBL
CHEMBL4730448,COc1ccc2[nH]c3c(c2c1)CN(C(=O)c1cc(C(F)(F)F)[nH]n1)CC3,,CHEMBL4744909,6.46,=,=,EC50,nM,350.0,EC50,uM,0.35,ChEMBL
CHEMBL4730448,COc1ccc2[nH]c3c(c2c1)CN(C(=O)c1cc[nH]n1)CC3,,CHEMBL4783477,4.97,=,=,EC50,nM,10600.0,EC50,uM,10.6,ChEMBL
CHEMBL4730448,COc1ccc2[nH]c3c(c2c1)CN(C(=O)c1cc(C)[nH]n1)CC3,,CHEMBL4745080,4.22,=,=,EC50,nM,60000.0,EC50,uM,60.0,ChEMBL
CHEMBL4730448,COc1ccc2[nH]c3c(c2c1)CN(C(=O)c1cc(C(C)C)[nH]n1)CC3,,CHEMBL4750913,5.24,=,=,EC50,nM,5700.0,EC50,uM,5.7,ChEMBL
CHEMBL4730448,COc1ccc2[nH]c3c(c2c1)CN(C(=O)c1cc(-c2ccccc2)[nH]n1)CC3,,CHEMBL4796643,6.09,=,=,EC50,nM,820.0,EC50,uM,0.82,ChEMBL
CHEMBL4730448,COc1ccc2[nH]c3c(c2c1)CN(C(=O)c1c[nH]c(C(F)(F)F)n1)CC3,,CHEMBL4740049,5.55,=,=,EC50,nM,2800.0,EC50,uM,2.8,ChEMBL
CHEMBL4730448,COc1ccc2[nH]c3c(c2c1)CN(C(=O)c1ccc(Br)o1)CC3,,CHEMBL4787986,5.43,=,=,EC50,nM,3700.0,EC50,uM,3.7,ChEMBL
CHEMBL4730448,COc1ccc2[nH]c3c(c2c1)CN(C(=O)c1cc2ccc(N(C)C)cc2[nH]1)CC3,,CHEMBL4799939,6.82,=,=,EC50,nM,150.0,EC50,uM,0.15,ChEMBL
CHEMBL4730448,COc1ccc2[nH]c3c(c2c1)CN(C(=O)c1cc(C(F)(F)F)n(C)n1)CC3,,CHEMBL4747252,5.15,=,=,EC50,nM,7100.0,EC50,uM,7.1,ChEMBL
CHEMBL4730448,COc1ccc2c(c1)c1c(n2C)CCN(C(=O)c2cc(C(F)(F)F)[nH]n2)C1,,CHEMBL4791435,5.68,=,=,EC50,nM,2100.0,EC50,uM,2.1,ChEMBL
CHEMBL4730448,O=C(c1cc(C(F)(F)F)[nH]n1)N1CCc2[nH]c3ccccc3c2C1,,CHEMBL4755366,6.64,=,=,EC50,nM,230.0,EC50,uM,0.23,ChEMBL
CHEMBL4730448,Cc1ccc2[nH]c3c(c2c1)CN(C(=O)c1cc(C(F)(F)F)[nH]n1)CC3,,CHEMBL4757589,6.57,=,=,EC50,nM,270.0,EC50,uM,0.27,ChEMBL
CHEMBL4730448,Cc1cccc2[nH]c3c(c12)CN(C(=O)c1cc(C(F)(F)F)[nH]n1)CC3,,CHEMBL4741540,6.32,=,=,EC50,nM,480.0,EC50,uM,0.48,ChEMBL
CHEMBL4730448,Cc1ccc2c3c([nH]c2c1)CCN(C(=O)c1cc(C(F)(F)F)[nH]n1)C3,,CHEMBL4759920,6.70,=,=,EC50,nM,200.0,EC50,uM,0.2,ChEMBL
CHEMBL4730448,Cc1cccc2c3c([nH]c12)CCN(C(=O)c1cc(C(F)(F)F)[nH]n1)C3,,CHEMBL4762219,5.94,=,=,EC50,nM,1140.0,EC50,uM,1.14,ChEMBL
CHEMBL4730448,CC(C)c1ccc2[nH]c3c(c2c1)CN(C(=O)c1cc(C(F)(F)F)[nH]n1)CC3,,CHEMBL4780866,5.85,=,=,EC50,nM,1400.0,EC50,uM,1.4,ChEMBL
CHEMBL4730448,O=C(c1cc(C(F)(F)F)[nH]n1)N1CCc2[nH]c3ccc(F)cc3c2C1,,CHEMBL4780584,6.32,=,=,EC50,nM,480.0,EC50,uM,0.48,ChEMBL
CHEMBL4730448,O=C(c1cc(C(F)(F)F)[nH]n1)N1CCc2[nH]c3c(F)cccc3c2C1,,CHEMBL4745672,7.02,=,=,EC50,nM,96.0,EC50,uM,0.096,ChEMBL
CHEMBL4730448,O=C(c1cc(C(F)(F)F)[nH]n1)N1CCc2[nH]c3ccc(C(F)(F)F)cc3c2C1,,CHEMBL4795877,6.36,=,=,EC50,nM,440.0,EC50,uM,0.44,ChEMBL
CHEMBL4730448,O=C(c1cc(C(F)(F)F)[nH]n1)N1CCc2[nH]c3ccc(OC(F)(F)F)cc3c2C1,,CHEMBL4796353,6.80,=,=,EC50,nM,160.0,EC50,uM,0.16,ChEMBL
CHEMBL4730448,N#Cc1ccc2[nH]c3c(c2c1)CN(C(=O)c1cc(C(F)(F)F)[nH]n1)CC3,,CHEMBL4776837,5.72,=,=,EC50,nM,1900.0,EC50,uM,1.9,ChEMBL
CHEMBL4730448,CS(=O)(=O)c1ccc2[nH]c3c(c2c1)CN(C(=O)c1cc(C(F)(F)F)[nH]n1)CC3,,CHEMBL4742172,4.98,=,=,EC50,nM,10500.0,EC50,uM,10.5,ChEMBL
CHEMBL4730448,COc1cc(F)c2[nH]c3c(c2c1)CN(C(=O)c1cc(C(F)(F)F)[nH]n1)CC3,,CHEMBL4750673,6.89,=,=,EC50,nM,130.0,EC50,uM,0.13,ChEMBL
CHEMBL4730448,Cc1cc(F)c2[nH]c3c(c2c1)CN(C(=O)c1cc(C(F)(F)F)[nH]n1)CC3,,CHEMBL4748780,6.64,=,=,EC50,nM,230.0,EC50,uM,0.23,ChEMBL
CHEMBL4730448,O=C(c1cc(C(F)(F)F)[nH]n1)N1CCc2[nH]c3c(F)cc(F)cc3c2C1,,CHEMBL4753956,6.82,=,=,EC50,nM,150.0,EC50,uM,0.15,ChEMBL
CHEMBL4730448,O=C(c1cc(C(F)(F)F)[nH]n1)N1CCc2[nH]c3c(F)cc(C(F)(F)F)cc3c2C1,,CHEMBL4799047,6.24,=,=,EC50,nM,570.0,EC50,uM,0.57,ChEMBL
CHEMBL4730448,O=C(c1cc(C(F)(F)F)[nH]n1)N1CCc2[nH]c3c(F)ccc(F)c3c2C1,,CHEMBL4750010,6.82,=,=,EC50,nM,150.0,EC50,uM,0.15,ChEMBL
CHEMBL4730448,Cc1ccc(F)c2[nH]c3c(c12)CN(C(=O)c1cc(C(F)(F)F)[nH]n1)CC3,,CHEMBL4745695,7.22,=,=,EC50,nM,60.0,EC50,uM,0.06,ChEMBL
CHEMBL4730448,Cc1ccc(F)c2c3c([nH]c12)CCN(C(=O)c1cc(C(F)(F)F)[nH]n1)C3,,CHEMBL4776336,6.03,=,=,EC50,nM,940.0,EC50,uM,0.94,ChEMBL
CHEMBL4730448,Cc1ccc(F)c2[nH]c3c(c12)C(C)N(C(=O)c1cc(C(F)(F)F)[nH]n1)CC3,,CHEMBL4743775,7.52,=,=,EC50,nM,30.0,EC50,uM,0.03,ChEMBL
CHEMBL4730448,Cc1ccc(F)c2[nH]c3c(c12)CN(C(=O)c1cc(C(F)(F)F)[nH]n1)C(C)C3,,CHEMBL4784101,7.66,=,=,EC50,nM,22.0,EC50,uM,0.022000000000000002,ChEMBL
CHEMBL4730448,Cc1ccc(F)c2[nH]c3c(c12)CN(C(=O)c1cc(C(F)(F)F)[nH]n1)C(C)(C)C3,,CHEMBL4753999,5.72,=,=,EC50,nM,1910.0,EC50,uM,1.91,ChEMBL
CHEMBL4730448,Cc1ccc(F)c2[nH]c3c(c12)C1CCC(C3)N1C(=O)c1cc(C(F)(F)F)[nH]n1,,CHEMBL4749614,5.89,=,=,EC50,nM,1300.0,EC50,uM,1.3,ChEMBL
CHEMBL4730448,Cc1ccc(F)c2[nH]c3c(c12)[C@H]1CC[C@@H](C3)N1C(=O)c1cc(C(F)(F)F)[nH]n1,,CHEMBL4792685,,,,EC50,,,EC50,,,ChEMBL
CHEMBL4730448,Cc1ccc(F)c2[nH]c3c(c12)[C@@H]1CC[C@H](C3)N1C(=O)c1cc(C(F)(F)F)[nH]n1,,CHEMBL4799465,6.27,=,=,EC50,nM,540.0,EC50,uM,0.54,ChEMBL
CHEMBL4730448,Cc1ccc(F)c2[nH]c3c(c12)CCN(C(=O)c1cc(C(F)(F)F)[nH]n1)CC3,,CHEMBL4759695,5.64,=,=,EC50,nM,2300.0,EC50,uM,2.3,ChEMBL
CHEMBL4730448,Cc1ccc(F)c2[nH]c3c(c12)CN(C(=O)c1cc(C(F)(F)F)[nH]n1)[C@H](C)C3,,CHEMBL4741301,7.77,=,=,EC50,nM,17.0,EC50,uM,0.017,ChEMBL
CHEMBL4730448,Cc1ccc(F)c2[nH]c3c(c12)CN(C(=O)c1cc(C(F)(F)F)[nH]n1)[C@@H](C)C3,,CHEMBL4741960,5.96,=,=,EC50,nM,1100.0,EC50,uM,1.1,ChEMBL
CHEMBL4730448,Cc1ccc(F)c2[nH]c3c(c12)[C@H](C)N(C(=O)c1cc(C(F)(F)F)[nH]n1)CC3,,CHEMBL4762302,7.10,=,=,EC50,nM,80.0,EC50,uM,0.08,ChEMBL
CHEMBL4730448,Cc1ccc(F)c2[nH]c3c(c12)[C@@H](C)N(C(=O)c1cc(C(F)(F)F)[nH]n1)CC3,,CHEMBL4752731,7.30,=,=,EC50,nM,50.0,EC50,uM,0.05,ChEMBL
CHEMBL4733683,COc1ccc2[nH]c3c(c2c1)CCNC31CCN(Cc2ccccc2)CC1,,CHEMBL4777596,4.90,=,=,EC50,nM,12600.0,EC50,uM,12.6,ChEMBL
CHEMBL4733683,COc1ccc2[nH]c3c(c2c1)CCNC31CCN(Cc2ccc([N+](=O)[O-])cc2F)CC1,,CHEMBL4787844,5.23,=,=,EC50,nM,5900.0,EC50,uM,5.9,ChEMBL
CHEMBL4733683,COc1ccc2[nH]c3c(c2c1)CCNC31CCN(Cc2cc(Cl)ccc2[N+](=O)[O-])CC1,,CHEMBL4792210,5.15,=,=,EC50,nM,7100.0,EC50,uM,7.1,ChEMBL
CHEMBL4733683,COc1ccc2[nH]c3c(c2c1)CCNC31CCN(Cc2ccc(Cl)cc2Cl)CC1,,CHEMBL4757713,5.75,=,=,EC50,nM,1800.0,EC50,uM,1.8,ChEMBL
CHEMBL4733683,COc1ccc2[nH]c3c(c2c1)CCNC31CCN(Cc2cc(F)cc(Cl)c2)CC1,,CHEMBL4795066,5.60,=,=,EC50,nM,2500.0,EC50,uM,2.5,ChEMBL
CHEMBL4733683,COc1ccc2[nH]c3c(c2c1)CCNC31CCN(Cc2c(F)ccc(Cl)c2F)CC1,,CHEMBL4791693,5.82,=,=,EC50,nM,1500.0,EC50,uM,1.5,ChEMBL
CHEMBL4733683,COc1ccc2[nH]c3c(c2c1)CCNC31CCN(Cc2ccccc2Cl)CC1,,CHEMBL4747296,5.66,=,=,EC50,nM,2200.0,EC50,uM,2.2,ChEMBL
CHEMBL4733683,COc1ccc2[nH]c3c(c2c1)CCNC31CCN(Cc2ccc(Br)c(F)c2)CC1,,CHEMBL4776929,5.75,=,=,EC50,nM,1800.0,EC50,uM,1.8,ChEMBL
CHEMBL4733683,COc1ccc2[nH]c3c(c2c1)CCNC31CCN(Cc2ccc(Br)cc2F)CC1,,CHEMBL4762754,5.80,=,=,EC50,nM,1600.0,EC50,uM,1.6,ChEMBL
CHEMBL4733683,COc1ccc2[nH]c3c(c2c1)CCNC31CCN(Cc2ccc(F)c(Cl)c2F)CC1,,CHEMBL4786086,5.35,=,=,EC50,nM,4500.0,EC50,uM,4.5,ChEMBL
CHEMBL4733683,COc1ccc2[nH]c3c(c2c1)CCNC31CCN(Cc2ccc(F)cc2F)CC1,,CHEMBL4794525,5.70,=,=,EC50,nM,2000.0,EC50,uM,2.0,ChEMBL
CHEMBL4733683,COc1ccc2[nH]c3c(c2c1)CCNC31CCN(Cc2cc(F)ccc2F)CC1,,CHEMBL4798358,4.96,=,=,EC50,nM,11100.0,EC50,uM,11.1,ChEMBL
CHEMBL4733683,COc1ccc2[nH]c3c(c2c1)CCNC31CCN(Cc2cc(F)cc(F)c2)CC1,,CHEMBL4790812,4.96,=,=,EC50,nM,11100.0,EC50,uM,11.1,ChEMBL
CHEMBL4733683,COc1ccc2[nH]c3c(c2c1)CCNC31CCN(Cc2cc(F)c(F)c(F)c2)CC1,,CHEMBL4789120,5.58,=,=,EC50,nM,2600.0,EC50,uM,2.6,ChEMBL
CHEMBL4733683,COc1ccc2[nH]c3c(c2c1)CCNC31CCN(Cc2c(F)c(F)c(F)c(F)c2F)CC1,,CHEMBL4793181,5.68,=,=,EC50,nM,2100.0,EC50,uM,2.1,ChEMBL
CHEMBL4733683,COc1ccc2[nH]c3c(c2c1)CCNC31CCN(Cc2ccc(F)c(F)c2)CC1,,CHEMBL4761075,4.96,=,=,EC50,nM,11000.0,EC50,uM,11.0,ChEMBL
CHEMBL4733683,COc1ccc2[nH]c3c(c2c1)CCNC31CCN(Cc2ccc(F)c(F)c2F)CC1,,CHEMBL4782827,5.39,=,=,EC50,nM,4100.0,EC50,uM,4.1,ChEMBL
CHEMBL4733683,COc1ccc2[nH]c3c(c2c1)CCNC31CCN(Cc2cccc(F)c2F)CC1,,CHEMBL4744518,4.87,=,=,EC50,nM,13600.0,EC50,uM,13.6,ChEMBL
CHEMBL4733683,COc1ccc2[nH]c3c(c2c1)CCNC31CCN(Cc2cc(F)c(F)cc2F)CC1,,CHEMBL4752473,6.22,=,=,EC50,nM,600.0,EC50,uM,0.6,ChEMBL
CHEMBL4733683,COc1ccc2[nH]c3c(c2c1)CCNC31CCN(C(C)c2ccccc2)CC1,,CHEMBL4789552,4.70,=,=,EC50,nM,20000.0,EC50,uM,20.0,ChEMBL
CHEMBL4733683,COc1ccc2[nH]c3c(c2c1)CCNC31CCN(Cc2ccco2)CC1,,CHEMBL4763733,4.79,=,=,EC50,nM,16400.0,EC50,uM,16.4,ChEMBL
CHEMBL4733683,COc1ccc2[nH]c3c(c2c1)CCNC31CCN(Cc2ccccn2)CC1,,CHEMBL4749777,4.94,=,=,EC50,nM,11500.0,EC50,uM,11.5,ChEMBL
CHEMBL4733683,COc1ccc2[nH]c3c(c2c1)CCNC31CCN(Cc2cccnc2)CC1,,CHEMBL4743904,4.77,=,=,EC50,nM,17000.0,EC50,uM,17.0,ChEMBL
CHEMBL4733683,COc1ccc2[nH]c3c(c2c1)CCNC31CCCN(Cc2ccc(F)cc2F)CC1,,CHEMBL4791544,4.70,=,=,EC50,nM,20000.0,EC50,uM,20.0,ChEMBL
CHEMBL4733683,Fc1ccc(CN2CCC3(CC2)NCCc2c3[nH]c3ccccc23)c(F)c1,,CHEMBL4789999,5.09,=,=,EC50,nM,8200.0,EC50,uM,8.2,ChEMBL
CHEMBL4733683,Fc1ccc(CN2CCC3(CC2)NCCc2c3[nH]c3ccc(Br)cc23)c(F)c1,,CHEMBL4787205,4.68,=,=,EC50,nM,21000.0,EC50,uM,21.0,ChEMBL
CHEMBL4733683,Fc1ccc(CN2CCC3(CC2)NCCc2c3[nH]c3ccc(Cl)cc23)c(F)c1,,CHEMBL4761703,5.60,=,=,EC50,nM,2500.0,EC50,uM,2.5,ChEMBL
CHEMBL4733683,COc1ccc2c3c([nH]c2c1)C1(CCN(Cc2ccc(F)cc2F)CC1)NCC3,,CHEMBL4754897,5.62,=,=,EC50,nM,2400.0,EC50,uM,2.4,ChEMBL
CHEMBL4733685,COc1ccc2[nH]c3c(c2c1)CCNC31CCN(Cc2cc(F)c(F)cc2F)CC1,,CHEMBL4752473,6.10,=,=,EC50,nM,800.0,EC50,uM,0.8,ChEMBL
CHEMBL4768154,NC(=O)c1ccc(-n2cnc3c(N)nc(Cl)nc32)cc1,,CHEMBL4794876,5.82,=,=,EC50,nM,1510.0,EC50,uM,1.51,ChEMBL
CHEMBL4768154,NC(=O)c1ccc(-n2cnc3c(N)nc(NCCCc4ccccc4)nc32)cc1,,CHEMBL4788315,6.06,=,=,EC50,nM,870.0,EC50,uM,0.87,ChEMBL
CHEMBL4768154,CC(C)(C)c1cc(C(C)(C)C)c(NC(=O)c2c[nH]c3ccccc3c2=O)cc1O,,CHEMBL2010601,7.93,=,=,EC50,nM,11.7,EC50,nM,11.7,ChEMBL
CHEMBL4775864,NC(=O)c1c(NC(=O)c2ccccc2Cl)sc2c1CCCC2,,CHEMBL210832,6.49,=,=,EC50,nM,326.0,EC50,nM,326.0,ChEMBL
CHEMBL4775864,CN(Cc1ccccc1)S(=O)(=O)c1cc(C(N)=O)c(NC(=O)c2ccn[nH]2)s1,,CHEMBL4790007,7.77,=,=,EC50,nM,17.0,EC50,nM,17.0,ChEMBL
CHEMBL4775864,NC(=O)c1cc(S(=O)(=O)N2CCCCC2)sc1NC(=O)c1ccn[nH]1,,CHEMBL4795314,7.89,=,=,EC50,nM,13.0,EC50,nM,13.0,ChEMBL
CHEMBL4775864,NC(=O)c1cc(S(=O)(=O)c2ccc(F)cc2)sc1NC(=O)c1ccn[nH]1,,CHEMBL4784536,7.54,=,=,EC50,nM,29.0,EC50,nM,29.0,ChEMBL
CHEMBL4775864,CC(C)(C)C(=O)Nc1sc(S(=O)(=O)c2ccc(F)cc2)cc1C(N)=O,,CHEMBL4776744,6.45,=,=,EC50,nM,352.0,EC50,nM,352.0,ChEMBL
CHEMBL4775864,NC(=O)c1cc(S(=O)(=O)c2ccc(F)cc2)sc1NC(=O)C1(O)CC1,,CHEMBL4777140,7.10,=,=,EC50,nM,79.0,EC50,nM,79.0,ChEMBL
CHEMBL4775864,CC(C)(O)C(=O)Nc1sc(S(=O)(=O)c2ccc(F)cc2)cc1C(N)=O,,CHEMBL4782437,7.58,=,=,EC50,nM,26.0,EC50,nM,26.0,ChEMBL
CHEMBL4775864,COc1ccc(S(=O)(=O)c2cc(C(N)=O)c(NC(=O)C(C)(C)O)s2)cc1,,CHEMBL4781656,7.70,=,=,EC50,nM,20.0,EC50,nM,20.0,ChEMBL
CHEMBL4775864,CC(C)(O)CNC(=O)c1ncc(S(=O)(=O)c2ccc(OC(F)(F)F)cc2)cc1N,,CHEMBL4793801,7.48,=,=,EC50,nM,33.0,EC50,nM,33.0,ChEMBL
CHEMBL4775864,Nc1cc(S(=O)(=O)c2ccc(OC(F)(F)F)cc2)cnc1C(=O)NC[C@@H](O)C(F)(F)F,,CHEMBL4798183,8.47,=,=,EC50,nM,3.4,EC50,nM,3.4,ChEMBL
CHEMBL4775864,C[C@H](O)CNC(=O)c1ncc(S(=O)(=O)c2ccc(OC(F)(F)F)cc2)cc1N,,CHEMBL4785210,7.96,=,=,EC50,nM,11.0,EC50,nM,11.0,ChEMBL
CHEMBL4775864,Nc1cc(S(=O)(=O)c2ccc(OC(F)(F)F)cc2)cnc1C(=O)NCC1(O)CC1,,CHEMBL4787310,8.55,=,=,EC50,nM,2.8,EC50,nM,2.8,ChEMBL
CHEMBL4775864,Nc1cc(S(=O)(=O)c2ccc(F)cc2)cnc1C(=O)NC[C@@H](O)C(F)(F)F,,CHEMBL4795705,8.11,=,=,EC50,nM,7.8,EC50,nM,7.8,ChEMBL
CHEMBL4775864,CN(C[C@@H](O)C(F)(F)F)C(=O)c1ncc(S(=O)(=O)c2ccc(F)cc2)cc1N,,CHEMBL4787733,,>,>,EC50,nM,2000.0,EC50,nM,2000.0,ChEMBL
CHEMBL4775864,Nc1cc(S(=O)(=O)c2ccc(C(F)(F)F)cc2)cnc1C(=O)N1CCC[C@H]1CO,,CHEMBL4789045,,>,>,EC50,nM,2000.0,EC50,nM,2000.0,ChEMBL
CHEMBL4775864,Nc1cc(S(=O)(=O)c2ccc(F)cc2)cnc1C(=O)N1CC(O)(C(F)(F)F)C1,,CHEMBL4799994,8.96,=,=,EC50,nM,1.1,EC50,nM,1.1,ChEMBL
CHEMBL4775864,Nc1cc(S(=O)(=O)c2ccccc2OC(F)(F)F)cnc1C(=O)NC[C@@H](O)C(F)(F)F,,CHEMBL4776653,,<,<,EC50,nM,0.31,EC50,nM,0.31,ChEMBL
CHEMBL4775864,Nc1cc(S(=O)(=O)N2CCC(OC(F)(F)F)CC2)cnc1C(=O)NCC(O)C(F)(F)F,,CHEMBL4781857,8.30,=,=,EC50,nM,5.0,EC50,nM,5.0,ChEMBL
CHEMBL4775871,COc1ccc(S(=O)(=O)c2cc(C(N)=O)c(NC(=O)C(C)(C)O)s2)cc1,,CHEMBL4781656,6.32,=,=,EC50,nM,478.0,EC50,nM,478.0,ChEMBL
CHEMBL4775883,C[C@H](O)CNC(=O)c1ncc(S(=O)(=O)c2ccc(OC(F)(F)F)cc2)cc1N,,CHEMBL4785210,7.75,=,=,EC50,nM,18.0,EC50,nM,18.0,ChEMBL
CHEMBL4818951,CC1(C)C[C@@H]2CCCNc3cccc(n3)S(=O)(=O)NC(=O)c3ccc(-n4ccc(OC[Si](C)(C)C5(C(F)(F)F)CC5)n4)nc3N1C2,,CHEMBL4856536,,<,<,EC50,nM,1000.0,EC50,uM,1.0,ChEMBL
CHEMBL4818951,CC1(C)C[C@@H]2CCCNc3cccc(n3)S(=O)(=O)NC(=O)c3ccc(-n4ccc(OCCC5([Si](C)(C)C)CC5)n4)nc3N1C2,,CHEMBL4853797,,<,<,EC50,nM,1000.0,EC50,uM,1.0,ChEMBL
CHEMBL4818951,CC(C)(C)CC[Si](C)(C)c1ccn(-c2ccc3c(n2)N2C[C@@H](CCCNc4cccc(n4)S(=O)(=O)NC3=O)CC2(C)C)n1,,CHEMBL4861993,,<,<,EC50,nM,1000.0,EC50,uM,1.0,ChEMBL
CHEMBL4818951,CC1(C)C[C@@H]2CCCNc3cccc(n3)S(=O)(=O)NC(=O)c3ccc(-n4ccc(OCCC[Si](C)(C)C)n4)nc3N1C2,,CHEMBL4850489,,<,<,EC50,nM,1000.0,EC50,uM,1.0,ChEMBL
CHEMBL4818951,CC1(C)C[C@@H]2CCCNc3cccc(n3)S(=O)(=O)NC(=O)c3ccc(-n4ccc(OCC[Si](C)(C)C)n4)nc3N1C2,,CHEMBL4859637,,<,<,EC50,nM,1000.0,EC50,uM,1.0,ChEMBL
CHEMBL4818951,CC1(C)C[C@@H]2CCCNc3cccc(n3)S(=O)(=O)NC(=O)c3ccc(-n4ccc(OC[Si](C)(C)C)n4)nc3N1C2,,CHEMBL4853116,,<,<,EC50,nM,1000.0,EC50,uM,1.0,ChEMBL
CHEMBL4820534,Cc1ccc(NC(=O)C2(c3ccc4c(c3)OC(F)(F)O4)CC2)nc1-c1cccc(C(=O)O)c1,,CHEMBL2103870,4.32,=,=,Kd,nM,47800.0,Kd,uM,47.8,ChEMBL
CHEMBL4820534,CCCc1nc2c(C)cc(-c3nc4ccccc4n3C)cc2n1Cc1ccc(-c2ccccc2C(=O)O)cc1,Outside typical range,CHEMBL1017,,=,=,Kd,nM,189300.0,Kd,uM,189.3,ChEMBL
CHEMBL4820534,CN1CC(=O)N2[C@H](c3ccc4c(c3)OCO4)c3[nH]c4ccccc4c3C[C@@H]2C1=O,Outside typical range,CHEMBL779,,=,=,Kd,nM,175000.0,Kd,uM,175.0,ChEMBL
CHEMBL4820534,C[C@@H]1O[C@@H](OC[C@H]2O[C@@H](Oc3c(-c4ccc(O)c(O)c4)oc4cc(O)cc(O)c4c3=O)[C@H](O)[C@@H](O)[C@@H]2O)[C@H](O)[C@H](O)[C@H]1O,,CHEMBL226335,4.18,=,=,Kd,nM,65800.0,Kd,uM,65.8,ChEMBL
CHEMBL4820534,O=c1c(O)c(-c2ccc(O)c(O)c2)oc2cc(O)cc(O)c12,,CHEMBL50,4.59,=,=,Kd,nM,25600.0,Kd,uM,25.6,ChEMBL
CHEMBL4880478,COc1ccc2c(c1)O[C@@H](c1ccc(OC)c(OC)c1)C[C@H]2NC(=O)C1(c2ccc3c(c2)OC(F)(F)O3)CC1,,CHEMBL4093612,7.55,=,=,EC50,nM,28.0,EC50,nM,28.0,ChEMBL
CHEMBL4880479,COc1ccc2c(c1)O[C@@H](c1ccc(OC)c(OC)c1)C[C@H]2NC(=O)C1(c2ccc3c(c2)OC(F)(F)O3)CC1,,CHEMBL4093612,6.89,=,=,EC50,nM,130.0,EC50,nM,130.0,ChEMBL
CHEMBL4880480,COc1ccc2c(c1)O[C@@H](c1ccc(OC)c(OC)c1)C[C@H]2NC(=O)C1(c2ccc3c(c2)OC(F)(F)O3)CC1,,CHEMBL4093612,,>,>,EC50,nM,20000.0,EC50,uM,20.0,ChEMBL
CHEMBL4880481,COc1ccc2c(c1)O[C@@H](c1ccc(OC)c(OC)c1)C[C@H]2NC(=O)C1(c2ccc3c(c2)OC(F)(F)O3)CC1,,CHEMBL4093612,7.46,=,=,EC50,nM,35.0,EC50,nM,35.0,ChEMBL
CHEMBL4880478,COc1ccc2c(c1)O[C@H](c1ccc(OC)c(OC)c1)C[C@@H]2NC(=O)C1(c2ccc3c(c2)OC(F)(F)O3)CC1,,CHEMBL4066040,,>,>,EC50,nM,3000.0,EC50,uM,3.0,ChEMBL
CHEMBL4880479,COc1ccc2c(c1)O[C@H](c1ccc(OC)c(OC)c1)C[C@@H]2NC(=O)C1(c2ccc3c(c2)OC(F)(F)O3)CC1,,CHEMBL4066040,6.00,=,=,EC50,nM,1000.0,EC50,uM,1.0,ChEMBL
CHEMBL4880480,COc1ccc2c(c1)O[C@H](c1ccc(OC)c(OC)c1)C[C@@H]2NC(=O)C1(c2ccc3c(c2)OC(F)(F)O3)CC1,,CHEMBL4066040,,>,>,EC50,nM,20000.0,EC50,uM,20.0,ChEMBL
CHEMBL4880481,COc1ccc2c(c1)O[C@H](c1ccc(OC)c(OC)c1)C[C@@H]2NC(=O)C1(c2ccc3c(c2)OC(F)(F)O3)CC1,,CHEMBL4066040,5.41,=,=,EC50,nM,3900.0,EC50,uM,3.9,ChEMBL
CHEMBL5037007,O=c1c(-c2ccc(O)cc2)coc2cc(O)cc(O)c12,,CHEMBL44,5.09,=,=,EC50,nM,8200.0,EC50,uM,8.2,ChEMBL
CHEMBL5037007,CC(C)c1ccc(NC(=O)C(c2ccccc2)N(C)C(=O)Cc2c[nH]c3ccccc23)cc1,,CHEMBL1949980,6.41,=,=,EC50,nM,390.0,EC50,uM,0.39,ChEMBL
CHEMBL5037007,COC(=O)c1cc(-c2ccco2)c(C(F)(F)F)cc1N,,CHEMBL5080252,6.04,=,=,EC50,nM,920.0,EC50,uM,0.92,ChEMBL
CHEMBL5037009,O=c1c(-c2ccc(O)cc2)coc2cc(O)cc(O)c12,,CHEMBL44,5.07,=,=,EC50,nM,8480.0,EC50,uM,8.48,ChEMBL
CHEMBL5037009,CC(C)c1ccc(NC(=O)C(c2ccccc2)N(C)C(=O)Cc2c[nH]c3ccccc23)cc1,,CHEMBL1949980,5.90,=,=,EC50,nM,1250.0,EC50,uM,1.25,ChEMBL
CHEMBL5037009,COC(=O)c1cc(-c2ccco2)c(C(F)(F)F)cc1N,,CHEMBL5080252,7.11,=,=,EC50,nM,78.0,EC50,uM,0.078,ChEMBL
CHEMBL5037009,COC(=O)c1ccc(C(F)(F)F)cc1N,,CHEMBL5085731,5.42,=,=,EC50,nM,3780.0,EC50,uM,3.78,ChEMBL
CHEMBL5037009,COC(=O)c1ccccc1N,,CHEMBL1493986,4.52,=,=,EC50,nM,30000.0,EC50,uM,30.0,ChEMBL
CHEMBL5037009,COC(=O)c1cc(I)c(C(F)(F)F)cc1N,,CHEMBL5083598,6.44,=,=,EC50,nM,362.0,EC50,uM,0.36200000000000004,ChEMBL
CHEMBL5037009,COC(=O)c1cc(-c2ncco2)c(C(F)(F)F)cc1N,,CHEMBL5085939,6.62,=,=,EC50,nM,240.0,EC50,uM,0.24,ChEMBL
CHEMBL5037009,COC(=O)c1cc(-c2cccnc2)c(C(F)(F)F)cc1N,,CHEMBL5076850,6.48,=,=,EC50,nM,329.0,EC50,uM,0.32899999999999996,ChEMBL
CHEMBL5037009,COC(=O)c1cc(C2CCCO2)c(C(F)(F)F)cc1N,,CHEMBL5091133,6.33,=,=,EC50,nM,462.0,EC50,uM,0.462,ChEMBL
CHEMBL5037009,COC(=O)c1nc(-c2ccco2)c(C(F)(F)F)cc1N,,CHEMBL5085858,5.28,=,=,EC50,nM,5310.0,EC50,uM,5.31,ChEMBL
CHEMBL5037009,Nc1cc(C(F)(F)F)c(-c2ccco2)cc1C(=O)O,,CHEMBL5077730,5.23,=,=,EC50,nM,5830.0,EC50,uM,5.83,ChEMBL
CHEMBL5037009,CNC(=O)c1cc(-c2ccco2)c(C(F)(F)F)cc1N,,CHEMBL5085049,5.73,=,=,EC50,nM,1860.0,EC50,uM,1.86,ChEMBL
CHEMBL5037009,CN(C)C(=O)c1cc(-c2ccco2)c(C(F)(F)F)cc1N,,CHEMBL5077005,4.52,=,=,EC50,nM,30000.0,EC50,uM,30.0,ChEMBL
CHEMBL5037009,CNC(=O)c1nc(Br)c(C(F)(F)F)cc1N,,CHEMBL5086285,6.60,=,=,EC50,nM,250.0,EC50,uM,0.25,ChEMBL
CHEMBL5037009,Nc1cc(C(F)(F)F)c(Br)nc1C(=O)NCCC(F)(F)F,,CHEMBL5093146,7.40,=,=,EC50,nM,40.0,EC50,uM,0.04,ChEMBL
CHEMBL5037009,CC(O)CNC(=O)c1nc(Br)c(C(F)(F)F)cc1N,,CHEMBL5082261,7.16,=,=,EC50,nM,70.0,EC50,uM,0.07,ChEMBL
CHEMBL5037009,Nc1cc(C(F)(F)F)c(Br)nc1C(=O)NC[C@H](O)C(F)(F)F,,CHEMBL5081202,7.64,=,=,EC50,nM,23.0,EC50,uM,0.023,ChEMBL
CHEMBL5037009,Nc1cc(C(F)(F)F)c(Br)nc1C(=O)NC[C@@H](O)C(F)(F)F,,CHEMBL5087757,8.05,=,=,EC50,nM,9.0,EC50,uM,0.009000000000000001,ChEMBL
CHEMBL5037009,C[C@](O)(CNC(=O)c1nc(Br)c(C(F)(F)F)cc1N)C(F)(F)F,,CHEMBL5084140,7.82,=,=,EC50,nM,15.0,EC50,uM,0.015,ChEMBL
CHEMBL5037009,C[C@@](O)(CNC(=O)c1nc(Br)c(C(F)(F)F)cc1N)C(F)(F)F,,CHEMBL5088068,7.52,=,=,EC50,nM,30.0,EC50,uM,0.03,ChEMBL
CHEMBL5037009,CC(C)(O)CNC(=O)c1nc(Br)c(C(F)(F)F)cc1N,,CHEMBL5071764,7.11,=,=,EC50,nM,77.0,EC50,uM,0.077,ChEMBL
CHEMBL5037009,Nc1cc(C(F)(F)F)c(Br)nc1C(=O)NCC(O)(C(F)(F)F)C(F)(F)F,,CHEMBL5075860,8.00,=,=,EC50,nM,10.0,EC50,uM,0.01,ChEMBL
CHEMBL5037009,CC(O)(CNC(=O)c1ncc(C(F)(F)F)cc1N)C(F)(F)F,,CHEMBL5079547,6.64,=,=,EC50,nM,229.0,EC50,uM,0.22899999999999998,ChEMBL
CHEMBL5037009,Cc1nc(C(=O)NCC(C)(O)C(F)(F)F)c(N)cc1C(F)(F)F,,CHEMBL5083308,6.62,=,=,EC50,nM,240.0,EC50,uM,0.24,ChEMBL
CHEMBL5037009,CCc1nc(C(=O)NCC(C)(O)C(F)(F)F)c(N)cc1C(F)(F)F,,CHEMBL5076312,8.10,=,=,EC50,nM,8.0,EC50,uM,0.008,ChEMBL
CHEMBL5037009,CCc1nc(C(=O)NCC(C)(O)C(F)(F)F)c(N)cc1C(F)(F)F,,CHEMBL5076312,7.37,=,=,EC50,nM,43.0,EC50,uM,0.043,ChEMBL
CHEMBL5037009,C[C@](O)(CNC(=O)c1nc(C(F)(F)F)c(C(F)(F)F)cc1N)C(F)(F)F,,CHEMBL5088607,8.05,=,=,EC50,nM,9.0,EC50,uM,0.009000000000000001,ChEMBL
CHEMBL5037009,CNc1nc(C(=O)NCC(C)(O)C(F)(F)F)c(N)cc1C(F)(F)F,,CHEMBL5075105,6.56,=,=,EC50,nM,276.0,EC50,uM,0.276,ChEMBL
CHEMBL5037009,CNc1nc(C(=O)NCC(C)(O)C(F)(F)F)c(N)cc1C(F)(F)F,,CHEMBL5075105,6.96,=,=,EC50,nM,111.0,EC50,uM,0.111,ChEMBL
CHEMBL5037009,CN(C)c1nc(C(=O)NCC(C)(O)C(F)(F)F)c(N)cc1C(F)(F)F,,CHEMBL5082569,7.70,=,=,EC50,nM,20.0,EC50,uM,0.02,ChEMBL
CHEMBL5037009,CN(C)c1nc(C(=O)NCC(C)(O)C(F)(F)F)c(N)cc1C(F)(F)F,,CHEMBL5082569,7.34,=,=,EC50,nM,46.0,EC50,uM,0.046,ChEMBL
CHEMBL5037009,CCOc1nc(C(=O)NC[C@](C)(O)C(F)(F)F)c(N)cc1C(F)(F)F,,CHEMBL5075769,7.82,=,=,EC50,nM,15.0,EC50,uM,0.015,ChEMBL
CHEMBL5037009,COc1nc(C(=O)NC[C@](C)(O)C(F)(F)F)c(N)cc1C(F)(F)F,,CHEMBL4650318,7.33,=,=,EC50,nM,47.0,EC50,uM,0.047,ChEMBL
CHEMBL5037011,O=c1c(-c2ccc(O)cc2)coc2cc(O)cc(O)c12,,CHEMBL44,5.21,=,=,EC50,nM,6170.0,EC50,uM,6.17,ChEMBL
CHEMBL5037011,CC(C)c1ccc(NC(=O)C(c2ccccc2)N(C)C(=O)Cc2c[nH]c3ccccc23)cc1,,CHEMBL1949980,6.58,=,=,EC50,nM,260.0,EC50,uM,0.26,ChEMBL
CHEMBL5037011,COC(=O)c1cc(-c2ccco2)c(C(F)(F)F)cc1N,,CHEMBL5080252,6.75,=,=,EC50,nM,180.0,EC50,uM,0.18,ChEMBL
CHEMBL5037011,C[C@](O)(CNC(=O)c1nc(Br)c(C(F)(F)F)cc1N)C(F)(F)F,,CHEMBL5084140,7.75,=,=,EC50,nM,18.0,EC50,uM,0.018000000000000002,ChEMBL
CHEMBL5037011,COc1nc(C(=O)NC[C@](C)(O)C(F)(F)F)c(N)cc1C(F)(F)F,,CHEMBL4650318,7.10,=,=,EC50,nM,79.0,EC50,uM,0.079,ChEMBL
CHEMBL5037011,CC(C)(C)c1cc(C(C)(C)C)c(NC(=O)c2c[nH]c3ccccc3c2=O)cc1O,,CHEMBL2010601,7.31,=,=,EC50,nM,49.0,EC50,uM,0.049,ChEMBL
CHEMBL5037013,O=c1c(-c2ccc(O)cc2)coc2cc(O)cc(O)c12,,CHEMBL44,4.85,=,=,EC50,nM,14200.0,EC50,uM,14.2,ChEMBL
CHEMBL5037013,CC(C)c1ccc(NC(=O)C(c2ccccc2)N(C)C(=O)Cc2c[nH]c3ccccc23)cc1,,CHEMBL1949980,6.00,=,=,EC50,nM,990.0,EC50,uM,0.99,ChEMBL
CHEMBL5037013,COC(=O)c1cc(-c2ccco2)c(C(F)(F)F)cc1N,,CHEMBL5080252,4.52,=,=,EC50,nM,30000.0,EC50,uM,30.0,ChEMBL
CHEMBL5037013,C[C@](O)(CNC(=O)c1nc(Br)c(C(F)(F)F)cc1N)C(F)(F)F,,CHEMBL5084140,7.37,=,=,EC50,nM,43.0,EC50,uM,0.043,ChEMBL
CHEMBL5037013,COc1nc(C(=O)NC[C@](C)(O)C(F)(F)F)c(N)cc1C(F)(F)F,,CHEMBL4650318,6.95,=,=,EC50,nM,113.0,EC50,uM,0.113,ChEMBL
CHEMBL5037013,CC(C)(C)c1cc(C(C)(C)C)c(NC(=O)c2c[nH]c3ccccc3c2=O)cc1O,,CHEMBL2010601,7.16,=,=,EC50,nM,70.0,EC50,uM,0.07,ChEMBL
CHEMBL5037015,C[C@](O)(CNC(=O)c1nc(Br)c(C(F)(F)F)cc1N)C(F)(F)F,,CHEMBL5084140,6.82,=,=,EC50,nM,150.0,EC50,uM,0.15,ChEMBL
CHEMBL5037015,COc1nc(C(=O)NC[C@](C)(O)C(F)(F)F)c(N)cc1C(F)(F)F,,CHEMBL4650318,6.30,=,=,EC50,nM,497.0,EC50,uM,0.49700000000000005,ChEMBL
CHEMBL5037015,CC(C)(C)c1cc(C(C)(C)C)c(NC(=O)c2c[nH]c3ccccc3c2=O)cc1O,,CHEMBL2010601,6.88,=,=,EC50,nM,131.0,EC50,uM,0.131,ChEMBL
CHEMBL5037017,C[C@](O)(CNC(=O)c1nc(Br)c(C(F)(F)F)cc1N)C(F)(F)F,,CHEMBL5084140,7.60,=,=,EC50,nM,25.0,EC50,uM,0.025,ChEMBL
CHEMBL5037017,COc1nc(C(=O)NC[C@](C)(O)C(F)(F)F)c(N)cc1C(F)(F)F,,CHEMBL4650318,7.41,=,=,EC50,nM,39.0,EC50,uM,0.039,ChEMBL
CHEMBL5037017,CC(C)(C)c1cc(C(C)(C)C)c(NC(=O)c2c[nH]c3ccccc3c2=O)cc1O,,CHEMBL2010601,7.17,=,=,EC50,nM,68.0,EC50,uM,0.068,ChEMBL
CHEMBL5037019,COc1nc(C(=O)NC[C@](C)(O)C(F)(F)F)c(N)cc1C(F)(F)F,,CHEMBL4650318,7.14,=,=,EC50,nM,72.0,EC50,uM,0.07200000000000001,ChEMBL
CHEMBL5037019,CC(C)(C)c1cc(C(C)(C)C)c(NC(=O)c2c[nH]c3ccccc3c2=O)cc1O,,CHEMBL2010601,7.47,=,=,EC50,nM,34.0,EC50,uM,0.034,ChEMBL
CHEMBL5114370,Nc1ccc([N+](=O)[O-])cc1-c1nc2ccccc2n(Cc2ccccc2)c1=O,,CHEMBL4086433,6.70,=,=,EC50,nM,200.0,EC50,nM,200.0,ChEMBL
CHEMBL5114370,O=c1c(-c2cccc([N+](=O)[O-])c2)nc2ccccc2n1Cc1ccccc1,,CHEMBL4068723,7.68,=,=,EC50,nM,21.0,EC50,nM,21.0,ChEMBL
CHEMBL5116610,CC(C)(C)C1C(C(=O)c2cc(Cl)ccc2Cl)C(c2ccccc2)N(C(=O)c2ccccc2)C1C(=O)O,,CHEMBL4586969,5.57,=,=,EC50,nM,2720.0,EC50,uM,2.72,ChEMBL
CHEMBL5116610,CC(C)(C)[C@H]1[C@H](C(=O)c2cc(Cl)ccc2Cl)[C@H](c2ccccc2)N(C(=O)c2ccccc2)[C@@H]1C(=O)O,,CHEMBL4521957,5.58,=,=,EC50,nM,2610.0,EC50,uM,2.61,ChEMBL
CHEMBL5116610,CC(C)(C)[C@H]1[C@H](C(=O)c2cc(Cl)ccc2Cl)[C@H](c2ccccc2)N(C(=O)C2CCCCC2)[C@@H]1C(=O)O,,CHEMBL4438246,5.60,=,=,EC50,nM,2520.0,EC50,uM,2.52,ChEMBL
CHEMBL5116610,COc1ccc(Cl)cc1CN[C@H]1[C@H](C(C)(C)C)[C@@H](C(=O)O)N(C(=O)C2CCCCC2)[C@H]1c1ccccc1,,CHEMBL5173199,5.68,=,=,EC50,nM,2110.0,EC50,uM,2.11,ChEMBL
CHEMBL5116610,COc1ccc(Cl)cc1CN[C@H]1[C@H](C(C)(C)C)[C@@H](C(=O)O)N(C(=O)C2CCCCC2)[C@H]1c1ccccc1,,CHEMBL5173199,5.82,=,=,EC50,nM,1520.0,EC50,uM,1.52,ChEMBL
CHEMBL5116612,CC(C)(C)C1C(C(=O)c2cc(Cl)ccc2Cl)C(c2ccccc2)N(C(=O)c2ccccc2)C1C(=O)O,,CHEMBL4586969,5.68,=,=,EC50,nM,2110.0,EC50,uM,2.11,ChEMBL
CHEMBL5116612,CC(C)(C)[C@H]1[C@H](C(=O)c2cc(Cl)ccc2Cl)[C@H](c2ccccc2)N(C(=O)c2ccccc2)[C@@H]1C(=O)O,,CHEMBL4521957,5.71,=,=,EC50,nM,1940.0,EC50,uM,1.94,ChEMBL
CHEMBL5116612,CC(C)(C)[C@H]1[C@H](C(=O)c2cc(Cl)ccc2Cl)[C@H](c2ccccc2)N(C(=O)C2CCCCC2)[C@@H]1C(=O)O,,CHEMBL4438246,5.70,=,=,EC50,nM,2010.0,EC50,uM,2.01,ChEMBL
CHEMBL5116612,COc1ccc(Cl)cc1CN[C@H]1[C@H](C(C)(C)C)[C@@H](C(=O)O)N(C(=O)C2CCCCC2)[C@H]1c1ccccc1,,CHEMBL5173199,5.75,=,=,EC50,nM,1780.0,EC50,uM,1.78,ChEMBL
CHEMBL5116612,COc1ccc(Cl)cc1CN[C@H]1[C@H](C(C)(C)C)[C@@H](C(=O)O)N(C(=O)C2CCCCC2)[C@H]1c1ccccc1,,CHEMBL5173199,6.00,=,=,EC50,nM,990.0,EC50,uM,0.99,ChEMBL
CHEMBL5116615,COc1ccc(Cl)cc1CN[C@H]1[C@H](C(C)(C)C)[C@@H](C(=O)O)N(C(=O)C2CCCCC2)[C@H]1c1ccccc1,,CHEMBL5173199,6.62,=,=,EC50,nM,241.0,EC50,nM,241.0,ChEMBL
CHEMBL5116615,COc1ccc(C(C)C)cc1CN[C@H]1[C@H](C(C)(C)C)[C@@H](C(=O)O)N(C(=O)C2CCCCC2)[C@H]1c1ccccc1,,CHEMBL5181801,6.73,=,=,EC50,nM,188.0,EC50,nM,188.0,ChEMBL
CHEMBL5116615,COc1ccc(C(C)(C)C)cc1CN[C@H]1[C@H](C(C)(C)C)[C@@H](C(=O)O)N(C(=O)C2CCCCC2)[C@H]1c1ccccc1,,CHEMBL5173841,6.95,=,=,EC50,nM,113.0,EC50,nM,113.0,ChEMBL
CHEMBL5116615,COc1ccc(C23CC4CC(CC(C4)C2)C3)cc1CN[C@H]1[C@H](C(C)(C)C)[C@@H](C(=O)O)N(C(=O)C2CCCCC2)[C@H]1c1ccccc1,,CHEMBL5204350,6.87,=,=,EC50,nM,136.0,EC50,nM,136.0,ChEMBL
CHEMBL5116615,COc1ccc(C23CC4CC42C3)cc1CN[C@H]1[C@H](C(C)(C)C)[C@@H](C(=O)O)N(C(=O)C2CCCCC2)[C@H]1c1ccccc1,,CHEMBL5187015,6.72,=,=,EC50,nM,190.0,EC50,nM,190.0,ChEMBL
CHEMBL5116615,COc1ncc(C(C)(C)C)cc1CN[C@H]1[C@H](C(C)(C)C)[C@@H](C(=O)O)N(C(=O)C2CCCCC2)[C@H]1c1ccccc1,,CHEMBL5190632,6.97,=,=,EC50,nM,107.0,EC50,nM,107.0,ChEMBL
CHEMBL5116615,COc1ncc(C(F)(F)F)cc1CN[C@H]1[C@H](C(C)(C)C)[C@@H](C(=O)O)N(C(=O)C2CCCCC2)[C@H]1c1ccccc1,,CHEMBL5172188,6.68,=,=,EC50,nM,210.0,EC50,nM,210.0,ChEMBL
CHEMBL5116615,COc1ncc(C2CCC2)cc1CN[C@H]1[C@H](C(C)(C)C)[C@@H](C(=O)O)N(C(=O)C2CCCCC2)[C@H]1c1ccccc1,,CHEMBL5177312,6.74,=,=,EC50,nM,184.0,EC50,nM,184.0,ChEMBL
CHEMBL5116615,COc1ccc(C(C)(C)C)cc1CN[C@H]1[C@H](C(C)(C)C)[C@@H](C(=O)O)N(C(=O)[C@@H]2CCCCO2)[C@H]1c1ccccc1,,CHEMBL5178099,6.49,=,=,EC50,nM,321.0,EC50,nM,321.0,ChEMBL
CHEMBL5116615,COc1ccc(C(C)(C)C)cc1CN[C@H]1[C@H](C(C)(C)C)[C@@H](C(=O)O)N(C(=O)[C@@H]2CCCCO2)[C@H]1Cc1cc(C(F)(F)F)cnc1OC,,CHEMBL5180378,6.80,=,=,EC50,nM,159.0,EC50,nM,159.0,ChEMBL
CHEMBL5116615,COc1ncc(C2CCC2)cc1CN[C@H]1[C@H](C(C)(C)C)[C@@H](C(=O)O)N(C(=O)[C@@H]2CCCCO2)[C@H]1Cc1cc(C2CCC2)cnc1OC,,CHEMBL5203914,7.39,=,=,EC50,nM,41.0,EC50,nM,41.0,ChEMBL
CHEMBL5116615,CC(C)c1ccccc1[C@H]1[C@@H](Nc2cccnc2N(C)C)[C@H](C(C)(C)C)[C@@H](C(=O)O)N1C(=O)[C@@H]1CCCCO1,,CHEMBL5202497,6.85,=,=,EC50,nM,142.0,EC50,nM,142.0,ChEMBL
CHEMBL5116615,Cc1ccccc1N[C@H]1[C@H](C(C)(C)C)[C@@H](C(=O)O)N(C(=O)[C@@H]2CCCCO2)[C@H]1c1ccccc1C(C)C,,CHEMBL5180031,7.66,=,=,EC50,nM,22.0,EC50,nM,22.0,ChEMBL
CHEMBL5131017,COc1ccc(C)cc1C1(C(=O)NS(=O)(=O)c2cccc3nc(C)ccc23)CC1c1ccc(C)cc1,,CHEMBL5202275,9.10,=,=,EC50,nM,0.8,EC50,uM,0.0008,ChEMBL
CHEMBL5131017,COc1ccc(C)cc1C1(C(=O)NS(=O)(=O)c2cccc3nc(C)ccc23)CC1c1cccc(C(F)(F)F)c1,,CHEMBL5193680,9.29,=,=,EC50,nM,0.51,EC50,uM,0.0005099999999999999,ChEMBL
CHEMBL5131017,COc1cccc(C2CC2(C(=O)NS(=O)(=O)c2cccc3nc(C)ccc23)c2cc(C)ccc2OC)c1,,CHEMBL5186971,9.08,=,=,EC50,nM,0.84,EC50,uM,0.00084,ChEMBL
CHEMBL5131017,COc1ccc(C2CC2(C(=O)NS(=O)(=O)c2cccc3nc(C)ccc23)c2cc(C)ccc2OC)cc1,,CHEMBL5178488,9.18,=,=,EC50,nM,0.66,EC50,uM,0.00066,ChEMBL
CHEMBL5131017,COc1ccc(C)cc1C1(C(=O)NS(=O)(=O)c2cccc3nc(C)ccc23)CC1c1cccc(C(F)F)n1,,CHEMBL5178232,9.40,=,=,EC50,nM,0.4,EC50,uM,0.0004,ChEMBL
CHEMBL5131017,COc1ccc(C)cc1C1(C(=O)NS(=O)(=O)c2cccc3nc(C)ccc23)CC1c1cccc(OC(C)C)n1,,CHEMBL5171054,9.05,=,=,EC50,nM,0.9,EC50,uM,0.0009,ChEMBL
CHEMBL5135959,Nc1cc(C(F)(F)F)c2nc1-c1nnc(o1)C(O)(C(F)(F)F)CCCCCCO2,,CHEMBL5187430,,<,<,EC50,nM,500.0,EC50,nM,500.0,ChEMBL
CHEMBL5135959,C[C@H]1CCCCC[C@](O)(C(F)(F)F)c2nnc(o2)-c2nc(c(C(F)(F)F)cc2N)O1,,CHEMBL5182531,,<,<,EC50,nM,500.0,EC50,nM,500.0,ChEMBL
CHEMBL5135959,Nc1cc(C(F)(F)F)c2nc1-c1nnc(o1)[C@@](O)(C(F)(F)F)CCCCCCS2,,CHEMBL5189965,,<,<,EC50,nM,500.0,EC50,nM,500.0,ChEMBL
CHEMBL5135959,Nc1cc(C(F)(F)F)c2nc1-c1nnc(o1)[C@@](O)(C(F)(F)F)CCCCC[C@H](CO)O2,,CHEMBL5190310,,<,<,EC50,nM,500.0,EC50,nM,500.0,ChEMBL
CHEMBL5135959,[2H]C1CC[C@@H](C)Oc2nc(c(N)cc2C(F)(F)F)-c2nnc(o2)[C@@](O)(C(F)(F)F)CC1[2H],,CHEMBL5169814,,<,<,EC50,nM,500.0,EC50,nM,500.0,ChEMBL
CHEMBL5135959,CC1(C)CCCC[C@](O)(C(F)(F)F)c2nnc(o2)-c2nc(c(C(F)(F)F)cc2N)OC1,,CHEMBL5194869,,<,<,EC50,nM,500.0,EC50,nM,500.0,ChEMBL
CHEMBL5210086,COc1ccc2c(c1)O[C@@H](c1ccc(OC)c(OC)c1)C[C@H]2NC(=O)C1(c2ccc3c(c2)OC(F)(F)O3)CC1,,CHEMBL4093612,7.46,=,=,EC50,nM,35.0,EC50,nM,35.0,ChEMBL
CHEMBL5210092,COc1ccc2c(c1)O[C@H](c1ccc(OC)c(OC)c1)C[C@@H]2NC(=O)C1(c2ccc3c(c2)OC(F)(F)O3)CC1,,CHEMBL4066040,5.41,=,=,EC50,nM,3900.0,EC50,nM,3900.0,ChEMBL
CHEMBL5210279,COc1ccc2c(c1)O[C@@H](c1ccc(OC)c(OC)c1)C[C@H]2NC(=O)C1(c2ccc3c(c2)OC(F)(F)O3)CC1,,CHEMBL4093612,7.55,=,=,EC50,nM,28.0,EC50,nM,28.0,ChEMBL
CHEMBL5210285,COc1ccc2c(c1)O[C@H](c1ccc(OC)c(OC)c1)C[C@@H]2NC(=O)C1(c2ccc3c(c2)OC(F)(F)O3)CC1,,CHEMBL4066040,,>,>,EC50,nM,3000.0,EC50,nM,3000.0,ChEMBL
CHEMBL5214504,COc1ccc2c(c1)O[C@@H](c1ccc(OC)c(OC)c1)C[C@H]2NC(=O)C1(c2ccc3c(c2)OC(F)(F)O3)CC1,,CHEMBL4093612,6.89,=,=,EC50,nM,130.0,EC50,nM,130.0,ChEMBL
CHEMBL5231449,O=c1c(-c2ccc(O)cc2)coc2cc(O)cc(O)c12,,CHEMBL44,5.16,=,=,EC50,nM,7000.0,EC50,uM,7.0,ChEMBL
CHEMBL5231449,CN(C(=O)Cc1c[nH]c2ccccc12)[C@H](C(=O)Nc1ccc(F)cc1)c1ccccc1,,CHEMBL2068831,7.05,=,=,EC50,nM,90.0,EC50,uM,0.09,ChEMBL
CHEMBL5231449,CN(C(=O)Cc1c[nH]c2ccccc12)[C@H](C(=O)Nc1ccc(-n2cc(CCCF)nn2)cc1)c1ccccc1,,CHEMBL2068832,5.96,=,=,EC50,nM,1100.0,EC50,uM,1.1,ChEMBL
CHEMBL5231450,COc1cccc(C(=O)NCCNc2nc3cc(C)cc(C)c3cc2C#N)c1,,CHEMBL2018574,5.66,=,=,EC50,nM,2200.0,EC50,uM,2.2,ChEMBL
CHEMBL5231450,COc1ccc(C(=O)NCCNc2nc3c(C)cccc3cc2C#N)cc1OC,,CHEMBL1583913,5.42,=,=,EC50,nM,3800.0,EC50,uM,3.8,ChEMBL
CHEMBL5231450,COc1ccc(C(=O)NCCNc2nc3ccc(C)cc3cc2C#N)cc1OC,,CHEMBL1403454,5.41,=,=,EC50,nM,3900.0,EC50,uM,3.9,ChEMBL
CHEMBL5231450,COc1ccc(S(=O)(=O)N2CCN(c3nc4ccc(C)cc4cc3C#N)CC2)cc1,,CHEMBL4444246,5.30,=,=,EC50,nM,5000.0,EC50,uM,5.0,ChEMBL
CHEMBL5231450,COc1ccc2nc(N3CCN(C(=O)c4ccccc4F)CC3)c(C#N)cc2c1,,CHEMBL4444352,5.38,=,=,EC50,nM,4200.0,EC50,uM,4.2,ChEMBL
CHEMBL5231452,COc1cccc(C(=O)NCCNc2nc3cc(C)cc(C)c3cc2C#N)c1,,CHEMBL2018574,4.85,=,=,EC50,nM,14000.0,EC50,uM,14.0,ChEMBL
CHEMBL5231452,COc1ccc(C(=O)NCCNc2nc3c(C)cccc3cc2C#N)cc1OC,,CHEMBL1583913,4.82,=,=,EC50,nM,15000.0,EC50,uM,15.0,ChEMBL
CHEMBL5231452,COc1ccc(C(=O)NCCNc2nc3ccc(C)cc3cc2C#N)cc1OC,,CHEMBL1403454,4.82,=,=,EC50,nM,15000.0,EC50,uM,15.0,ChEMBL
CHEMBL5231452,COc1ccc(S(=O)(=O)N2CCN(c3nc4ccc(C)cc4cc3C#N)CC2)cc1,,CHEMBL4444246,5.42,=,=,EC50,nM,3800.0,EC50,uM,3.8,ChEMBL
CHEMBL5231452,COc1ccc2nc(N3CCN(C(=O)c4ccccc4F)CC3)c(C#N)cc2c1,,CHEMBL4444352,4.96,=,=,EC50,nM,11000.0,EC50,uM,11.0,ChEMBL
CHEMBL5231454,CCCCCn1cc(S(=O)(=O)Nc2ccc(CC)cc2)c2cccnc21,,CHEMBL5270290,6.00,=,=,EC50,nM,1000.0,EC50,uM,1.0,ChEMBL
CHEMBL5231454,CCc1ccc(NS(=O)(=O)c2cn(Cc3ccccn3)c3ncccc23)cc1,,CHEMBL5288577,6.22,=,=,EC50,nM,600.0,EC50,uM,0.6,ChEMBL
CHEMBL5231454,CCc1ccc(NS(=O)(=O)c2cn(Cc3ccccc3C#N)c3ncccc23)cc1,,CHEMBL5275959,6.16,=,=,EC50,nM,700.0,EC50,uM,0.7,ChEMBL
CHEMBL5317398,CCOc1ccc(NC(=O)c2cc3nccc(-c4ccc(OC)c(OC)c4)n3n2)cc1,,CHEMBL5418678,7.44,=,=,EC50,nM,36.2,EC50,nM,36.2,ChEMBL
CHEMBL5317398,COc1ccc(-c2ccnc3cc(C(=O)N4CCN(C(=O)c5ccccc5)[C@@H](C)C4)nn23)cc1OC,,CHEMBL5418645,6.47,=,=,EC50,nM,342.0,EC50,nM,342.0,ChEMBL
CHEMBL5317399,CCOc1ccc(NC(=O)c2cc3nccc(-c4ccc(OC)c(OC)c4)n3n2)cc1,,CHEMBL5418678,7.75,=,=,EC50,nM,18.0,EC50,nM,18.0,ChEMBL
CHEMBL5317399,COc1ccc(-c2ccnc3cc(C(=O)Nc4ccccc4)nn23)cc1OC,,CHEMBL5440649,7.19,=,=,EC50,nM,65.0,EC50,nM,65.0,ChEMBL
CHEMBL5317399,COC(=O)c1ccccc1NC(=O)c1cc2nccc(-c3ccc(OC)c(OC)c3)n2n1,,CHEMBL5414889,6.09,=,=,EC50,nM,820.0,EC50,nM,820.0,ChEMBL
CHEMBL5317399,COC(=O)c1cccc(NC(=O)c2cc3nccc(-c4ccc(OC)c(OC)c4)n3n2)c1,,CHEMBL5405578,7.51,=,=,EC50,nM,31.0,EC50,nM,31.0,ChEMBL
CHEMBL5317399,COC(=O)c1ccc(NC(=O)c2cc3nccc(-c4ccc(OC)c(OC)c4)n3n2)cc1,,CHEMBL5419096,7.85,=,=,EC50,nM,14.0,EC50,nM,14.0,ChEMBL
CHEMBL5317399,COc1ccc(-c2ccnc3cc(C(=O)Nc4ccc(OCCN5CCOCC5)cc4)nn23)cc1OC,,CHEMBL5427532,8.22,=,=,EC50,nM,6.0,EC50,nM,6.0,ChEMBL
CHEMBL5317399,COc1ccc(-c2ccnc3cc(C(=O)Nc4ccc(N5CCOCC5)cc4)nn23)cc1OC,,CHEMBL5437155,8.15,=,=,EC50,nM,7.0,EC50,nM,7.0,ChEMBL
CHEMBL5317399,COC(=O)c1ccc(CNC(=O)c2cc3nccc(-c4ccc(OC)c(OC)c4)n3n2)cc1,,CHEMBL5401740,6.33,=,=,EC50,nM,470.0,EC50,nM,470.0,ChEMBL
CHEMBL5317399,COc1ccc(-c2ccnc3cc(C(=O)NCc4ccc(N5CCOCC5)cc4)nn23)cc1OC,,CHEMBL5432600,6.15,=,=,EC50,nM,710.0,EC50,nM,710.0,ChEMBL
CHEMBL5317399,COC(=O)c1ccc(NC(=O)c2cc3nccc(-c4ccc(OC)c(OC)c4)n3n2)c(F)c1,,CHEMBL5402877,7.77,=,=,EC50,nM,17.0,EC50,nM,17.0,ChEMBL
CHEMBL5317399,COC(=O)c1ccc(NC(=O)c2cc3nccc(-c4ccc(OC)c(OC)c4)n3n2)c(Cl)c1,,CHEMBL5408812,5.57,=,=,EC50,nM,2700.0,EC50,nM,2700.0,ChEMBL
CHEMBL5317399,COC(=O)c1ccc(NC(=O)c2cc3nccc(-c4ccc(OC)c(OC)c4)n3n2)c(OC)c1,,CHEMBL5422837,,>,>,EC50,nM,30000.0,EC50,nM,30000.0,ChEMBL
CHEMBL5317399,COC(=O)c1ccc(NC(=O)c2cc3nccc(-c4ccc(OC)c(OC)c4)n3n2)c(O)c1,,CHEMBL5422124,,>,>,EC50,nM,30000.0,EC50,nM,30000.0,ChEMBL
CHEMBL5317399,COc1ccc(-c2ccnc3cc(C(=O)Nc4ccc(C(=O)O)cc4)nn23)cc1OC,,CHEMBL5429999,6.51,=,=,EC50,nM,310.0,EC50,nM,310.0,ChEMBL
CHEMBL5317399,COc1ccc(-c2ccnc3cc(C(=O)Nc4ccc(C(=O)O)cc4F)nn23)cc1OC,,CHEMBL5432480,7.38,=,=,EC50,nM,42.0,EC50,nM,42.0,ChEMBL
CHEMBL5317399,COc1ccc(-c2ccnc3cc(C(=O)Nc4ccc(C(=O)N5CCOCC5)cc4)nn23)cc1OC,,CHEMBL5426236,7.52,=,=,EC50,nM,30.0,EC50,nM,30.0,ChEMBL
CHEMBL5317399,COc1ccc(-c2ccnc3cc(C(=O)Nc4ccc(C(=O)N5CCN(C(=O)OC(C)(C)C)CC5)cc4)nn23)cc1OC,,CHEMBL5413271,7.77,=,=,EC50,nM,17.0,EC50,nM,17.0,ChEMBL
CHEMBL5317399,COc1ccc(-c2ccnc3cc(C(=O)Nc4ccc(C(=O)NCCNC(=O)OC(C)(C)C)cc4)nn23)cc1OC,,CHEMBL5405508,7.42,=,=,EC50,nM,38.0,EC50,nM,38.0,ChEMBL
CHEMBL5317399,COc1ccc(-c2ccnc3cc(C(=O)Nc4ccc(C(=O)N5CCNCC5)cc4)nn23)cc1OC.Cl,,CHEMBL5403075,5.43,=,=,EC50,nM,3700.0,EC50,nM,3700.0,ChEMBL
CHEMBL5317399,COc1ccc(-c2ccnc3cc(C(=O)Nc4ccc(C(=O)NCCN)cc4)nn23)cc1OC.Cl,,CHEMBL5398739,4.80,=,=,EC50,nM,16000.0,EC50,nM,16000.0,ChEMBL
CHEMBL5317399,COc1ccc(-c2ccnc3cc(C(=O)Nc4ccc(C(=O)N5CCN(C)CC5)cc4)nn23)cc1OC.Cl,,CHEMBL5428768,6.54,=,=,EC50,nM,290.0,EC50,nM,290.0,ChEMBL
CHEMBL5317399,COc1ccc(-c2ccnc3cc(C(=O)NC4CCCCC4)nn23)cc1OC,,CHEMBL5405327,6.89,=,=,EC50,nM,130.0,EC50,nM,130.0,ChEMBL
CHEMBL5317399,COc1ccc(-c2ccnc3cc(C(=O)N[C@H]4CC[C@@H](C(=O)OC)CC4)nn23)cc1OC,,CHEMBL5403993,6.23,=,=,EC50,nM,590.0,EC50,nM,590.0,ChEMBL
CHEMBL5317399,COc1ccc(-c2ccnc3cc(C(=O)N[C@H]4CC[C@H](C(=O)OC)CC4)nn23)cc1OC,,CHEMBL5400075,6.75,=,=,EC50,nM,180.0,EC50,nM,180.0,ChEMBL
CHEMBL5317399,COC(=O)C12CC(NC(=O)c3cc4nccc(-c5ccc(OC)c(OC)c5)n4n3)(C1)C2,,CHEMBL5421603,6.51,=,=,EC50,nM,310.0,EC50,nM,310.0,ChEMBL
CHEMBL5317399,COc1ccc(-c2ccnc3cc(C(=O)N[C@H]4CC[C@@H](C(=O)O)CC4)nn23)cc1OC,,CHEMBL5420408,,>,>,EC50,nM,30000.0,EC50,nM,30000.0,ChEMBL
CHEMBL5317399,COc1ccc(-c2ccnc3cc(C(=O)N[C@H]4CC[C@H](C(=O)O)CC4)nn23)cc1OC,,CHEMBL5398386,,>,>,EC50,nM,30000.0,EC50,nM,30000.0,ChEMBL
CHEMBL5317399,COc1ccc(-c2ccnc3cc(C(=O)NC45CC(C(=O)O)(C4)C5)nn23)cc1OC,,CHEMBL5400577,,>,>,EC50,nM,30000.0,EC50,nM,30000.0,ChEMBL
CHEMBL5317399,COc1ccc(-c2ccnc3cc(C(=O)N4CC(NC(=O)OC(C)(C)C)C4)nn23)cc1OC,,CHEMBL5426673,6.16,=,=,EC50,nM,700.0,EC50,nM,700.0,ChEMBL
CHEMBL5317399,COc1ccc(-c2ccnc3cc(C(=O)N4CC[C@@H](NC(=O)OC(C)(C)C)C4)nn23)cc1OC,,CHEMBL5429343,6.43,=,=,EC50,nM,370.0,EC50,nM,370.0,ChEMBL
CHEMBL5317399,COc1ccc(-c2ccnc3cc(C(=O)N4CCC(NC(=O)OC(C)(C)C)CC4)nn23)cc1OC,,CHEMBL5405505,6.09,=,=,EC50,nM,810.0,EC50,nM,810.0,ChEMBL
CHEMBL5317399,COc1ccc(-c2ccnc3cc(C(=O)N4CCN(C(=O)OC(C)(C)C)CC4)nn23)cc1OC,,CHEMBL5394040,6.57,=,=,EC50,nM,270.0,EC50,nM,270.0,ChEMBL
CHEMBL5317399,COc1ccc(-c2ccnc3cc(C(=O)N4CCN(c5ccccc5)CC4)nn23)cc1OC,,CHEMBL5408696,6.08,=,=,EC50,nM,840.0,EC50,nM,840.0,ChEMBL
CHEMBL5317399,COc1ccc(-c2ccnc3cc(C(=O)N4CCN(C)CC4)nn23)cc1OC,,CHEMBL5435780,5.09,=,=,EC50,nM,8100.0,EC50,nM,8100.0,ChEMBL
CHEMBL5317399,COc1ccc(-c2ccnc3cc(C(=O)N4CCN(C(C)C)CC4)nn23)cc1OC,,CHEMBL5417934,5.22,=,=,EC50,nM,6000.0,EC50,nM,6000.0,ChEMBL
CHEMBL5317399,COc1ccc(-c2ccnc3cc(C(=O)N4CCN(C5CC5)CC4)nn23)cc1OC,,CHEMBL5421361,5.85,=,=,EC50,nM,1400.0,EC50,nM,1400.0,ChEMBL
CHEMBL5317399,COc1ccc(-c2ccnc3cc(C(=O)N4CCN(C(=O)C5CC5)CC4)nn23)cc1OC,,CHEMBL5401199,5.77,=,=,EC50,nM,1700.0,EC50,nM,1700.0,ChEMBL
CHEMBL5317399,COc1ccc(-c2ccnc3cc(C(=O)N4CCNCC4)nn23)cc1OC.Cl,,CHEMBL5419518,4.77,=,=,EC50,nM,17000.0,EC50,nM,17000.0,ChEMBL
CHEMBL5317399,COc1ccc(-c2ccnc3cc(C(=O)N4CCN(Cc5ccccc5)CC4)nn23)cc1OC,,CHEMBL5425596,6.14,=,=,EC50,nM,730.0,EC50,nM,730.0,ChEMBL
CHEMBL5317399,COc1ccc(-c2ccnc3cc(C(=O)N4CCN(C(=O)c5ccccc5)CC4)nn23)cc1OC,,CHEMBL5416041,6.96,=,=,EC50,nM,110.0,EC50,nM,110.0,ChEMBL
CHEMBL5317399,COc1ccc(-c2ccnc3cc(C(=O)N4CCN(C(=O)c5ccccc5)C(C)(C)C4)nn23)cc1OC,,CHEMBL5432387,6.70,=,=,EC50,nM,200.0,EC50,nM,200.0,ChEMBL
CHEMBL5317399,COc1ccc(-c2ccnc3cc(C(=O)N4CCN(C(=O)c5ccccc5)[C@@H](C)C4)nn23)cc1OC,,CHEMBL5418645,7.64,=,=,EC50,nM,23.0,EC50,nM,23.0,ChEMBL
CHEMBL5317399,COc1ccc(-c2ccnc3cc(C(=O)N4CCN(C(=O)c5ccccc5)[C@H](C)C4)nn23)cc1OC,,CHEMBL5417294,6.10,=,=,EC50,nM,790.0,EC50,nM,790.0,ChEMBL
CHEMBL5331964,O=C(c1c[nH]c2ccccc2c1=O)N(Cc1ccccc1)Cc1ccccc1,Potential transcription error,CHEMBL3354672,,=,=,EC50,nM,2.1,EC50,nM,2.1,ChEMBL
CHEMBL5331964,CC(C)(C)c1cc(C(C)(C)C)c(NC(=O)c2c[nH]c3ccccc3c2=O)cc1O,,CHEMBL2010601,7.60,=,=,EC50,nM,25.0,EC50,nM,25.0,ChEMBL
CHEMBL5331965,CC(C)(C)c1cc(C(C)(C)C)c(NC(=O)c2c[nH]c3ccccc3c2=O)cc1O,,CHEMBL2010601,7.00,=,=,EC50,nM,100.0,EC50,nM,100.0,ChEMBL
CHEMBL5338162,COc1ccc(-c2cc(C(=O)O)nc3c2c(C)nn3-c2ccc(C)cc2)cc1,,CHEMBL5416826,5.38,=,=,EC50,nM,4133.0,EC50,nM,4133.0,ChEMBL
CHEMBL5338162,COc1ccc(-c2cc(C(=O)O)nc3c2c(C)nn3-c2ccccc2)cc1,,CHEMBL5415434,5.61,=,=,EC50,nM,2475.0,EC50,nM,2475.0,ChEMBL
CHEMBL5338162,Cc1nn(-c2ccccc2)c2nc(C(=O)O)cc(-c3ccc(N4CCOCC4)cc3)c12,,CHEMBL5417547,5.89,=,=,EC50,nM,1283.0,EC50,nM,1283.0,ChEMBL
CHEMBL5338162,Cc1nn(-c2cccc(F)c2)c2nc(C(=O)O)cc(-c3ccc(N4CCOCC4)cc3)c12,,CHEMBL5396223,6.03,=,=,EC50,nM,934.0,EC50,nM,934.0,ChEMBL
CHEMBL5338162,Cc1nn(-c2ccc(F)cc2)c2nc(C(=O)O)cc(-c3ccc(N4CCOCC4)cc3)c12,,CHEMBL5417860,6.09,=,=,EC50,nM,817.0,EC50,nM,817.0,ChEMBL
CHEMBL5338162,Cc1nn(C2CC2)c2nc(C(=O)O)cc(-c3ccc(N4CCOCC4)cc3)c12,,CHEMBL5406247,5.00,=,=,EC50,nM,10000.0,EC50,nM,10000.0,ChEMBL
CHEMBL5338162,Cc1nn(C2CCCCC2)c2nc(C(=O)O)cc(-c3ccc(N4CCOCC4)cc3)c12,,CHEMBL5422046,5.71,=,=,EC50,nM,1931.0,EC50,nM,1931.0,ChEMBL
CHEMBL5338162,Cc1nn(C2CCOCC2)c2nc(C(=O)O)cc(-c3ccc(N4CCOCC4)cc3)c12,,CHEMBL5429612,5.00,=,=,EC50,nM,10000.0,EC50,nM,10000.0,ChEMBL
CHEMBL5338162,Cc1nn(C2CCN(C)CC2)c2nc(C(=O)O)cc(-c3ccc(N4CCOCC4)cc3)c12,,CHEMBL5403725,5.00,=,=,EC50,nM,10000.0,EC50,nM,10000.0,ChEMBL
CHEMBL5338162,O=C(O)c1cc(-c2ccc(N3CCOCC3)cc2)c2cnn(-c3ccccc3)c2n1,,CHEMBL5432776,5.90,=,=,EC50,nM,1271.0,EC50,nM,1271.0,ChEMBL
CHEMBL5338162,CC(C)c1nn(-c2ccccc2)c2nc(C(=O)O)cc(-c3ccc(N4CCOCC4)cc3)c12,,CHEMBL5401033,6.35,=,=,EC50,nM,448.0,EC50,nM,448.0,ChEMBL
CHEMBL5338162,CC(C)(C)c1nn(-c2ccccc2)c2nc(C(=O)O)cc(-c3ccc(N4CCOCC4)cc3)c12,,CHEMBL5399205,6.29,=,=,EC50,nM,517.0,EC50,nM,517.0,ChEMBL
CHEMBL5338162,O=C(O)c1cc(-c2ccc(N3CCOCC3)cc2)c2c(C3CCC3)nn(-c3ccccc3)c2n1,,CHEMBL5438304,6.32,=,=,EC50,nM,482.0,EC50,nM,482.0,ChEMBL
CHEMBL5338162,CC1(c2nn(-c3ccccc3)c3nc(C(=O)O)cc(-c4ccc(N5CCOCC5)cc4)c23)CCC1,,CHEMBL5401936,6.49,=,=,EC50,nM,325.0,EC50,nM,325.0,ChEMBL
CHEMBL5338162,CC1(c2nn(-c3ccccc3)c3nc(C(=O)O)cc(-c4ccc(N5CCOCC5)cc4)c23)COC1,,CHEMBL5424381,5.79,=,=,EC50,nM,1614.0,EC50,nM,1614.0,ChEMBL
CHEMBL5338162,COCc1nn(-c2ccccc2)c2nc(C(=O)O)cc(-c3ccc(N4CCOCC4)cc3)c12,,CHEMBL5433545,5.53,=,=,EC50,nM,2970.0,EC50,nM,2970.0,ChEMBL
CHEMBL5338162,O=C(O)c1cc(-c2ccc(N3CCOCC3)cc2)c2c(CO)nn(-c3ccccc3)c2n1,,CHEMBL5395471,5.00,=,=,EC50,nM,10000.0,EC50,nM,10000.0,ChEMBL
CHEMBL5338162,Cc1nn(-c2ccccc2)c2nc(C(=O)O)cc(-c3ccc(N4CCOCC4)nc3)c12,,CHEMBL5440640,5.58,=,=,EC50,nM,2651.0,EC50,nM,2651.0,ChEMBL
CHEMBL5338162,COCCNc1ccc(-c2cc(C(=O)O)nc3c2c(C)nn3-c2ccccc2)cc1,,CHEMBL5412318,5.67,=,=,EC50,nM,2118.0,EC50,nM,2118.0,ChEMBL
CHEMBL5338162,COCCN(C)c1ccc(-c2cc(C(=O)O)nc3c2c(C)nn3-c2ccccc2)cc1,,CHEMBL5410645,5.83,=,=,EC50,nM,1494.0,EC50,nM,1494.0,ChEMBL
CHEMBL5338162,Cc1nn(-c2ccccc2)c2nc(C(=O)O)cc(-c3ccc(N(C)C4CCOCC4)cc3)c12,,CHEMBL5435043,6.15,=,=,EC50,nM,705.0,EC50,nM,705.0,ChEMBL
CHEMBL5338162,Cc1nn(-c2ccccc2)c2nc(C(=O)O)cc(-c3ccc(N4CCC(O)CC4)cc3)c12,,CHEMBL5434928,5.54,=,=,EC50,nM,2903.0,EC50,nM,2903.0,ChEMBL
CHEMBL5338162,CC(=O)c1cc(-c2ccc(N3CCOCC3)cc2)c2c(C)nn(-c3ccccc3)c2n1,,CHEMBL5425243,5.00,=,=,EC50,nM,10000.0,EC50,nM,10000.0,ChEMBL
CHEMBL5338162,Cc1nn(-c2ccccc2)c2nc(CO)cc(-c3ccc(N4CCOCC4)cc3)c12,,CHEMBL5402039,5.00,=,=,EC50,nM,10000.0,EC50,nM,10000.0,ChEMBL
CHEMBL5338162,Cc1nn(-c2ccccc2)c2nc(C(C)O)cc(-c3ccc(N4CCOCC4)cc3)c12,,CHEMBL5401485,5.00,=,=,EC50,nM,10000.0,EC50,nM,10000.0,ChEMBL
CHEMBL5338162,Cc1nn(-c2ccccc2)c2nc(C(C)(C)O)cc(-c3ccc(N4CCOCC4)cc3)c12,,CHEMBL5399695,5.00,=,=,EC50,nM,10000.0,EC50,nM,10000.0,ChEMBL
CHEMBL5338162,Cc1nn(-c2ccccc2)c2nc(C(=O)NCC(F)(F)F)cc(-c3ccc(N4CCOCC4)cc3)c12,,CHEMBL5425750,5.00,=,=,EC50,nM,10000.0,EC50,nM,10000.0,ChEMBL
CHEMBL5338162,COc1cc(-c2cc(-c3ccc(N4CCOCC4)cc3)c3c(C)nn(-c4ccccc4)c3n2)n[nH]1,,CHEMBL5398816,5.00,=,=,EC50,nM,10000.0,EC50,nM,10000.0,ChEMBL
CHEMBL5338162,Cc1nn(-c2ccccc2)c2nc(CC(=O)O)cc(-c3ccc(N4CCOCC4)cc3)c12,,CHEMBL5430508,5.00,=,=,EC50,nM,10000.0,EC50,nM,10000.0,ChEMBL
CHEMBL5338162,Cc1nn(-c2ccccc2)c2nc(C(=O)NC#N)cc(-c3ccc(N4CCOCC4)cc3)c12,,CHEMBL5424184,5.53,=,=,EC50,nM,2979.0,EC50,nM,2979.0,ChEMBL
CHEMBL5338162,Cc1nn(-c2ccccc2)c2nc(C(=O)NS(C)(=O)=O)cc(-c3ccc(N4CCOCC4)cc3)c12,,CHEMBL5436819,5.90,=,=,EC50,nM,1263.0,EC50,nM,1263.0,ChEMBL
CHEMBL5338162,CCS(=O)(=O)NC(=O)c1cc(-c2ccc(N3CCOCC3)cc2)c2c(C)nn(-c3ccccc3)c2n1,,CHEMBL5394166,6.33,=,=,EC50,nM,465.0,EC50,nM,465.0,ChEMBL
CHEMBL5338162,CS(=O)(=O)NC(=O)c1cc(-c2ccc(N3CCOCC3)cc2)c2c(C3CCC3)nn(-c3ccccc3)c2n1,,CHEMBL5418596,6.29,=,=,EC50,nM,514.0,EC50,nM,514.0,ChEMBL
CHEMBL5338162,COCCN(C)c1ccc(-c2cc(C(=O)O)nc3c2c(C2CCC2)nn3-c2ccccc2)cc1,,CHEMBL5404658,6.27,=,=,EC50,nM,542.0,EC50,nM,542.0,ChEMBL
CHEMBL5338162,COCCN(C)c1ccc(-c2cc(C(=O)NS(C)(=O)=O)nc3c2c(C2CCC2)nn3-c2ccccc2)cc1,,CHEMBL5434270,6.33,=,=,EC50,nM,473.0,EC50,nM,473.0,ChEMBL
CHEMBL5338162,COCCN(C)c1ccc(-c2cc(C(=O)O)nc3c2c(C2CCC2)nn3-c2ccccc2)cn1,,CHEMBL5395827,6.26,=,=,EC50,nM,549.0,EC50,nM,549.0,ChEMBL
CHEMBL5338162,COCCN(C)c1ccc(-c2cc(C(=O)NS(C)(=O)=O)nc3c2c(C2CCC2)nn3-c2ccccc2)cn1,,CHEMBL5406344,6.26,=,=,EC50,nM,544.0,EC50,nM,544.0,ChEMBL
CHEMBL5338162,N#CC1CCN(c2ccc(-c3cc(C(=O)O)nc4c3c(C3CCC3)nn4-c3ccccc3)cn2)CC1,,CHEMBL5414290,6.29,=,=,EC50,nM,518.0,EC50,nM,518.0,ChEMBL
CHEMBL5338162,CS(=O)(=O)NC(=O)c1cc(-c2ccc(N3CCC(C#N)CC3)nc2)c2c(C3CCC3)nn(-c3ccccc3)c2n1,,CHEMBL5434572,6.50,=,=,EC50,nM,319.0,EC50,nM,319.0,ChEMBL
CHEMBL5338162,CS(=O)(=O)NC(=O)c1cc(N2CCCCC2)c2c(C3CCC3)nn(-c3ccccc3)c2n1,,CHEMBL5418392,6.32,=,=,EC50,nM,482.0,EC50,nM,482.0,ChEMBL
CHEMBL5338162,COC1CCN(c2cc(C(=O)NS(C)(=O)=O)nc3c2c(C2CCC2)nn3-c2ccccc2)CC1,,CHEMBL5402996,6.62,=,=,EC50,nM,238.0,EC50,nM,238.0,ChEMBL
CHEMBL5338162,CS(=O)(=O)NC(=O)c1cc(N2CCC(C#N)CC2)c2c(C3CCC3)nn(-c3ccccc3)c2n1,,CHEMBL5435759,6.52,=,=,EC50,nM,299.0,EC50,nM,299.0,ChEMBL
CHEMBL5338162,CS(=O)(=O)NC(=O)c1cc(N2CCC(N3CCOCC3)CC2)c2c(C3CCC3)nn(-c3ccccc3)c2n1,,CHEMBL5396697,6.30,=,=,EC50,nM,502.0,EC50,nM,502.0,ChEMBL
CHEMBL5338162,CS(=O)(=O)NC(=O)c1cc(N2CCC(N3CCOCC3)CC2)c2c(C3CCC3)nn(-c3ccc(F)cc3)c2n1,,CHEMBL5431766,6.60,=,=,EC50,nM,249.0,EC50,nM,249.0,ChEMBL
CHEMBL5338162,CN(C)S(=O)(=O)NC(=O)c1cc(N2CCC(N3CCOCC3)CC2)c2c(C3CCC3)nn(-c3ccc(F)cc3)c2n1,,CHEMBL5424437,6.56,=,=,EC50,nM,274.0,EC50,nM,274.0,ChEMBL
CHEMBL5338162,COC1CCN(c2cc(C(=O)NS(=O)(=O)N(C)C)nc3c2c(C2CCC2)nn3-c2ccc(F)cc2)CC1,,CHEMBL5421982,6.16,=,=,EC50,nM,695.0,EC50,nM,695.0,ChEMBL
CHEMBL5338168,O=C(O)c1cc(-c2ccc(N3CCOCC3)cc2)c2c(C3CCC3)nn(-c3ccccc3)c2n1,,CHEMBL5438304,6.39,=,=,EC50,nM,406.0,EC50,nM,406.0,ChEMBL
CHEMBL5338168,CS(=O)(=O)NC(=O)c1cc(-c2ccc(N3CCOCC3)cc2)c2c(C3CCC3)nn(-c3ccccc3)c2n1,,CHEMBL5418596,6.84,=,=,EC50,nM,145.0,EC50,nM,145.0,ChEMBL
CHEMBL5338168,COCCN(C)c1ccc(-c2cc(C(=O)O)nc3c2c(C2CCC2)nn3-c2ccccc2)cc1,,CHEMBL5404658,6.35,=,=,EC50,nM,448.0,EC50,nM,448.0,ChEMBL
CHEMBL5338168,COCCN(C)c1ccc(-c2cc(C(=O)NS(C)(=O)=O)nc3c2c(C2CCC2)nn3-c2ccccc2)cc1,,CHEMBL5434270,6.57,=,=,EC50,nM,271.0,EC50,nM,271.0,ChEMBL
CHEMBL5338168,COCCN(C)c1ccc(-c2cc(C(=O)O)nc3c2c(C2CCC2)nn3-c2ccccc2)cn1,,CHEMBL5395827,6.32,=,=,EC50,nM,483.0,EC50,nM,483.0,ChEMBL
CHEMBL5338168,COCCN(C)c1ccc(-c2cc(C(=O)NS(C)(=O)=O)nc3c2c(C2CCC2)nn3-c2ccccc2)cn1,,CHEMBL5406344,6.60,=,=,EC50,nM,251.0,EC50,nM,251.0,ChEMBL
CHEMBL5338168,N#CC1CCN(c2ccc(-c3cc(C(=O)O)nc4c3c(C3CCC3)nn4-c3ccccc3)cn2)CC1,,CHEMBL5414290,6.44,=,=,EC50,nM,365.0,EC50,nM,365.0,ChEMBL
CHEMBL5338168,CS(=O)(=O)NC(=O)c1cc(-c2ccc(N3CCC(C#N)CC3)nc2)c2c(C3CCC3)nn(-c3ccccc3)c2n1,,CHEMBL5434572,6.78,=,=,EC50,nM,166.0,EC50,nM,166.0,ChEMBL
CHEMBL5338168,CS(=O)(=O)NC(=O)c1cc(N2CCCCC2)c2c(C3CCC3)nn(-c3ccccc3)c2n1,,CHEMBL5418392,6.68,=,=,EC50,nM,209.0,EC50,nM,209.0,ChEMBL
CHEMBL5338168,COC1CCN(c2cc(C(=O)NS(C)(=O)=O)nc3c2c(C2CCC2)nn3-c2ccccc2)CC1,,CHEMBL5402996,7.14,=,=,EC50,nM,72.0,EC50,nM,72.0,ChEMBL
CHEMBL5338168,CS(=O)(=O)NC(=O)c1cc(N2CCC(C#N)CC2)c2c(C3CCC3)nn(-c3ccccc3)c2n1,,CHEMBL5435759,6.97,=,=,EC50,nM,106.0,EC50,nM,106.0,ChEMBL
CHEMBL5338168,CS(=O)(=O)NC(=O)c1cc(N2CCC(N3CCOCC3)CC2)c2c(C3CCC3)nn(-c3ccccc3)c2n1,,CHEMBL5396697,6.83,=,=,EC50,nM,147.0,EC50,nM,147.0,ChEMBL
CHEMBL5338168,CS(=O)(=O)NC(=O)c1cc(N2CCC(N3CCOCC3)CC2)c2c(C3CCC3)nn(-c3ccc(F)cc3)c2n1,,CHEMBL5431766,6.93,=,=,EC50,nM,117.0,EC50,nM,117.0,ChEMBL
CHEMBL5338168,CN(C)S(=O)(=O)NC(=O)c1cc(N2CCC(N3CCOCC3)CC2)c2c(C3CCC3)nn(-c3ccc(F)cc3)c2n1,,CHEMBL5424437,6.96,=,=,EC50,nM,109.0,EC50,nM,109.0,ChEMBL
CHEMBL5338168,COC1CCN(c2cc(C(=O)NS(=O)(=O)N(C)C)nc3c2c(C2CCC2)nn3-c2ccc(F)cc2)CC1,,CHEMBL5421982,6.56,=,=,EC50,nM,273.0,EC50,nM,273.0,ChEMBL
CHEMBL5338170,CS(=O)(=O)NC(=O)c1cc(N2CCC(C#N)CC2)c2c(C3CCC3)nn(-c3ccccc3)c2n1,,CHEMBL5435759,7.22,=,=,EC50,nM,60.0,EC50,nM,60.0,ChEMBL
CHEMBL5338170,CS(=O)(=O)NC(=O)c1cc(N2CCC(N3CCOCC3)CC2)c2c(C3CCC3)nn(-c3ccccc3)c2n1,,CHEMBL5396697,7.41,=,=,EC50,nM,39.0,EC50,nM,39.0,ChEMBL
CHEMBL5338170,CS(=O)(=O)NC(=O)c1cc(N2CCC(N3CCOCC3)CC2)c2c(C3CCC3)nn(-c3ccc(F)cc3)c2n1,,CHEMBL5431766,7.34,=,=,EC50,nM,46.0,EC50,nM,46.0,ChEMBL
CHEMBL5338170,CN(C)S(=O)(=O)NC(=O)c1cc(N2CCC(N3CCOCC3)CC2)c2c(C3CCC3)nn(-c3ccc(F)cc3)c2n1,,CHEMBL5424437,7.17,=,=,EC50,nM,67.0,EC50,nM,67.0,ChEMBL
CHEMBL5338170,COC1CCN(c2cc(C(=O)NS(=O)(=O)N(C)C)nc3c2c(C2CCC2)nn3-c2ccc(F)cc2)CC1,,CHEMBL5421982,7.33,=,=,EC50,nM,47.0,EC50,nM,47.0,ChEMBL
CHEMBL5338188,CS(=O)(=O)NC(=O)c1cc(-c2ccc(N3CCC(C#N)CC3)nc2)c2c(C3CCC3)nn(-c3ccccc3)c2n1,,CHEMBL5434572,6.80,=,=,EC50,nM,158.49,pEC50,,6.8,ChEMBL
CHEMBL5338188,CS(=O)(=O)NC(=O)c1cc(N2CCC(N3CCOCC3)CC2)c2c(C3CCC3)nn(-c3ccccc3)c2n1,,CHEMBL5396697,6.90,=,=,EC50,nM,125.89,pEC50,,6.9,ChEMBL
CHEMBL5338188,CN(C)S(=O)(=O)NC(=O)c1cc(N2CCC(N3CCOCC3)CC2)c2c(C3CCC3)nn(-c3ccc(F)cc3)c2n1,,CHEMBL5424437,7.20,=,=,EC50,nM,63.1,pEC50,,7.2,ChEMBL
CHEMBL5338188,COC1CCN(c2cc(C(=O)NS(=O)(=O)N(C)C)nc3c2c(C2CCC2)nn3-c2ccc(F)cc2)CC1,,CHEMBL5421982,7.20,=,=,EC50,nM,63.1,pEC50,,7.2,ChEMBL
CHEMBL5338188,CS(=O)(=O)NC(=O)c1cc(-c2ccc(N3CCC(C#N)CC3)nc2)c2c(C3CCC3)nn(-c3ccccc3)c2n1,,CHEMBL5434572,6.81,=,=,EC50,nM,154.0,EC50,nM,154.0,ChEMBL
CHEMBL5338188,CS(=O)(=O)NC(=O)c1cc(N2CCC(N3CCOCC3)CC2)c2c(C3CCC3)nn(-c3ccccc3)c2n1,,CHEMBL5396697,6.92,=,=,EC50,nM,119.0,EC50,nM,119.0,ChEMBL
CHEMBL5338188,CN(C)S(=O)(=O)NC(=O)c1cc(N2CCC(N3CCOCC3)CC2)c2c(C3CCC3)nn(-c3ccc(F)cc3)c2n1,,CHEMBL5424437,7.21,=,=,EC50,nM,62.0,EC50,nM,62.0,ChEMBL
CHEMBL5338188,COC1CCN(c2cc(C(=O)NS(=O)(=O)N(C)C)nc3c2c(C2CCC2)nn3-c2ccc(F)cc2)CC1,,CHEMBL5421982,7.15,=,=,EC50,nM,71.0,EC50,nM,71.0,ChEMBL
CHEMBL5338190,CC(C)(C)c1cc(C(C)(C)C)c(NC(=O)c2c[nH]c3ccccc3c2=O)cc1O,,CHEMBL2010601,7.89,=,=,EC50,nM,13.0,EC50,nM,13.0,ChEMBL
CHEMBL5338190,CC(C)(C)c1cc(C(C)(C)C)c(NC(=O)c2c[nH]c3ccccc3c2=O)cc1O,,CHEMBL2010601,7.90,=,=,EC50,nM,12.59,pEC50,,7.9,ChEMBL
CHEMBL5351143,COc1cccc(Cn2c(C)ns/c2=N\C(=N\c2ccccc2)c2ccccc2)c1,,CHEMBL5406715,5.92,=,=,EC50,nM,1200.0,EC50,uM,1.2,ChEMBL
CHEMBL5351143,Cc1ns/c(=N\C(=N\c2ccccc2)c2ccccc2)n1Cc1cccc(O)c1,,CHEMBL5429527,5.80,=,=,EC50,nM,1600.0,EC50,uM,1.6,ChEMBL
CHEMBL5351144,Cc1ns/c(=N\C(=N\c2ccccc2)c2ccccc2)n1Cc1ccccc1,,CHEMBL5395987,5.58,=,=,EC50,nM,2600.0,EC50,uM,2.6,ChEMBL
CHEMBL5358791,CC(C)Cn1c(=O)n(C)c(=O)c2nc[nH]c21,,CHEMBL275084,4.35,=,=,EC50,nM,45000.0,EC50,uM,45.0,ChEMBL
CHEMBL5358791,CC(C)Cn1c(=O)c2[nH]cnc2n(C)c1=O,,CHEMBL5437717,4.00,=,=,EC50,nM,100000.0,EC50,uM,100.0,ChEMBL
CHEMBL5358792,CCCn1cnc2c1N=CN1C2=N[C@](C)(C(=O)O)[C@@H](O)[C@@]1(C)O,,CHEMBL5428049,5.68,=,=,EC50,nM,2100.0,EC50,uM,2.1,ChEMBL
CHEMBL5358792,CCCn1cnc2c1N=CN1C2=N[C@](C)(C(=O)O)[C@H](O)[C@@]1(C)O,,CHEMBL5420411,5.54,=,=,EC50,nM,2900.0,EC50,uM,2.9,ChEMBL
CHEMBL5358792,Oc1cc2cccc[n+]2c2c(Cl)cccc12.[Cl-],Outside typical range,CHEMBL175225,,=,=,EC50,nM,141000.0,EC50,uM,141.0,ChEMBL
CHEMBL5358792,Oc1cc2cccc[n+]2c2cccc(Cl)c12.[Cl-],Outside typical range,CHEMBL367928,,=,=,EC50,nM,146000.0,EC50,uM,146.0,ChEMBL
CHEMBL5358792,CCCCc1c(O)c2c(Cl)cccc2[n+]2ccccc12.[Cl-],,CHEMBL174255,5.77,=,=,EC50,nM,1700.0,EC50,uM,1.7,ChEMBL
CHEMBL5358793,CC(C)c1ccc(NC(=O)[C@H](c2ccccc2)N(C)C(=O)Cc2c[nH]c3ccccc23)cc1,,CHEMBL5429576,7.16,=,=,EC50,nM,70.0,EC50,nM,70.0,ChEMBL
CHEMBL5358794,O=c1cc(-c2ccc(O)cc2)oc2cc(O)cc(O)c12,,CHEMBL28,5.32,=,=,Ki,nM,4800.0,Ki,uM,4.8,ChEMBL
CHEMBL5358794,O=c1cc(-c2ccncc2)oc2c1cc(-c1ccco1)c1ccccc12,,CHEMBL5423437,5.77,=,=,Ki,nM,1700.0,Ki,uM,1.7,ChEMBL
CHEMBL5358795,O=C(c1c[nH]c2ccccc2c1=O)N(Cc1ccccc1)Cc1ccccc1,,CHEMBL3354672,5.68,=,=,EC50,nM,2100.0,EC50,uM,2.1,ChEMBL
CHEMBL5358796,Nc1ccc([N+](=O)[O-])cc1-c1nc2ccccc2n(Cc2ccccc2)c1=O,,CHEMBL4086433,,~,~,EC50,nM,200.0,EC50,nM,200.0,ChEMBL
CHEMBL5358797,Oc1cc2cccc[n+]2c2c(Cl)cccc12.[Cl-],Outside typical range,CHEMBL175225,,>,>,EC50,nM,200000.0,EC50,uM,200.0,ChEMBL
CHEMBL5358797,Oc1cc2cccc[n+]2c2cccc(Cl)c12.[Cl-],Outside typical range,CHEMBL367928,,>,>,EC50,nM,200000.0,EC50,uM,200.0,ChEMBL
CHEMBL5358797,CCCCc1c(O)c2c(Cl)cccc2[n+]2ccccc12.[Cl-],,CHEMBL174255,6.12,=,=,EC50,nM,750.0,EC50,uM,0.75,ChEMBL
CHEMBL5358802,Nc1ccc([N+](=O)[O-])cc1-c1nc2ccccc2n(Cc2ccccc2)c1=O,,CHEMBL4086433,6.86,=,=,EC50,nM,138.0,EC50,nM,138.0,ChEMBL
CHEMBL5358802,CCN(CC)c1nc(Nc2ccccc2)nc(OC(C(F)(F)F)C(F)(F)F)n1,,CHEMBL4100901,6.60,=,=,EC50,nM,251.0,EC50,nM,251.0,ChEMBL
CHEMBL5358802,Cc1cc(C)cc(/N=C2/NC(=O)/C(=C/c3ccc(O)cc3)S2)c1,,CHEMBL5412406,6.48,=,=,EC50,nM,332.0,EC50,nM,332.0,ChEMBL
CHEMBL5358802,COc1ccc(Cc2nnc(NC(=O)Cc3cccs3)s2)cc1OC,,CHEMBL1449253,6.16,=,=,EC50,nM,685.0,EC50,nM,685.0,ChEMBL
CHEMBL5358802,COc1ccccc1CC(=O)Nc1nnc(Cc2ccc(OC)c(OC)c2)s1,,CHEMBL4637667,6.47,=,=,EC50,nM,340.0,EC50,nM,340.0,ChEMBL
CHEMBL5358802,CCOc1ccccc1CC(=O)Nc1nnc(Cc2ccc(OC)c(OC)c2)s1,,CHEMBL5407009,6.42,=,=,EC50,nM,377.0,EC50,nM,377.0,ChEMBL
CHEMBL5358802,COc1ccc(Cc2nnc(NC(=O)Cc3c(F)cccc3Cl)s2)cc1OC,,CHEMBL5425079,6.24,=,=,EC50,nM,571.0,EC50,nM,571.0,ChEMBL
CHEMBL5358802,O=C(c1cccs1)N1N=C(c2ccccc2)CC1c1ccccc1[N+](=O)[O-],,CHEMBL5417364,6.42,=,=,EC50,nM,385.0,EC50,nM,385.0,ChEMBL
CHEMBL5358802,CNc1nc(Nc2ccc([N+](=O)[O-])cc2)nc(OCC(F)(F)C(F)F)n1,,CHEMBL4089490,7.16,=,=,EC50,nM,70.0,EC50,nM,70.0,ChEMBL
CHEMBL5358802,CNc1nc(Nc2cccc([N+](=O)[O-])c2)nc(OCC(F)(F)F)n1,,CHEMBL5413245,6.40,=,=,EC50,nM,400.0,EC50,nM,400.0,ChEMBL
CHEMBL5358802,CC/N=C1\S/C(=C\c2ccc3c(c2)OCO3)C(=O)N1CC,,CHEMBL5425003,5.70,=,=,EC50,nM,2000.0,EC50,nM,2000.0,ChEMBL
CHEMBL5358803,CNc1nc(Nc2ccccc2)nc(OCC(F)(F)C(F)F)n1,,CHEMBL4079174,,~,~,EC50,nM,30.0,EC50,nM,30.0,ChEMBL
CHEMBL5391415,CCc1nnc2n1N=C(c1ccc(OC)c(OC)c1)CS2,,CHEMBL5427087,,~,~,EC50,nM,940.0,EC50,uM,0.94,ChEMBL
CHEMBL5506224,N=C(N)NCCC[C@@H]1NCc2ccccc2Sc2ccccc2CNC(=O)[C@H](Cc2ccc(O)cc2)NC(=O)[C@H](CCCN)NC1=O,,CHEMBL5532317,4.44,=,=,IC50,nM,36100.0,IC50,uM,36.1,ChEMBL
CHEMBL5524057,O=C(Nc1ccc2cc[nH]c2c1)c1c[nH]c2ccccc2c1=O,,CHEMBL3354673,7.00,=,=,EC50,nM,100.0,EC50,nM,100.0,ChEMBL
CHEMBL5524058,CC(C)(C)c1cc(C(C)(C)C)c(NC(=O)c2c[nH]c3ccccc3c2=O)cc1O,,CHEMBL2010601,7.31,=,=,EC50,nM,49.0,EC50,uM,0.049,ChEMBL
CHEMBL5524058,NC(=O)c1c(NC(=O)c2ccccc2Cl)sc2c1CCCC2,,CHEMBL210832,6.49,=,=,EC50,nM,326.0,EC50,nM,326.0,ChEMBL
CHEMBL5524059,CCCCN1CC(S(=O)(=O)Nc2ccc(CC)cc2)c2cccnc21,,CHEMBL5561238,5.72,=,=,EC50,nM,1900.0,EC50,uM,1.9,ChEMBL
CHEMBL5524060,CCCCN1CC(S(=O)(=O)Nc2ccc(CC)cc2)c2cccnc21,,CHEMBL5561238,6.00,=,=,EC50,nM,1000.0,EC50,uM,1.0,ChEMBL
CHEMBL5524062,O=c1cc(-c2ccc(O)cc2)oc2cc(O)cc(O)c12,,CHEMBL28,4.97,=,=,EC50,nM,10800.0,EC50,uM,10.8,ChEMBL
CHEMBL5524063,Cc1ncccc1CNC(=O)c1ccc2c(c1)CC[C@@H]1C[C@@](O)(CCC(F)(F)F)CC[C@@]21Cc1ccccc1,,CHEMBL3647439,6.40,=,=,EC50,nM,400.0,EC50,uM,0.4,ChEMBL
CHEMBL5524064,COc1ccc(S(=O)(=O)N2CCN(C(C)c3nc(OC4CCCCC4)c4ccccc4n3)CC2)cc1,,CHEMBL1257047,5.48,=,=,EC50,nM,3300.0,EC50,uM,3.3,ChEMBL
CHEMBL5524064,O=C(Nc1ncc(Cc2ccccc2Cl)s1)C(c1ccccc1)c1ccccc1,,CHEMBL4176184,5.16,=,=,EC50,nM,7000.0,EC50,uM,7.0,ChEMBL
CHEMBL5524064,CC(C)(CO)c1cc2cc(NC(=O)C3(c4ccc5c(c4)OC(F)(F)O5)CC3)c(F)cc2n1C[C@@H](O)CO,,CHEMBL3544914,5.96,=,=,EC50,nM,1100.0,EC50,uM,1.1,ChEMBL
CHEMBL5524065,O=C(Nc1ncc(Cc2ccccc2Cl)s1)C(c1ccccc1)c1ccccc1,,CHEMBL4176184,7.09,=,=,EC50,nM,81.0,EC50,nM,81.0,ChEMBL
CHEMBL5524066,O=P(O)(CCP(=O)(O)c1ccccc1)c1ccccc1,,CHEMBL1742186,6.00,=,=,EC50,nM,1000.0,EC50,uM,1.0,ChEMBL
CHEMBL5524066,Cc1ccc(S(=O)(=O)Nc2nc3ccccc3nc2C2CCOCC2)cc1,,CHEMBL5554989,6.03,=,=,EC50,nM,930.0,EC50,uM,0.93,ChEMBL
CHEMBL5524066,OC(C1=NC(c2ccc(Br)cc2)NN1)c1ccccc1Br,,CHEMBL5560928,5.52,=,=,EC50,nM,3000.0,EC50,uM,3.0,ChEMBL
CHEMBL5524066,OC(C1=NC(c2ccc(Br)cc2)NN1)c1ccc(Br)cc1,,CHEMBL5566827,5.57,=,=,EC50,nM,2700.0,EC50,uM,2.7,ChEMBL
CHEMBL5524066,OCc1cccc(N2C=CN(c3ccccc3)N2)c1,,CHEMBL5542877,5.72,=,=,EC50,nM,1900.0,EC50,uM,1.9,ChEMBL
CHEMBL5524066,OC(C1=CNNN1c1ccc(Br)cc1)c1ccccc1Br,,CHEMBL5557028,5.38,=,=,EC50,nM,4200.0,EC50,uM,4.2,ChEMBL
CHEMBL5579476,Cc1nc(-n2nc(-c3cccs3)cc2NC(=O)C2(c3ccc(Cl)cc3)CCCC2)[nH]c(=O)c1C,,CHEMBL5592086,5.75,=,=,EC50,nM,1790.0,EC50,uM,1.79,ChEMBL
CHEMBL5579476,O=C(Nc1cc(-c2cccs2)nn1-c1nc2c(c(=O)[nH]1)CCCC2)C1(c2ccc(Cl)cc2)CCCC1,,CHEMBL5595721,5.52,=,=,EC50,nM,3050.0,EC50,uM,3.05,ChEMBL
CHEMBL5579476,Cc1cc(=O)[nH]c(-n2nc(-c3cccs3)cc2NC(=O)C2(c3ccc(Cl)cc3)CCCC2)n1,,CHEMBL2093812,5.17,=,=,EC50,nM,6830.0,EC50,uM,6.83,ChEMBL
CHEMBL5579476,Cc1nc(-n2nc(-c3ccccc3)cc2NC(=O)C(C)(C)Oc2ccc(Cl)cc2)[nH]c(=O)c1C,,CHEMBL5595700,5.22,=,=,EC50,nM,6030.0,EC50,uM,6.03,ChEMBL
CHEMBL5579476,CC(C)(Oc1ccc(Cl)cc1)C(=O)Nc1cc(-c2cccs2)nn1-c1nc2c(c(=O)[nH]1)CCCC2,,CHEMBL5593448,5.21,=,=,EC50,nM,6160.0,EC50,uM,6.16,ChEMBL
CHEMBL5610592,CCOC(=O)c1c(Cl)c2c(n1Cc1cccc(C)c1)-c1nc(NS(=O)(=O)c3ccccc3)ncc1CC2,,CHEMBL5613892,5.50,=,=,EC50,nM,3140.0,EC50,uM,3.14,ChEMBL
CHEMBL5610592,CCOC(=O)c1c(Br)c2c(n1Cc1cccc(Br)c1)-c1nc(NS(=O)(=O)c3ccccc3)ncc1CC2,,CHEMBL5613343,5.51,=,=,EC50,nM,3080.0,EC50,uM,3.08,ChEMBL
CHEMBL5610592,CCOC(=O)c1c(Br)c2c(n1Cc1cccc(C)c1)-c1[nH]c(=O)c(S(=O)(=O)c3ccccc3)cc1CC2,,CHEMBL5612129,6.12,=,=,EC50,nM,750.0,EC50,uM,0.75,ChEMBL
CHEMBL5610593,CCOC(=O)c1c(Cl)c2c(n1Cc1cccc(C)c1)-c1nc(NS(=O)(=O)c3ccccc3)ncc1CC2,,CHEMBL5613892,5.73,=,=,EC50,nM,1880.0,EC50,uM,1.88,ChEMBL
CHEMBL5610593,CCOC(=O)c1c(Br)c2c(n1Cc1cccc(Br)c1)-c1nc(NS(=O)(=O)c3ccccc3)ncc1CC2,,CHEMBL5613343,5.67,=,=,EC50,nM,2120.0,EC50,uM,2.12,ChEMBL
CHEMBL5610593,CCOC(=O)c1c(Br)c2c(n1Cc1cccc(C)c1)-c1[nH]c(=O)c(S(=O)(=O)c3ccccc3)cc1CC2,,CHEMBL5612129,6.35,=,=,EC50,nM,450.0,EC50,uM,0.45,ChEMBL
CHEMBL5730587,Cc1nc2ccc(N(C)C(=O)Cn3nc(-c4cccc(Cl)c4)c4ccccc4c3=O)cc2o1,,CHEMBL4472545,,<,<,EC50,nM,10000.0,EC50,nM,10000.0,ChEMBL
CHEMBL5730587,Cc1nc2ccc(N(C)C(=O)Cn3nc(-c4cccc(F)c4)c4ccccc4c3=O)cc2o1,,CHEMBL5978878,4.82,=,=,EC50,nM,15000.0,EC50,nM,15000.0,ChEMBL
CHEMBL5730587,COc1ccc2c(-c3cccc(F)c3)nn(CC(=O)N(C)c3ccc4nc(C)oc4c3)c(=O)c2c1,,CHEMBL5954796,4.82,=,=,EC50,nM,15000.0,EC50,nM,15000.0,ChEMBL
CHEMBL5730587,COc1ccc2c(-c3cccc(Cl)c3)nn(CC(=O)N(C)c3ccc4nc(C)oc4c3)c(=O)c2c1,,CHEMBL5933617,,<,<,EC50,nM,10000.0,EC50,nM,10000.0,ChEMBL
CHEMBL5730587,COc1ccc2c(-c3cccc(Cl)c3)nn(CC(=O)N(c3ccc4nc(C)oc4c3)C3CC3)c(=O)c2c1,,CHEMBL5826172,,<,<,EC50,nM,10000.0,EC50,nM,10000.0,ChEMBL
CHEMBL5730587,COc1ccc2c(-c3cccc(Cl)c3)nn(CC(=O)N(C)c3ccc4nc(C)oc4c3)c(=O)c2c1,,CHEMBL5933617,,<,<,EC50,nM,10000.0,EC50,nM,10000.0,ChEMBL
CHEMBL5730587,CCN(C(=O)Cn1nc(-c2cccc(Cl)c2)c2ccc(OC)cc2c1=O)c1ccc2nc(C)oc2c1,,CHEMBL5935439,,<,<,EC50,nM,10000.0,EC50,nM,10000.0,ChEMBL
CHEMBL5730587,CCN(C(=O)Cn1nc(-c2cccc(F)c2)c2ccc(OC)cc2c1=O)c1ccc2nc(C)oc2c1,,CHEMBL5772408,,<,<,EC50,nM,10000.0,EC50,nM,10000.0,ChEMBL
CHEMBL5730587,CCN(C(=O)Cn1nc(-c2cccc(Cl)c2)c2ccc(OC)cc2c1=O)c1ccc2nc(C)oc2c1,,CHEMBL5935439,,<,<,EC50,nM,10000.0,EC50,nM,10000.0,ChEMBL
CHEMBL5730587,COc1cc2c(=O)n(CC(=O)N(C)c3ccc4nc(C)oc4c3)nc(-c3cccc(F)c3)c2cc1Cl,,CHEMBL5984733,4.82,=,=,EC50,nM,15000.0,EC50,nM,15000.0,ChEMBL
CHEMBL5730587,COc1cc2c(=O)n(CC(=O)N(C)c3ccc4nc(C)oc4c3)nc(-c3cccc(Cl)c3)c2cc1Cl,,CHEMBL5901392,,<,<,EC50,nM,10000.0,EC50,nM,10000.0,ChEMBL
CHEMBL5730587,COc1ccc2c(-c3cccc(F)c3)nn(CC(=O)N(c3ccc4nc(C)oc4c3)C3CC3)c(=O)c2c1,,CHEMBL5927892,,<,<,EC50,nM,10000.0,EC50,nM,10000.0,ChEMBL
CHEMBL5730587,Cc1nc2ccc(N(C)C(=O)Cn3nc(-c4cccc(F)c4)c4ccc(O)cc4c3=O)cc2o1,,CHEMBL6031467,,<,<,EC50,nM,10000.0,EC50,nM,10000.0,ChEMBL
CHEMBL5730587,Cc1nc2ccc(N(C(=O)Cn3nc(-c4cccc(F)c4)c4ccc(O)cc4c3=O)C3CC3)cc2o1,,CHEMBL6007914,4.82,=,=,EC50,nM,15000.0,EC50,nM,15000.0,ChEMBL
CHEMBL5730587,Cc1nc2ccc(N(C(=O)Cn3nc(-c4cccc(Cl)c4)c4ccc(O)cc4c3=O)C3CC3)cc2o1,,CHEMBL5874792,,<,<,EC50,nM,10000.0,EC50,nM,10000.0,ChEMBL
CHEMBL5730587,Cc1nc2ccc(N(C)C(=O)Cn3nc(-c4cccc(Cl)c4)c4ccc(O)cc4c3=O)cc2o1,,CHEMBL5901423,,<,<,EC50,nM,10000.0,EC50,nM,10000.0,ChEMBL
CHEMBL5730587,CCOc1ccc2c(-c3cccc(F)c3)nn(CC(=O)N(C)c3ccc4nc(C)oc4c3)c(=O)c2c1,,CHEMBL5095180,,<,<,EC50,nM,10000.0,EC50,nM,10000.0,ChEMBL
CHEMBL5730587,CCOc1ccc2c(-c3cccc(Cl)c3)nn(CC(=O)N(c3ccc4nc(C)oc4c3)C3CC3)c(=O)c2c1,,CHEMBL5881928,,<,<,EC50,nM,10000.0,EC50,nM,10000.0,ChEMBL
CHEMBL5730587,CCOc1ccc2c(-c3cccc(Cl)c3)nn(CC(=O)N(C)c3ccc4nc(C)oc4c3)c(=O)c2c1,,CHEMBL6008297,,<,<,EC50,nM,10000.0,EC50,nM,10000.0,ChEMBL
CHEMBL5730587,Cc1nc2ccc(N(C)C(=O)Cn3nc(-c4cccc(Cl)c4)c4ccc(OC(C)C)cc4c3=O)cc2o1,,CHEMBL5779297,4.82,=,=,EC50,nM,15000.0,EC50,nM,15000.0,ChEMBL
CHEMBL5730587,CCOc1ccc2c(-c3cccc(F)c3)nn(CC(=O)N(c3ccc4nc(C)oc4c3)C3CC3)c(=O)c2c1,,CHEMBL5823476,,<,<,EC50,nM,10000.0,EC50,nM,10000.0,ChEMBL
CHEMBL5730587,CCOc1ccc2c(-c3cccc(F)c3)nn(CC(=O)N(C)c3ccc4nc(C)oc4c3)c(=O)c2c1,,CHEMBL5095180,,<,<,EC50,nM,10000.0,EC50,nM,10000.0,ChEMBL
CHEMBL5730587,Cc1nc2ccc(N(C)C(=O)Cn3nc(-c4cccc(Cl)c4)c4ccc(OCC5CC5)cc4c3=O)cc2o1,,CHEMBL5890624,4.82,=,=,EC50,nM,15000.0,EC50,nM,15000.0,ChEMBL
CHEMBL5730587,Cc1nc2ccc(N(C)C(=O)Cn3nc(-c4cccc(Cl)c4)c4ccc(OCC5CC5)cc4c3=O)cc2o1,,CHEMBL5890624,,<,<,EC50,nM,10000.0,EC50,nM,10000.0,ChEMBL
CHEMBL5730587,Cc1nc2ccc(N(C)C(=O)Cn3nc(-c4cccc(Cl)c4)c4ccc(OC(C)C)cc4c3=O)cc2o1,,CHEMBL5779297,,<,<,EC50,nM,10000.0,EC50,nM,10000.0,ChEMBL
CHEMBL5730587,Cc1nc2ccc(N(C)C(=O)Cn3nc(-c4cccc(Cl)c4)c4ccc(OC5CCCCC5)cc4c3=O)cc2o1,,CHEMBL5899868,,<,<,EC50,nM,10000.0,EC50,nM,10000.0,ChEMBL
CHEMBL5730587,Cc1nc2ccc(N(C)C(=O)Cn3nc(-c4cccc(F)c4)c4ccc(OC5CCOCC5)cc4c3=O)cc2o1,,CHEMBL5771379,,<,<,EC50,nM,10000.0,EC50,nM,10000.0,ChEMBL
CHEMBL5730587,Cc1nc2ccc(N(C)C(=O)Cn3nc(-c4cccc(F)c4)c4ccc(OC5CCCCC5)cc4c3=O)cc2o1,,CHEMBL5889456,,<,<,EC50,nM,10000.0,EC50,nM,10000.0,ChEMBL
CHEMBL5730587,Cc1nc2ccc(N(C)C(=O)Cn3nc(-c4cccc(Cl)c4)c4ccc(OC5CCOCC5)cc4c3=O)cc2o1,,CHEMBL5814671,,<,<,EC50,nM,10000.0,EC50,nM,10000.0,ChEMBL
CHEMBL5730587,CCOc1cc2c(=O)n(CC(=O)N(C)c3ccc4nc(C)oc4c3)nc(-c3cccc(F)c3)c2cc1Cl,,CHEMBL5993152,4.82,=,=,EC50,nM,15000.0,EC50,nM,15000.0,ChEMBL
CHEMBL5730587,CCOc1cc2c(=O)n(CC(=O)N(C)c3ccc4nc(C)oc4c3)nc(-c3cccc(Cl)c3)c2cc1Cl,,CHEMBL6052478,,<,<,EC50,nM,10000.0,EC50,nM,10000.0,ChEMBL
CHEMBL5731269,CC(C)(C)c1cc2cc(NC(=O)C3(c4ccc5c(c4)CCC5)CC3)ccc2n1C[C@@H](O)CO,,CHEMBL3956217,6.01,=,=,EC50,nM,981.0,EC50,nM,981.0,ChEMBL
CHEMBL5731269,CC(C)(CCOC[C@@H](O)CO)c1cc2cc(NC(=O)C3(c4ccc5c(c4)OC(F)(F)O5)CC3)c(F)cc2n1C[C@@H](O)CO,,CHEMBL3894447,5.51,=,=,EC50,nM,3095.0,EC50,nM,3095.0,ChEMBL
CHEMBL5731269,CN(C)CCn1c(C(C)(C)C)cc2cc(NC(=O)C3(c4ccc5c(c4)OC(F)(F)O5)CC3)c(F)cc21,,CHEMBL5894146,7.42,=,=,EC50,nM,38.1,EC50,nM,38.1,ChEMBL
CHEMBL5731269,CC(C)(C)c1cc2cc(NC(=O)C3(c4ccc5c(c4)OCO5)CC3)c(F)cc2n1C[C@@H](O)CO,,CHEMBL3923765,6.80,=,=,EC50,nM,160.0,EC50,nM,160.0,ChEMBL
CHEMBL5731269,CC(C)(CCO)c1cc2cc(NC(=O)C3(c4ccc5c(c4)OC(F)(F)O5)CC3)c(F)cc2n1C[C@@H](O)CO,,CHEMBL3908746,7.09,=,=,EC50,nM,81.8,EC50,nM,81.8,ChEMBL
CHEMBL5731269,CC(C)(C)c1cc2c(C#N)c(NC(=O)C3(c4ccc5c(c4)OC(F)(F)O5)CC3)ccc2n1CCO,,CHEMBL3898560,6.74,=,=,EC50,nM,181.0,EC50,nM,181.0,ChEMBL
CHEMBL5731269,CC(C)(C)c1cc2c(C#N)c(NC(=O)C3(c4ccc5c(c4)OC(F)(F)O5)CC3)ccc2[nH]1,,CHEMBL3986594,6.55,=,=,EC50,nM,284.0,EC50,nM,284.0,ChEMBL
CHEMBL5731269,CC1(C)CCn2c1cc1cc(NC(=O)C3(c4ccc5c(c4)OC(F)(F)O5)CC3)c(F)cc12,,CHEMBL3936630,6.64,=,=,EC50,nM,228.0,EC50,nM,228.0,ChEMBL
CHEMBL5731269,CC(C)(CO)c1cc2cc(NC(=O)C3(c4ccc5c(c4)OC(F)(F)O5)CC3)c(F)cc2n1C[C@@H](O)CO,,CHEMBL3544914,6.57,=,=,EC50,nM,272.0,EC50,nM,272.0,ChEMBL
CHEMBL5731269,CC(C)(CCOC[C@@H](O)CO)c1cc2cc(NC(=O)C3(c4ccc5c(c4)OC(F)(F)O5)CC3)c(F)cc2[nH]1,,CHEMBL3933231,6.54,=,=,EC50,nM,285.0,EC50,nM,285.0,ChEMBL
CHEMBL5731269,COc1ccc(C2(C(=O)Nc3ccc4[nH]c(C(C)(C)C)cc4c3)CC2(C)C)cc1,,CHEMBL3910383,5.34,=,=,EC50,nM,4525.0,EC50,nM,4525.0,ChEMBL
CHEMBL5731269,CC(C)(C)c1cc2cc(NC(=O)C3(c4ccc5c(c4)OCO5)CC3)c(F)cc2n1C[C@@H](O)CO,,CHEMBL3923765,7.18,=,=,EC50,nM,65.9,EC50,nM,65.9,ChEMBL
CHEMBL5731269,COc1ccc(C2(C(=O)Nc3ccc4c(c3)cc(C(C)(C)C)n4C[C@@H](O)CO)CC2(C)C)cc1,,CHEMBL3948182,7.41,=,=,EC50,nM,39.1,EC50,nM,39.1,ChEMBL
CHEMBL5731269,CC(C)(CO)c1cc2cc(NC(=O)C3(c4ccc5c(c4)OC(F)(F)O5)CC3)c(F)cc2[nH]1,,CHEMBL3897640,5.37,=,=,EC50,nM,4315.0,EC50,nM,4315.0,ChEMBL
CHEMBL5731269,CC(C)(C)c1cc2cc(NC(=O)C3(c4ccc(N)c(O)c4)CC3)ccc2n1C[C@@H](O)CO,,CHEMBL5923181,5.74,=,=,EC50,nM,1810.0,EC50,nM,1810.0,ChEMBL
CHEMBL5731607,C[C@@](O)(CNC(=O)c1nc(Br)c(C(F)(F)F)cc1N)C(F)(F)F,,CHEMBL5088068,7.82,=,=,EC50,nM,15.0,EC50,nM,15.0,ChEMBL
CHEMBL5731607,CC(O)(CNC(=O)c1nc(-c2ccc(Cl)cc2Cl)c(C(F)(F)F)cc1N)C(F)(F)F,,CHEMBL5885719,7.05,=,=,EC50,nM,90.0,EC50,nM,90.0,ChEMBL
CHEMBL5731607,C[C@](O)(CNC(=O)c1nc(Br)c(C(F)(F)F)cc1N)C(F)(F)F,,CHEMBL5084140,7.26,=,=,EC50,nM,55.0,EC50,nM,55.0,ChEMBL
CHEMBL5731607,CC(O)(CNC(=O)c1nc(-c2ccc(Cl)cc2Cl)c(C(F)(F)F)cc1N)C(F)(F)F,,CHEMBL5885719,6.95,=,=,EC50,nM,112.0,EC50,nM,112.0,ChEMBL
CHEMBL5731607,COc1nc(C(=O)NCC(C)(O)C(F)(F)F)c(N)cc1C(F)(F)F,,CHEMBL5096045,7.12,=,=,EC50,nM,76.0,EC50,nM,76.0,ChEMBL
CHEMBL5731607,CC(C)(O)CNC(=O)c1nc(-c2ccc(F)cc2)c(C(F)(F)F)cc1N,,CHEMBL5944891,7.43,=,=,EC50,nM,37.0,EC50,nM,37.0,ChEMBL
CHEMBL5731607,COc1nc(C(=O)NC[C@](C)(O)C(F)(F)F)c(N)cc1C(F)(F)F,,CHEMBL4650318,7.30,=,=,EC50,nM,50.0,EC50,nM,50.0,ChEMBL
CHEMBL5731607,COc1nc(C(=O)NCC(O)C(F)(F)F)c(N)cc1C(F)(F)F,,CHEMBL5865042,7.46,=,=,EC50,nM,35.0,EC50,nM,35.0,ChEMBL
CHEMBL5731607,COc1nc(C(=O)NCC(C)(O)C(F)(F)F)c(N)cc1C(F)(F)F,,CHEMBL5096045,6.37,=,=,EC50,nM,426.0,EC50,nM,426.0,ChEMBL
CHEMBL5731607,Cc1ccc(-c2nc(C(=O)NCC(O)(C(F)(F)F)C(F)(F)F)c(N)cc2C(F)(F)F)cn1,,CHEMBL6050385,6.94,=,=,EC50,nM,115.0,EC50,nM,115.0,ChEMBL
CHEMBL5731607,C[C@](O)(CNC(=O)c1nc(-c2ccc(F)cc2)c(C(F)(F)F)cc1N)C(F)(F)F,,CHEMBL5760754,7.40,=,=,EC50,nM,40.0,EC50,nM,40.0,ChEMBL
CHEMBL5731607,Cc1ccc(-c2nc(C(=O)NCC(C)(O)C(F)(F)F)c(N)cc2C(F)(F)F)cn1,,CHEMBL6014633,7.29,=,=,EC50,nM,51.0,EC50,nM,51.0,ChEMBL
CHEMBL5731607,C[C@@](O)(CNC(=O)c1nc(-c2ccc(F)cc2)c(C(F)(F)F)cc1N)C(F)(F)F,,CHEMBL5861961,7.22,=,=,EC50,nM,60.0,EC50,nM,60.0,ChEMBL
CHEMBL5731607,C[C@](O)(CNC(=O)c1nc(C(F)(F)F)c(C(F)(F)F)cc1N)C(F)(F)F,,CHEMBL5088607,8.10,=,=,EC50,nM,8.0,EC50,nM,8.0,ChEMBL
CHEMBL5731607,C[C@@](O)(CNC(=O)c1nc(C(F)(F)F)c(C(F)(F)F)cc1N)C(F)(F)F,,CHEMBL5965554,8.00,=,=,EC50,nM,10.0,EC50,nM,10.0,ChEMBL
CHEMBL5731659,COCCS(=O)(=O)NC(=O)c1cc(N2CCC(COC)CC2)c2c(C(C)C)nn(-c3ccc(F)cc3)c2n1,,CHEMBL6052392,6.99,=,=,IC50,nM,102.0,IC50,nM,102.0,ChEMBL
CHEMBL5731660,COCCS(=O)(=O)NC(=O)c1cc(N2CCC(COC)CC2)c2c(C(C)C)nn(-c3ccc(F)cc3)c2n1,,CHEMBL6052392,7.40,=,=,IC50,nM,40.0,IC50,nM,40.0,ChEMBL
CHEMBL5731660,COCCS(=O)(=O)NC(=O)c1cc(N2CCC(COC)CC2)c2c(C(C)C)nn(-c3ccc(F)cc3)c2n1,,CHEMBL6052392,6.99,=,=,IC50,nM,103.0,IC50,nM,103.0,ChEMBL
CHEMBL5731659,COCCS(=O)(=O)NC(=O)c1cc(N2CCC(OC)CC2)c2c(C3CCC3)nn(-c3ccccc3)c2n1,,CHEMBL6037187,6.38,=,=,IC50,nM,417.0,IC50,nM,417.0,ChEMBL
CHEMBL5731660,COCCS(=O)(=O)NC(=O)c1cc(N2CCC(OC)CC2)c2c(C3CCC3)nn(-c3ccccc3)c2n1,,CHEMBL6037187,,>,>,IC50,nM,6670.0,IC50,nM,6670.0,ChEMBL
CHEMBL5731660,COCCS(=O)(=O)NC(=O)c1cc(N2CCC(OC)CC2)c2c(C3CCC3)nn(-c3ccccc3)c2n1,,CHEMBL6037187,6.98,=,=,IC50,nM,104.0,IC50,nM,104.0,ChEMBL
CHEMBL5731659,CS(=O)(=O)NC(=O)c1cc(-c2ccc(N3CCC(C#N)CC3)nc2)c2c(C3CCC3)nn(-c3ccccc3)c2n1,,CHEMBL5434572,6.30,=,=,IC50,nM,496.0,IC50,nM,496.0,ChEMBL
CHEMBL5731660,CS(=O)(=O)NC(=O)c1cc(-c2ccc(N3CCC(C#N)CC3)nc2)c2c(C3CCC3)nn(-c3ccccc3)c2n1,,CHEMBL5434572,5.49,=,=,IC50,nM,3250.0,IC50,nM,3250.0,ChEMBL
CHEMBL5731660,CS(=O)(=O)NC(=O)c1cc(-c2ccc(N3CCC(C#N)CC3)nc2)c2c(C3CCC3)nn(-c3ccccc3)c2n1,,CHEMBL5434572,6.86,=,=,IC50,nM,138.0,IC50,nM,138.0,ChEMBL
CHEMBL5731661,CC(C)c1nn(-c2cc[nH]c(=O)c2)c2nc(C(=O)O)cc(-c3ccc(N(C)C)cc3)c12,,CHEMBL5836678,5.01,=,=,Kd,nM,9655.0,Kd,nM,9655.0,ChEMBL
CHEMBL5731661,CS(=O)(=O)NC(=O)c1cc(-c2ccc(N3CCC(C#N)CC3)nc2)c2c(C3CCC3)nn(-c3ccccc3)c2n1,,CHEMBL5434572,7.70,=,=,Kd,nM,20.2,Kd,nM,20.2,ChEMBL
CHEMBL5731677,CC(c1cn(-c2ccccc2F)nn1)c1c(C#N)c(-c2cnc(C(F)(F)F)nc2)c2c(N)ncnn12,,CHEMBL5963506,7.29,=,=,EC50,nM,51.1,EC50,nM,51.1,ChEMBL
CHEMBL5731678,CC(c1cn(-c2ccccc2F)nn1)c1c(C#N)c(-c2cnc(C(F)(F)F)nc2)c2c(N)ncnn12,,CHEMBL5963506,7.33,=,=,EC50,nM,46.8,EC50,nM,46.8,ChEMBL
CHEMBL5731677,CC(c1cn(-c2ccccc2F)nn1)c1c(C#N)c(-c2cnc(C(F)(F)F)nc2)c2c(N)ncnn12,,CHEMBL5963506,7.95,=,=,EC50,nM,11.2,EC50,nM,11.2,ChEMBL
CHEMBL5731678,CC(c1cn(-c2ccccc2F)nn1)c1c(C#N)c(-c2cnc(C(F)(F)F)nc2)c2c(N)ncnn12,,CHEMBL5963506,8.04,=,=,EC50,nM,9.14,EC50,nM,9.14,ChEMBL
CHEMBL5731677,CC(c1cn(-c2ccc(F)cc2F)nn1)c1c(C#N)c(-c2cnc(C(F)(F)F)nc2)c2c(N)ncnn12,,CHEMBL5792842,7.84,=,=,EC50,nM,14.6,EC50,nM,14.6,ChEMBL
CHEMBL5731678,CC(c1cn(-c2ccc(F)cc2F)nn1)c1c(C#N)c(-c2cnc(C(F)(F)F)nc2)c2c(N)ncnn12,,CHEMBL5792842,7.97,=,=,EC50,nM,10.6,EC50,nM,10.6,ChEMBL
CHEMBL5731677,CCC(c1cn(-c2ccccc2F)nn1)c1c(C#N)c(-c2cnc(C(F)(F)F)nc2)c2c(N)ncnn12,,CHEMBL5964878,7.69,=,=,EC50,nM,20.5,EC50,nM,20.5,ChEMBL
CHEMBL5731678,CCC(c1cn(-c2ccccc2F)nn1)c1c(C#N)c(-c2cnc(C(F)(F)F)nc2)c2c(N)ncnn12,,CHEMBL5964878,7.45,=,=,EC50,nM,35.8,EC50,nM,35.8,ChEMBL
CHEMBL5731677,CCC(c1cn(-c2ccccc2F)nn1)c1c(C#N)c(-c2cnc(C(F)(F)F)nc2)c2c(N)ncnn12,,CHEMBL5964878,8.52,=,=,EC50,nM,3.02,EC50,nM,3.02,ChEMBL
CHEMBL5731678,CCC(c1cn(-c2ccccc2F)nn1)c1c(C#N)c(-c2cnc(C(F)(F)F)nc2)c2c(N)ncnn12,,CHEMBL5964878,8.67,=,=,EC50,nM,2.13,EC50,nM,2.13,ChEMBL
CHEMBL5731677,CCC(c1cn(-c2ccc(F)cc2F)nn1)c1c(C#N)c(-c2cnc(C(F)(F)F)nc2)c2c(N)ncnn12,,CHEMBL5962153,8.26,=,=,EC50,nM,5.48,EC50,nM,5.48,ChEMBL
CHEMBL5731678,CCC(c1cn(-c2ccc(F)cc2F)nn1)c1c(C#N)c(-c2cnc(C(F)(F)F)nc2)c2c(N)ncnn12,,CHEMBL5962153,8.30,=,=,EC50,nM,5.05,EC50,nM,5.05,ChEMBL
CHEMBL5731677,CCC(c1cn(-c2ccc(F)cc2F)nn1)c1c(C#N)c(-c2cnc(C(F)(F)F)nc2)c2c(N)ncnn12,,CHEMBL5962153,7.47,=,=,EC50,nM,33.5,EC50,nM,33.5,ChEMBL
CHEMBL5731678,CCC(c1cn(-c2ccc(F)cc2F)nn1)c1c(C#N)c(-c2cnc(C(F)(F)F)nc2)c2c(N)ncnn12,,CHEMBL5962153,7.34,=,=,EC50,nM,45.2,EC50,nM,45.2,ChEMBL
CHEMBL5731677,CCC(c1cn(-c2cc(F)ccc2F)nn1)c1c(C#N)c(-c2cnc(C(F)(F)F)nc2)c2c(N)ncnn12,,CHEMBL5964959,7.89,=,=,EC50,nM,13.0,EC50,nM,13.0,ChEMBL
CHEMBL5731678,CCC(c1cn(-c2cc(F)ccc2F)nn1)c1c(C#N)c(-c2cnc(C(F)(F)F)nc2)c2c(N)ncnn12,,CHEMBL5964959,7.76,=,=,EC50,nM,17.2,EC50,nM,17.2,ChEMBL
CHEMBL5731677,CCC(c1cn(-c2ccc(F)c(F)c2)nn1)c1c(C#N)c(-c2cnc(C(F)(F)F)nc2)c2c(N)ncnn12,,CHEMBL5876993,7.55,=,=,EC50,nM,28.4,EC50,nM,28.4,ChEMBL
CHEMBL5731678,CCC(c1cn(-c2ccc(F)c(F)c2)nn1)c1c(C#N)c(-c2cnc(C(F)(F)F)nc2)c2c(N)ncnn12,,CHEMBL5876993,7.38,=,=,EC50,nM,41.2,EC50,nM,41.2,ChEMBL
CHEMBL5731677,CCC(c1cnn(C(C)C)c1)c1c(C#N)c(-c2cnc(C(F)(F)F)nc2)c2c(N)ncnn12,,CHEMBL5943989,7.32,=,=,EC50,nM,48.0,EC50,nM,48.0,ChEMBL
CHEMBL5731678,CCC(c1cnn(C(C)C)c1)c1c(C#N)c(-c2cnc(C(F)(F)F)nc2)c2c(N)ncnn12,,CHEMBL5943989,7.02,=,=,EC50,nM,95.9,EC50,nM,95.9,ChEMBL
CHEMBL5731677,CCC(c1cnn(C(C)C)c1)c1c(C#N)c(-c2cnc(C(F)(F)F)nc2)c2c(N)ncnn12,,CHEMBL5943989,8.16,=,=,EC50,nM,6.96,EC50,nM,6.96,ChEMBL
CHEMBL5731678,CCC(c1cnn(C(C)C)c1)c1c(C#N)c(-c2cnc(C(F)(F)F)nc2)c2c(N)ncnn12,,CHEMBL5943989,8.38,=,=,EC50,nM,4.17,EC50,nM,4.17,ChEMBL
CHEMBL5731677,CC(c1cnn(-c2ccccc2F)c1)c1c(C#N)c(-c2cnc(C(F)(F)F)nc2)c2c(N)ncnn12,,CHEMBL6033456,8.40,=,=,EC50,nM,4.0,EC50,nM,4.0,ChEMBL
CHEMBL5731678,CC(c1cnn(-c2ccccc2F)c1)c1c(C#N)c(-c2cnc(C(F)(F)F)nc2)c2c(N)ncnn12,,CHEMBL6033456,7.90,=,=,EC50,nM,12.5,EC50,nM,12.5,ChEMBL
CHEMBL5731677,CC(c1cnn(-c2ccccc2F)c1)c1c(C#N)c(-c2cnc(C(F)(F)F)nc2)c2c(N)ncnn12,,CHEMBL6033456,9.38,=,=,EC50,nM,0.42,EC50,nM,0.42,ChEMBL
CHEMBL5731678,CC(c1cnn(-c2ccccc2F)c1)c1c(C#N)c(-c2cnc(C(F)(F)F)nc2)c2c(N)ncnn12,,CHEMBL6033456,9.21,=,=,EC50,nM,0.62,EC50,nM,0.62,ChEMBL
CHEMBL5731677,CCC(c1cnn(-c2ccccc2F)c1)c1c(C#N)c(-c2cnc(C(F)(F)F)nc2)c2c(N)ncnn12,,CHEMBL5863288,8.70,=,=,EC50,nM,2.0,EC50,nM,2.0,ChEMBL
CHEMBL5731678,CCC(c1cnn(-c2ccccc2F)c1)c1c(C#N)c(-c2cnc(C(F)(F)F)nc2)c2c(N)ncnn12,,CHEMBL5863288,8.18,=,=,EC50,nM,6.59,EC50,nM,6.59,ChEMBL
CHEMBL5731677,CCC(c1cnn(-c2ccccc2F)c1)c1c(C#N)c(-c2cnc(C(F)(F)F)nc2)c2c(N)ncnn12,,CHEMBL5863288,9.70,=,=,EC50,nM,0.2,EC50,nM,0.2,ChEMBL
CHEMBL5731678,CCC(c1cnn(-c2ccccc2F)c1)c1c(C#N)c(-c2cnc(C(F)(F)F)nc2)c2c(N)ncnn12,,CHEMBL5863288,9.25,=,=,EC50,nM,0.56,EC50,nM,0.56,ChEMBL
CHEMBL5731677,CCC(c1cnn(-c2ccc(F)cc2F)c1)c1c(C#N)c(-c2cnc(C(F)(F)F)nc2)c2c(N)ncnn12,,CHEMBL5892004,9.38,=,=,EC50,nM,0.42,EC50,nM,0.42,ChEMBL
CHEMBL5731678,CCC(c1cnn(-c2ccc(F)cc2F)c1)c1c(C#N)c(-c2cnc(C(F)(F)F)nc2)c2c(N)ncnn12,,CHEMBL5892004,9.25,=,=,EC50,nM,0.56,EC50,nM,0.56,ChEMBL
CHEMBL5731677,CCC(c1cnn(-c2ccc(F)cc2F)c1)c1c(C#N)c(-c2cnc(C(F)(F)F)nc2)c2c(N)ncnn12,,CHEMBL5892004,8.52,=,=,EC50,nM,3.0,EC50,nM,3.0,ChEMBL
CHEMBL5731678,CCC(c1cnn(-c2ccc(F)cc2F)c1)c1c(C#N)c(-c2cnc(C(F)(F)F)nc2)c2c(N)ncnn12,,CHEMBL5892004,7.88,=,=,EC50,nM,13.3,EC50,nM,13.3,ChEMBL
CHEMBL5731677,CC(c1cc(-c2ccccc2F)no1)c1c(C#N)c(-c2cnc(C(F)(F)F)nc2)c2c(N)ncnn12,,CHEMBL5889215,8.78,=,=,EC50,nM,1.67,EC50,nM,1.67,ChEMBL
CHEMBL5731678,CC(c1cc(-c2ccccc2F)no1)c1c(C#N)c(-c2cnc(C(F)(F)F)nc2)c2c(N)ncnn12,,CHEMBL5889215,8.51,=,=,EC50,nM,3.1,EC50,nM,3.1,ChEMBL
CHEMBL5731677,CC(c1cc(-c2ccccc2F)no1)c1c(C#N)c(-c2cnc(C(F)(F)F)nc2)c2c(N)ncnn12,,CHEMBL5889215,8.30,=,=,EC50,nM,5.0,EC50,nM,5.0,ChEMBL
CHEMBL5731678,CC(c1cc(-c2ccccc2F)no1)c1c(C#N)c(-c2cnc(C(F)(F)F)nc2)c2c(N)ncnn12,,CHEMBL5889215,7.86,=,=,EC50,nM,13.8,EC50,nM,13.8,ChEMBL
CHEMBL5731677,C[C@H](c1cnn(-c2ccc(F)cc2F)c1)c1c(C#N)c(-c2cnc(C(F)(F)F)nc2)c2c(N)ncnn12,,CHEMBL5862902,8.05,=,=,EC50,nM,8.94,EC50,nM,8.94,ChEMBL
CHEMBL5731678,C[C@H](c1cnn(-c2ccc(F)cc2F)c1)c1c(C#N)c(-c2cnc(C(F)(F)F)nc2)c2c(N)ncnn12,,CHEMBL5862902,7.52,=,=,EC50,nM,30.0,EC50,nM,30.0,ChEMBL
CHEMBL5731677,C[C@@H](c1cnn(-c2ccc(F)cc2F)c1)c1c(C#N)c(-c2cnc(C(F)(F)F)nc2)c2c(N)ncnn12,,CHEMBL5881985,9.18,=,=,EC50,nM,0.66,EC50,nM,0.66,ChEMBL
CHEMBL5731678,C[C@@H](c1cnn(-c2ccc(F)cc2F)c1)c1c(C#N)c(-c2cnc(C(F)(F)F)nc2)c2c(N)ncnn12,,CHEMBL5881985,8.50,=,=,EC50,nM,3.13,EC50,nM,3.13,ChEMBL
CHEMBL5731677,N#Cc1c(-c2cnc(C(F)(F)F)nc2)c2c(N)ncnn2c1Cc1cn(-c2ccccc2F)nn1,,CHEMBL5923614,7.57,=,=,EC50,nM,27.1,EC50,nM,27.1,ChEMBL
CHEMBL5731678,N#Cc1c(-c2cnc(C(F)(F)F)nc2)c2c(N)ncnn2c1Cc1cn(-c2ccccc2F)nn1,,CHEMBL5923614,7.63,=,=,EC50,nM,23.3,EC50,nM,23.3,ChEMBL
CHEMBL5731677,CC(c1cn(-c2ccc(F)cc2F)nn1)c1c(C#N)c(-c2cnc(C(F)(F)F)nc2)c2c(N)ncnn12,,CHEMBL5792842,7.68,=,=,EC50,nM,20.9,EC50,nM,20.9,ChEMBL
CHEMBL5731678,CC(c1cn(-c2ccc(F)cc2F)nn1)c1c(C#N)c(-c2cnc(C(F)(F)F)nc2)c2c(N)ncnn12,,CHEMBL5792842,7.54,=,=,EC50,nM,28.7,EC50,nM,28.7,ChEMBL
CHEMBL5731677,CCC(c1cn(-c2ccccc2F)nn1)c1c(C#N)c(-c2cnc(C(F)(F)F)nc2)c2c(N)ncnn12,,CHEMBL5964878,8.11,=,=,EC50,nM,7.86,EC50,nM,7.86,ChEMBL
CHEMBL5731677,N#Cc1c(-c2cnc(C(F)(F)F)nc2)c2c(N)ncnn2c1Cc1cnn(-c2ccccc2F)c1,,CHEMBL6009312,9.07,=,=,EC50,nM,0.86,EC50,nM,0.86,ChEMBL
CHEMBL5731678,N#Cc1c(-c2cnc(C(F)(F)F)nc2)c2c(N)ncnn2c1Cc1cnn(-c2ccccc2F)c1,,CHEMBL6009312,9.24,=,=,EC50,nM,0.57,EC50,nM,0.57,ChEMBL
CHEMBL5731677,N#Cc1c(-c2cnc(C(F)F)nc2)c2c(N)ncnn2c1Cc1cnn(-c2ccccc2F)c1,,CHEMBL5802461,8.98,=,=,EC50,nM,1.05,EC50,nM,1.05,ChEMBL
CHEMBL5731678,N#Cc1c(-c2cnc(C(F)F)nc2)c2c(N)ncnn2c1Cc1cnn(-c2ccccc2F)c1,,CHEMBL5802461,9.39,=,=,EC50,nM,0.41,EC50,nM,0.41,ChEMBL
CHEMBL5731677,N#Cc1c(-c2cnc(C(F)(F)F)nc2)c2c(N)ncnn2c1Cc1cc(-c2ccccc2F)no1,,CHEMBL5974038,8.40,=,=,EC50,nM,4.0,EC50,nM,4.0,ChEMBL
CHEMBL5731678,N#Cc1c(-c2cnc(C(F)(F)F)nc2)c2c(N)ncnn2c1Cc1cc(-c2ccccc2F)no1,,CHEMBL5974038,8.33,=,=,EC50,nM,4.65,EC50,nM,4.65,ChEMBL
CHEMBL5731677,CC(c1cn(-c2ccccc2F)nn1)c1cc(-c2cnc(C(F)(F)F)nc2)c2c(N)ncnn12,,CHEMBL5989702,6.77,=,=,EC50,nM,171.0,EC50,nM,171.0,ChEMBL
CHEMBL5731678,CC(c1cn(-c2ccccc2F)nn1)c1cc(-c2cnc(C(F)(F)F)nc2)c2c(N)ncnn12,,CHEMBL5989702,7.12,=,=,EC50,nM,76.4,EC50,nM,76.4,ChEMBL
CHEMBL5731677,CC(c1cn(-c2ccccc2F)nn1)c1cc(-c2cnc(C(F)(F)F)nc2)c2c(N)ncnn12,,CHEMBL5989702,8.19,=,=,EC50,nM,6.48,EC50,nM,6.48,ChEMBL
CHEMBL5731678,CC(c1cn(-c2ccccc2F)nn1)c1cc(-c2cnc(C(F)(F)F)nc2)c2c(N)ncnn12,,CHEMBL5989702,8.13,=,=,EC50,nM,7.4,EC50,nM,7.4,ChEMBL
CHEMBL5731677,CC(c1cn(-c2ccc(F)cc2F)nn1)c1cc(-c2cnc(C(F)(F)F)nc2)c2c(N)ncnn12,,CHEMBL5963315,6.65,=,=,EC50,nM,225.0,EC50,nM,225.0,ChEMBL
CHEMBL5731678,CC(c1cn(-c2ccc(F)cc2F)nn1)c1cc(-c2cnc(C(F)(F)F)nc2)c2c(N)ncnn12,,CHEMBL5963315,6.58,=,=,EC50,nM,266.0,EC50,nM,266.0,ChEMBL
CHEMBL5731677,CC(c1cn(-c2ccc(F)cc2F)nn1)c1cc(-c2cnc(C(F)(F)F)nc2)c2c(N)ncnn12,,CHEMBL5963315,8.13,=,=,EC50,nM,7.48,EC50,nM,7.48,ChEMBL
CHEMBL5731678,CC(c1cn(-c2ccc(F)cc2F)nn1)c1cc(-c2cnc(C(F)(F)F)nc2)c2c(N)ncnn12,,CHEMBL5963315,8.06,=,=,EC50,nM,8.76,EC50,nM,8.76,ChEMBL
CHEMBL5731677,CCC(c1cn(-c2ccccc2F)nn1)c1cc(-c2cnc(C(F)(F)F)nc2)c2c(N)ncnn12,,CHEMBL6000653,8.70,=,=,EC50,nM,2.0,EC50,nM,2.0,ChEMBL
CHEMBL5731678,CCC(c1cn(-c2ccccc2F)nn1)c1cc(-c2cnc(C(F)(F)F)nc2)c2c(N)ncnn12,,CHEMBL6000653,8.73,=,=,EC50,nM,1.88,EC50,nM,1.88,ChEMBL
CHEMBL5731677,CCC(c1cn(-c2ccccc2F)nn1)c1cc(-c2cnc(C(F)(F)F)nc2)c2c(N)ncnn12,,CHEMBL6000653,7.44,=,=,EC50,nM,36.6,EC50,nM,36.6,ChEMBL
CHEMBL5731678,CCC(c1cn(-c2ccccc2F)nn1)c1cc(-c2cnc(C(F)(F)F)nc2)c2c(N)ncnn12,,CHEMBL6000653,7.04,=,=,EC50,nM,91.2,EC50,nM,91.2,ChEMBL
CHEMBL5731677,CCC(c1cn(-c2ccc(F)cc2F)nn1)c1cc(-c2cnc(C(F)(F)F)nc2)c2c(N)ncnn12,,CHEMBL5869365,6.94,=,=,EC50,nM,115.0,EC50,nM,115.0,ChEMBL
CHEMBL5731678,CCC(c1cn(-c2ccc(F)cc2F)nn1)c1cc(-c2cnc(C(F)(F)F)nc2)c2c(N)ncnn12,,CHEMBL5869365,6.60,=,=,EC50,nM,249.0,EC50,nM,249.0,ChEMBL
CHEMBL5731677,CCC(c1cn(-c2ccc(F)cc2F)nn1)c1cc(-c2cnc(C(F)(F)F)nc2)c2c(N)ncnn12,,CHEMBL5869365,8.70,=,=,EC50,nM,2.0,EC50,nM,2.0,ChEMBL
CHEMBL5731678,CCC(c1cn(-c2ccc(F)cc2F)nn1)c1cc(-c2cnc(C(F)(F)F)nc2)c2c(N)ncnn12,,CHEMBL5869365,8.47,=,=,EC50,nM,3.36,EC50,nM,3.36,ChEMBL
CHEMBL5731677,CCC(c1cn(-c2cc(F)ccc2F)nn1)c1cc(-c2cnc(C(F)(F)F)nc2)c2c(N)ncnn12,,CHEMBL6053005,7.13,=,=,EC50,nM,73.7,EC50,nM,73.7,ChEMBL
CHEMBL5731678,CCC(c1cn(-c2cc(F)ccc2F)nn1)c1cc(-c2cnc(C(F)(F)F)nc2)c2c(N)ncnn12,,CHEMBL6053005,6.60,=,=,EC50,nM,253.0,EC50,nM,253.0,ChEMBL
CHEMBL5731677,CCC(c1cn(-c2cc(F)ccc2F)nn1)c1cc(-c2cnc(C(F)(F)F)nc2)c2c(N)ncnn12,,CHEMBL6053005,8.00,=,=,EC50,nM,9.95,EC50,nM,9.95,ChEMBL
CHEMBL5731678,CCC(c1cn(-c2cc(F)ccc2F)nn1)c1cc(-c2cnc(C(F)(F)F)nc2)c2c(N)ncnn12,,CHEMBL6053005,7.75,=,=,EC50,nM,17.6,EC50,nM,17.6,ChEMBL
CHEMBL5731677,CCC(c1cn(-c2ccc(F)c(F)c2)nn1)c1cc(-c2cnc(C(F)(F)F)nc2)c2c(N)ncnn12,,CHEMBL6006507,7.71,=,=,EC50,nM,19.3,EC50,nM,19.3,ChEMBL
CHEMBL5731678,CCC(c1cn(-c2ccc(F)c(F)c2)nn1)c1cc(-c2cnc(C(F)(F)F)nc2)c2c(N)ncnn12,,CHEMBL6006507,7.53,=,=,EC50,nM,29.6,EC50,nM,29.6,ChEMBL
CHEMBL5731677,CCC(c1cn(-c2ccc(F)c(F)c2)nn1)c1cc(-c2cnc(C(F)(F)F)nc2)c2c(N)ncnn12,,CHEMBL6006507,6.75,=,=,EC50,nM,177.0,EC50,nM,177.0,ChEMBL
CHEMBL5731678,CCC(c1cn(-c2ccc(F)c(F)c2)nn1)c1cc(-c2cnc(C(F)(F)F)nc2)c2c(N)ncnn12,,CHEMBL6006507,6.32,=,=,EC50,nM,479.0,EC50,nM,479.0,ChEMBL
CHEMBL5731677,CC[C@H](c1cn(-c2ccccc2F)nn1)c1cc(-c2cncnc2OC)c2c(N)ncnn12,,CHEMBL5776338,7.98,=,=,EC50,nM,10.4,EC50,nM,10.4,ChEMBL
CHEMBL5731678,CC[C@H](c1cn(-c2ccccc2F)nn1)c1cc(-c2cncnc2OC)c2c(N)ncnn12,,CHEMBL5776338,7.85,=,=,EC50,nM,14.0,EC50,nM,14.0,ChEMBL
CHEMBL5731677,CC[C@@H](c1cn(-c2ccccc2F)nn1)c1cc(-c2cncnc2OC)c2c(N)ncnn12,,CHEMBL5961016,6.91,=,=,EC50,nM,123.0,EC50,nM,123.0,ChEMBL
CHEMBL5731678,CC[C@@H](c1cn(-c2ccccc2F)nn1)c1cc(-c2cncnc2OC)c2c(N)ncnn12,,CHEMBL5961016,6.28,=,=,EC50,nM,524.0,EC50,nM,524.0,ChEMBL
CHEMBL5731677,CC(O)(c1cn(-c2ccccc2F)nn1)c1cc(-c2cnc(C(F)(F)F)nc2)c2c(N)ncnn12,,CHEMBL5769135,6.83,=,=,EC50,nM,147.0,EC50,nM,147.0,ChEMBL
CHEMBL5731678,CC(O)(c1cn(-c2ccccc2F)nn1)c1cc(-c2cnc(C(F)(F)F)nc2)c2c(N)ncnn12,,CHEMBL5769135,7.30,=,=,EC50,nM,50.5,EC50,nM,50.5,ChEMBL
CHEMBL5731678,CC(O)(c1cn(-c2ccccc2F)nn1)c1cc(-c2cnc(C(F)(F)F)nc2)c2c(N)ncnn12,,CHEMBL5769135,5.64,=,=,EC50,nM,2308.0,EC50,nM,2308.0,ChEMBL
CHEMBL5731677,CCC(c1cn(-c2ccccc2F)nn1)c1cc(-c2cnc(C(F)(F)F)nc2)c2c(N)ncnn12,,CHEMBL6000653,8.31,=,=,EC50,nM,4.93,EC50,nM,4.93,ChEMBL
CHEMBL5731678,CCC(c1cn(-c2ccccc2F)nn1)c1cc(-c2cnc(C(F)(F)F)nc2)c2c(N)ncnn12,,CHEMBL6000653,8.23,=,=,EC50,nM,5.83,EC50,nM,5.83,ChEMBL
CHEMBL5731677,CCC(c1cn(-c2ccccc2F)nn1)c1cc(-c2cncnc2OC)c2c(N)ncnn12,,CHEMBL5777022,7.80,=,=,EC50,nM,16.0,EC50,nM,16.0,ChEMBL
CHEMBL5731678,CCC(c1cn(-c2ccccc2F)nn1)c1cc(-c2cncnc2OC)c2c(N)ncnn12,,CHEMBL5777022,7.74,=,=,EC50,nM,18.4,EC50,nM,18.4,ChEMBL
CHEMBL5731677,CCC(c1cnn(-c2ccccc2F)c1)n1nc(-c2cnc(C(F)(F)F)nc2)c2c(N)ncnc21,,CHEMBL5860580,8.81,=,=,EC50,nM,1.53,EC50,nM,1.53,ChEMBL
CHEMBL5731678,CCC(c1cnn(-c2ccccc2F)c1)n1nc(-c2cnc(C(F)(F)F)nc2)c2c(N)ncnc21,,CHEMBL5860580,8.32,=,=,EC50,nM,4.76,EC50,nM,4.76,ChEMBL
CHEMBL5731677,CCC(c1cnn(-c2ccccc2F)c1)n1nc(-c2cnc(C(F)(F)F)nc2)c2c(N)ncnc21,,CHEMBL5860580,7.51,=,=,EC50,nM,31.0,EC50,nM,31.0,ChEMBL
CHEMBL5731678,CCC(c1cnn(-c2ccccc2F)c1)n1nc(-c2cnc(C(F)(F)F)nc2)c2c(N)ncnc21,,CHEMBL5860580,7.10,=,=,EC50,nM,78.8,EC50,nM,78.8,ChEMBL
CHEMBL5731677,CCC(c1cn(-c2ccccc2F)nn1)n1nc(-c2cnc(C(F)(F)F)nc2)c2c(N)ncnc21,,CHEMBL5954441,6.72,=,=,EC50,nM,189.0,EC50,nM,189.0,ChEMBL
CHEMBL5731678,CCC(c1cn(-c2ccccc2F)nn1)n1nc(-c2cnc(C(F)(F)F)nc2)c2c(N)ncnc21,,CHEMBL5954441,6.66,=,=,EC50,nM,219.0,EC50,nM,219.0,ChEMBL
CHEMBL5731677,CCC(c1cn(-c2ccccc2F)nn1)n1nc(-c2cnc(C(F)(F)F)nc2)c2c(N)ncnc21,,CHEMBL5954441,7.50,=,=,EC50,nM,31.5,EC50,nM,31.5,ChEMBL
CHEMBL5731678,CCC(c1cn(-c2ccccc2F)nn1)n1nc(-c2cnc(C(F)(F)F)nc2)c2c(N)ncnc21,,CHEMBL5954441,7.50,=,=,EC50,nM,31.8,EC50,nM,31.8,ChEMBL
CHEMBL5731677,Nc1ncnn2c(Cc3cn(-c4ccccc4F)nn3)nc(-c3ccc(Cl)cc3)c12,,CHEMBL5741266,6.94,=,=,EC50,nM,116.0,EC50,nM,116.0,ChEMBL
CHEMBL5731678,Nc1ncnn2c(Cc3cn(-c4ccccc4F)nn3)nc(-c3ccc(Cl)cc3)c12,,CHEMBL5741266,7.26,=,=,EC50,nM,54.4,EC50,nM,54.4,ChEMBL
CHEMBL5731677,CC[C@H](c1cn(-c2ccccc2)nn1)n1nc(-c2cnc(C(F)(F)F)nc2)c2c(N)ncnc21,,CHEMBL6024579,7.13,=,=,EC50,nM,74.4,EC50,nM,74.4,ChEMBL
CHEMBL5731678,CC[C@H](c1cn(-c2ccccc2)nn1)n1nc(-c2cnc(C(F)(F)F)nc2)c2c(N)ncnc21,,CHEMBL6024579,7.30,=,=,EC50,nM,50.3,EC50,nM,50.3,ChEMBL
CHEMBL5731677,CC[C@@H](c1cn(-c2ccccc2)nn1)n1nc(-c2cnc(C(F)(F)F)nc2)c2c(N)ncnc21,,CHEMBL6062652,6.73,=,=,EC50,nM,188.0,EC50,nM,188.0,ChEMBL
CHEMBL5731678,CC[C@@H](c1cn(-c2ccccc2)nn1)n1nc(-c2cnc(C(F)(F)F)nc2)c2c(N)ncnc21,,CHEMBL6062652,6.46,=,=,EC50,nM,349.0,EC50,nM,349.0,ChEMBL
CHEMBL5731677,C[C@H](c1cnn(-c2ccccc2F)c1)c1c(C#N)c(-c2cnc(C(F)F)nc2)c2c(N)ncnn12,,CHEMBL5861582,9.40,=,=,EC50,nM,0.4,EC50,nM,0.4,ChEMBL
CHEMBL5731677,C[C@@H](c1cnn(-c2ccccc2F)c1)c1c(C#N)c(-c2cnc(C(F)F)nc2)c2c(N)ncnn12,,CHEMBL5811687,8.41,=,=,EC50,nM,3.87,EC50,nM,3.87,ChEMBL
CHEMBL5731677,C[C@H](c1cn(-c2cc(F)ccc2F)nn1)c1cc(-c2cnc(C(F)(F)F)nc2)c2c(N)ncnn12,,CHEMBL6021895,7.70,=,=,EC50,nM,19.8,EC50,nM,19.8,ChEMBL
CHEMBL5731678,C[C@H](c1cn(-c2cc(F)ccc2F)nn1)c1cc(-c2cnc(C(F)(F)F)nc2)c2c(N)ncnn12,,CHEMBL6021895,7.58,=,=,EC50,nM,26.0,EC50,nM,26.0,ChEMBL
CHEMBL5731677,C[C@@H](c1cn(-c2cc(F)ccc2F)nn1)c1cc(-c2cnc(C(F)(F)F)nc2)c2c(N)ncnn12,,CHEMBL5825851,7.54,=,=,EC50,nM,29.2,EC50,nM,29.2,ChEMBL
CHEMBL5731678,C[C@@H](c1cn(-c2cc(F)ccc2F)nn1)c1cc(-c2cnc(C(F)(F)F)nc2)c2c(N)ncnn12,,CHEMBL5825851,7.43,=,=,EC50,nM,37.2,EC50,nM,37.2,ChEMBL
CHEMBL5733640,Cc1nc2ccc(N(C)C(=O)Cn3nc(-c4cccc(Cl)c4)c4ccccc4c3=O)cc2o1,,CHEMBL4472545,,<,<,EC50,nM,10000.0,EC50,nM,10000.0,ChEMBL
CHEMBL5733640,Cc1nc2ccc(N(C)C(=O)Cn3nc(-c4cccc(F)c4)c4ccccc4c3=O)cc2o1,,CHEMBL5978878,,<,<,EC50,nM,10000.0,EC50,nM,10000.0,ChEMBL
CHEMBL5733640,COc1ccc2c(-c3cccc(F)c3)nn(CC(=O)N(C)c3ccc4nc(C)oc4c3)c(=O)c2c1,,CHEMBL5954796,,<,<,EC50,nM,10000.0,EC50,nM,10000.0,ChEMBL
CHEMBL5733640,COc1ccc2c(-c3cccc(Cl)c3)nn(CC(=O)N(C)c3ccc4nc(C)oc4c3)c(=O)c2c1,,CHEMBL5933617,,<,<,EC50,nM,10000.0,EC50,nM,10000.0,ChEMBL
CHEMBL5733640,COc1ccc2c(-c3cccc(Cl)c3)nn(CC(=O)N(c3ccc4nc(C)oc4c3)C3CC3)c(=O)c2c1,,CHEMBL5826172,,<,<,EC50,nM,10000.0,EC50,nM,10000.0,ChEMBL
CHEMBL5733640,COc1ccc2c(-c3cccc(Cl)c3)nn(CC(=O)N(C)c3ccc4nc(C)oc4c3)c(=O)c2c1,,CHEMBL5933617,,<,<,EC50,nM,10000.0,EC50,nM,10000.0,ChEMBL
CHEMBL5733640,CCN(C(=O)Cn1nc(-c2cccc(Cl)c2)c2ccc(OC)cc2c1=O)c1ccc2nc(C)oc2c1,,CHEMBL5935439,,<,<,EC50,nM,10000.0,EC50,nM,10000.0,ChEMBL
CHEMBL5733640,CCN(C(=O)Cn1nc(-c2cccc(F)c2)c2ccc(OC)cc2c1=O)c1ccc2nc(C)oc2c1,,CHEMBL5772408,,<,<,EC50,nM,10000.0,EC50,nM,10000.0,ChEMBL
CHEMBL5733640,CCN(C(=O)Cn1nc(-c2cccc(Cl)c2)c2ccc(OC)cc2c1=O)c1ccc2nc(C)oc2c1,,CHEMBL5935439,,<,<,EC50,nM,10000.0,EC50,nM,10000.0,ChEMBL
CHEMBL5733640,COc1cc2c(=O)n(CC(=O)N(C)c3ccc4nc(C)oc4c3)nc(-c3cccc(F)c3)c2cc1Cl,,CHEMBL5984733,,<,<,EC50,nM,10000.0,EC50,nM,10000.0,ChEMBL
CHEMBL5733640,COc1cc2c(=O)n(CC(=O)N(C)c3ccc4nc(C)oc4c3)nc(-c3cccc(Cl)c3)c2cc1Cl,,CHEMBL5901392,,<,<,EC50,nM,10000.0,EC50,nM,10000.0,ChEMBL
CHEMBL5733640,COc1ccc2c(-c3cccc(F)c3)nn(CC(=O)N(c3ccc4nc(C)oc4c3)C3CC3)c(=O)c2c1,,CHEMBL5927892,,<,<,EC50,nM,10000.0,EC50,nM,10000.0,ChEMBL
CHEMBL5733640,Cc1nc2ccc(N(C)C(=O)Cn3nc(-c4cccc(F)c4)c4ccc(O)cc4c3=O)cc2o1,,CHEMBL6031467,,<,<,EC50,nM,10000.0,EC50,nM,10000.0,ChEMBL
CHEMBL5733640,Cc1nc2ccc(N(C(=O)Cn3nc(-c4cccc(F)c4)c4ccc(O)cc4c3=O)C3CC3)cc2o1,,CHEMBL6007914,,<,<,EC50,nM,10000.0,EC50,nM,10000.0,ChEMBL
CHEMBL5733640,Cc1nc2ccc(N(C(=O)Cn3nc(-c4cccc(Cl)c4)c4ccc(O)cc4c3=O)C3CC3)cc2o1,,CHEMBL5874792,,<,<,EC50,nM,10000.0,EC50,nM,10000.0,ChEMBL
CHEMBL5733640,Cc1nc2ccc(N(C)C(=O)Cn3nc(-c4cccc(Cl)c4)c4ccc(O)cc4c3=O)cc2o1,,CHEMBL5901423,,<,<,EC50,nM,10000.0,EC50,nM,10000.0,ChEMBL
CHEMBL5733640,CCOc1ccc2c(-c3cccc(F)c3)nn(CC(=O)N(C)c3ccc4nc(C)oc4c3)c(=O)c2c1,,CHEMBL5095180,,<,<,EC50,nM,10000.0,EC50,nM,10000.0,ChEMBL
CHEMBL5733640,CCOc1ccc2c(-c3cccc(Cl)c3)nn(CC(=O)N(c3ccc4nc(C)oc4c3)C3CC3)c(=O)c2c1,,CHEMBL5881928,,<,<,EC50,nM,10000.0,EC50,nM,10000.0,ChEMBL
CHEMBL5733640,CCOc1ccc2c(-c3cccc(Cl)c3)nn(CC(=O)N(C)c3ccc4nc(C)oc4c3)c(=O)c2c1,,CHEMBL6008297,,<,<,EC50,nM,10000.0,EC50,nM,10000.0,ChEMBL
CHEMBL5733640,Cc1nc2ccc(N(C)C(=O)Cn3nc(-c4cccc(Cl)c4)c4ccc(OC(C)C)cc4c3=O)cc2o1,,CHEMBL5779297,,<,<,EC50,nM,10000.0,EC50,nM,10000.0,ChEMBL
CHEMBL5733640,CCOc1ccc2c(-c3cccc(F)c3)nn(CC(=O)N(c3ccc4nc(C)oc4c3)C3CC3)c(=O)c2c1,,CHEMBL5823476,,<,<,EC50,nM,10000.0,EC50,nM,10000.0,ChEMBL
CHEMBL5733640,CCOc1ccc2c(-c3cccc(F)c3)nn(CC(=O)N(C)c3ccc4nc(C)oc4c3)c(=O)c2c1,,CHEMBL5095180,,<,<,EC50,nM,10000.0,EC50,nM,10000.0,ChEMBL
CHEMBL5733640,Cc1nc2ccc(N(C)C(=O)Cn3nc(-c4cccc(Cl)c4)c4ccc(OCC5CC5)cc4c3=O)cc2o1,,CHEMBL5890624,,<,<,EC50,nM,10000.0,EC50,nM,10000.0,ChEMBL
CHEMBL5733640,Cc1nc2ccc(N(C)C(=O)Cn3nc(-c4cccc(Cl)c4)c4ccc(OCC5CC5)cc4c3=O)cc2o1,,CHEMBL5890624,,<,<,EC50,nM,10000.0,EC50,nM,10000.0,ChEMBL
CHEMBL5733640,Cc1nc2ccc(N(C)C(=O)Cn3nc(-c4cccc(Cl)c4)c4ccc(OC(C)C)cc4c3=O)cc2o1,,CHEMBL5779297,,<,<,EC50,nM,10000.0,EC50,nM,10000.0,ChEMBL
CHEMBL5733640,Cc1nc2ccc(N(C)C(=O)Cn3nc(-c4cccc(Cl)c4)c4ccc(OC5CCCCC5)cc4c3=O)cc2o1,,CHEMBL5899868,,<,<,EC50,nM,10000.0,EC50,nM,10000.0,ChEMBL
CHEMBL5733640,Cc1nc2ccc(N(C)C(=O)Cn3nc(-c4cccc(F)c4)c4ccc(OC5CCOCC5)cc4c3=O)cc2o1,,CHEMBL5771379,,<,<,EC50,nM,10000.0,EC50,nM,10000.0,ChEMBL
CHEMBL5733640,Cc1nc2ccc(N(C)C(=O)Cn3nc(-c4cccc(F)c4)c4ccc(OC5CCCCC5)cc4c3=O)cc2o1,,CHEMBL5889456,,<,<,EC50,nM,10000.0,EC50,nM,10000.0,ChEMBL
CHEMBL5733640,Cc1nc2ccc(N(C)C(=O)Cn3nc(-c4cccc(Cl)c4)c4ccc(OC5CCOCC5)cc4c3=O)cc2o1,,CHEMBL5814671,,<,<,EC50,nM,10000.0,EC50,nM,10000.0,ChEMBL
CHEMBL5733640,CCOc1cc2c(=O)n(CC(=O)N(C)c3ccc4nc(C)oc4c3)nc(-c3cccc(F)c3)c2cc1Cl,,CHEMBL5993152,,<,<,EC50,nM,10000.0,EC50,nM,10000.0,ChEMBL
CHEMBL5733640,CCOc1cc2c(=O)n(CC(=O)N(C)c3ccc4nc(C)oc4c3)nc(-c3cccc(Cl)c3)c2cc1Cl,,CHEMBL6052478,,<,<,EC50,nM,10000.0,EC50,nM,10000.0,ChEMBL
CHEMBL5737578,C[C@@H]1CN(c2nc(-n3ccc(OCCC4(C(F)(F)F)CC4)n3)ccc2C(=O)NS(=O)(=O)c2ccccc2)C(C)(C)C1,,CHEMBL4297849,,<,<,EC50,nM,100.0,EC50,nM,100.0,ChEMBL
CHEMBL5737578,C[C@H]1CN(c2nc(-n3ccc(OCCC4(C(F)(F)F)CC4)n3)ccc2C(=O)NS(=O)(=O)c2ccccc2)C(C)(C)C1,,CHEMBL5886531,6.26,=,=,EC50,nM,550.0,EC50,nM,550.0,ChEMBL
CHEMBL5737578,COc1cc(S(=O)(=O)NC(=O)c2ccc(-n3ccc(OCCC4(C(F)(F)F)CC4)n3)nc2Cl)ccc1O,,CHEMBL5947980,,<,<,EC50,nM,100.0,EC50,nM,100.0,ChEMBL
CHEMBL5737578,Cc1ccccc1S(=O)(=O)NC(=O)c1ccc(-n2ccc(OCCC3(C(F)(F)F)CC3)n2)nc1N1C[C@@H](C)CC1(C)C,,CHEMBL5965051,,<,<,EC50,nM,100.0,EC50,nM,100.0,ChEMBL
CHEMBL5737578,C[C@@H]1CN(c2nc(-n3ccc(OCCC4(C(F)(F)F)CC4)n3)ccc2C(=O)NS(=O)(=O)c2cccc(F)c2)C(C)(C)C1,,CHEMBL6006561,,<,<,EC50,nM,100.0,EC50,nM,100.0,ChEMBL
CHEMBL5737578,Cc1ccccc1S(=O)(=O)NC(=O)c1ccc(-n2ccc(OCC3C4(CC4)C34CC4)n2)nc1N1C[C@@H](C)CC1(C)C,,CHEMBL5869417,,<,<,EC50,nM,100.0,EC50,nM,100.0,ChEMBL
CHEMBL5737578,CC1(C)CC(CO)CN1c1nc(-n2ccc(OCCC3(C(F)(F)F)CC3)n2)ccc1C(=O)NS(=O)(=O)c1ccccc1,,CHEMBL6058610,6.26,=,=,EC50,nM,550.0,EC50,nM,550.0,ChEMBL
CHEMBL5737578,C[C@@H]1CN(c2nc(-n3ccc(OCC4(C(F)(F)F)CCC4)n3)ccc2C(=O)NS(=O)(=O)c2ccccc2)C(C)(C)C1,,CHEMBL5882525,,<,<,EC50,nM,100.0,EC50,nM,100.0,ChEMBL
CHEMBL5737578,Cc1cc(C#N)ccc1S(=O)(=O)NC(=O)c1ccc(-n2ccc(OCC3(C(F)(F)F)CC3)n2)nc1N1C[C@@H](C)CC1(C)C,,CHEMBL5982258,6.26,=,=,EC50,nM,550.0,EC50,nM,550.0,ChEMBL
CHEMBL5737578,COc1cc(C)ccc1S(=O)(=O)NC(=O)c1ccc(-n2ccc(OCC3(C(F)(F)F)CC3)n2)nc1N1C[C@@H](C)CC1(C)C,,CHEMBL5783876,,<,<,EC50,nM,100.0,EC50,nM,100.0,ChEMBL
CHEMBL5737578,COc1ccc(S(=O)(=O)NC(=O)c2ccc(-n3ccc(OCC4(C(F)(F)F)CC4)n3)nc2N2C[C@@H](C)CC2(C)C)c(OC)c1,,CHEMBL5747332,6.26,=,=,EC50,nM,550.0,EC50,nM,550.0,ChEMBL
CHEMBL5737578,C[C@@H]1CN(c2nc(-n3ccc(OCC4(C(F)(F)F)CC4)n3)ccc2C(=O)NS(=O)(=O)c2ccccc2)C(C)(C)C1,,CHEMBL5935688,,<,<,EC50,nM,100.0,EC50,nM,100.0,ChEMBL
CHEMBL5737578,Cc1ccccc1S(=O)(=O)NC(=O)c1ccc(-n2ccc(OCC3C(C)(C)C3(C)C)n2)nc1N1C[C@@H](C)CC1(C)C,,CHEMBL5877571,,<,<,EC50,nM,100.0,EC50,nM,100.0,ChEMBL
CHEMBL5737578,C[C@@H]1CN(c2nc(-n3ccc(OCC4C(C)(C)C4(C)C)n3)ccc2C(=O)NS(=O)(=O)c2cccc(F)c2)C(C)(C)C1,,CHEMBL5915806,,<,<,EC50,nM,100.0,EC50,nM,100.0,ChEMBL
CHEMBL5737578,C[C@@H]1CN(c2nc(-n3ccc(OCCC4(C(F)(F)F)CC4)n3)ccc2C(=O)NS(=O)(=O)c2ccccc2)C(C)(C)C1,,CHEMBL4297849,,<,<,EC50,nM,100.0,EC50,nM,100.0,ChEMBL
CHEMBL5737578,C[C@@H]1CN(c2nc(-n3ccc(O[C@H]4C[C@H]4C(F)(F)F)n3)ccc2C(=O)NS(=O)(=O)c2ccccc2)C(C)(C)C1,,CHEMBL5745562,6.26,=,=,EC50,nM,550.0,EC50,nM,550.0,ChEMBL
CHEMBL5737578,C[C@@H]1CN(c2nc(-n3ccc(O[C@H]4C[C@@H]4C(F)(F)F)n3)ccc2C(=O)NS(=O)(=O)c2ccccc2)C(C)(C)C1,,CHEMBL5883455,6.26,=,=,EC50,nM,550.0,EC50,nM,550.0,ChEMBL
CHEMBL5737578,C[C@@H]1CN(c2nc(-n3ccc(OCC4(C(F)(F)F)CC4)n3)ccc2C(=O)NS(=O)(=O)c2ccccc2O)C(C)(C)C1,,CHEMBL5872942,6.26,=,=,EC50,nM,550.0,EC50,nM,550.0,ChEMBL
CHEMBL5737578,C[C@@H]1CN(c2nc(-n3ccc(OCC4(C(F)(F)F)CC4)n3)ccc2C(=O)NS(=O)(=O)c2cccc(O)c2)C(C)(C)C1,,CHEMBL5857754,,<,<,EC50,nM,100.0,EC50,nM,100.0,ChEMBL
CHEMBL5737578,C[C@@H]1CN(c2nc(-n3ccc(OCC4(C(F)(F)F)CC4)n3)ccc2C(=O)NS(=O)(=O)c2ccc(O)cc2)C(C)(C)C1,,CHEMBL5816373,6.26,=,=,EC50,nM,550.0,EC50,nM,550.0,ChEMBL
CHEMBL5737578,Cc1ccccc1S(=O)(=O)NC(=O)c1ccc(-n2ccc(OCC3(C(F)(F)F)CC3)n2)nc1N1C[C@@H](C)CC1(C)C,,CHEMBL5937024,,<,<,EC50,nM,100.0,EC50,nM,100.0,ChEMBL
CHEMBL5737578,Cc1ccc(S(=O)(=O)NC(=O)c2ccc(-n3ccc(OCC4(C(F)(F)F)CC4)n3)nc2N2C[C@@H](C)CC2(C)C)cc1,,CHEMBL5932733,,<,<,EC50,nM,100.0,EC50,nM,100.0,ChEMBL
CHEMBL5737578,C[C@@H]1CN(c2nc(-n3ccc(OCC4(C(F)(F)F)CC4)n3)ccc2C(=O)NS(=O)(=O)c2cccc(C#N)c2)C(C)(C)C1,,CHEMBL5886040,,<,<,EC50,nM,100.0,EC50,nM,100.0,ChEMBL
CHEMBL5737578,C[C@@H]1CN(c2nc(-n3ccc(OCC4(C(F)(F)F)CC4)n3)ccc2C(=O)NS(=O)(=O)c2ccccc2C#N)C(C)(C)C1,,CHEMBL5760347,,>,>,EC50,nM,1000.0,EC50,nM,1000.0,ChEMBL
CHEMBL5737578,C[C@@H]1CN(c2nc(-n3ccc(OCC4(C(F)(F)F)CC4)n3)ccc2C(=O)NS(=O)(=O)c2ccc(C#N)cc2)C(C)(C)C1,,CHEMBL5879814,6.26,=,=,EC50,nM,550.0,EC50,nM,550.0,ChEMBL
CHEMBL5737578,Cc1cccc(S(=O)(=O)NC(=O)c2ccc(-n3ccc(OCC4(C(F)(F)F)CC4)n3)nc2N2C[C@@H](C)CC2(C)C)c1,,CHEMBL5750673,,<,<,EC50,nM,100.0,EC50,nM,100.0,ChEMBL
CHEMBL5737578,C[C@@H]1CN(c2nc(-n3ccc(COC4(C)CC4)n3)ccc2C(=O)NS(=O)(=O)c2ccccc2)C(C)(C)C1,,CHEMBL5853952,6.26,=,=,EC50,nM,550.0,EC50,nM,550.0,ChEMBL
CHEMBL5737578,C[C@@H]1CN(c2nc(-n3ccc(OCC4C(C)(C)C4(C)C)n3)ccc2C(=O)NS(=O)(=O)c2ccccc2)C(C)(C)C1,,CHEMBL5991331,,<,<,EC50,nM,100.0,EC50,nM,100.0,ChEMBL
CHEMBL5737578,C[C@@H]1CN(c2nc(-n3ccc(OCCC4(C(F)(F)F)CC4)n3)ccc2C(=O)NS(=O)(=O)c2ccc(O)cc2)C(C)(C)C1,,CHEMBL6057735,,<,<,EC50,nM,100.0,EC50,nM,100.0,ChEMBL
CHEMBL5737578,C[C@@H]1CN(c2nc(-n3nc(OCCC4(C(F)(F)F)CC4)cc3F)ccc2C(=O)NS(=O)(=O)c2ccccc2)C(C)(C)C1,,CHEMBL5988795,,<,<,EC50,nM,100.0,EC50,nM,100.0,ChEMBL
CHEMBL5737578,C[C@@H]1CN(c2nc(-n3ccc(OCC4C(C)(C)C4(C)C)n3)ccc2C(=O)NS(=O)(=O)c2ccc(O)cc2)C(C)(C)C1,,CHEMBL6061756,,<,<,EC50,nM,100.0,EC50,nM,100.0,ChEMBL
CHEMBL5737578,C[C@@H]1CN(c2nc(-n3ccc(OCCC4(C(F)(F)F)CC4)n3)ccc2C(=O)NS(=O)(=O)c2ccccc2O)C(C)(C)C1,,CHEMBL5804654,,<,<,EC50,nM,100.0,EC50,nM,100.0,ChEMBL
CHEMBL5737578,C[C@@H]1CN(c2nc(-n3ccc(OCCC4(C(F)(F)F)CC4)n3)ccc2C(=O)NS(=O)(=O)c2cccc(O)c2)C(C)(C)C1,,CHEMBL5922034,,<,<,EC50,nM,100.0,EC50,nM,100.0,ChEMBL
CHEMBL5737578,C[C@@H]1CN(c2nc(-n3ccc(OCC4C(C)(C)C4(C)C)n3)ccc2C(=O)NS(=O)(=O)c2ccccc2)C(C)(C)C1,,CHEMBL5991331,,<,<,EC50,nM,100.0,EC50,nM,100.0,ChEMBL
CHEMBL5737578,C[C@@H]1CN(c2nc(-n3ccc(COCC4(C(F)(F)F)CC4)n3)ccc2C(=O)NS(=O)(=O)c2ccccc2)C(C)(C)C1,,CHEMBL5912793,,<,<,EC50,nM,100.0,EC50,nM,100.0,ChEMBL
CHEMBL5737578,C[C@@H]1CN(c2nc(-n3ccc(OCC(O)C4(C(F)(F)F)CC4)n3)ccc2C(=O)NS(=O)(=O)c2ccccc2)C(C)(C)C1,,CHEMBL6061273,6.26,=,=,EC50,nM,550.0,EC50,nM,550.0,ChEMBL
CHEMBL5737578,C[C@@H]1CN(c2nc(-n3ccc(O[C@H]4C[C@H]5CC[C@@H]4C5)n3)ccc2C(=O)NS(=O)(=O)c2ccccc2)C(C)(C)C1,,CHEMBL5901810,,<,<,EC50,nM,100.0,EC50,nM,100.0,ChEMBL
CHEMBL5737578,C[C@@H]1CN(c2nc(-n3ccc(OCC4C[C@@H]5CC[C@@H]4C5)n3)ccc2C(=O)NS(=O)(=O)c2ccccc2)C(C)(C)C1,,CHEMBL5987240,,<,<,EC50,nM,100.0,EC50,nM,100.0,ChEMBL
CHEMBL5737578,C[C@@H]1CN(c2nc(-n3ccc(OCC(C4CC4)C4CC4)n3)ccc2C(=O)NS(=O)(=O)c2ccccc2)C(C)(C)C1,,CHEMBL5953555,,<,<,EC50,nM,100.0,EC50,nM,100.0,ChEMBL
CHEMBL5737578,C[C@@H]1CN(c2nc(-n3ccc(OCCC(C4CC4)C4CC4)n3)ccc2C(=O)NS(=O)(=O)c2ccccc2)C(C)(C)C1,,CHEMBL5980801,,<,<,EC50,nM,100.0,EC50,nM,100.0,ChEMBL
CHEMBL5737578,C[C@@H]1CN(c2nc(-n3ccc(OCCC4(C(F)(F)F)CC4)n3)ccc2C(=O)NS(=O)(=O)c2ccccc2Cl)C(C)(C)C1,,CHEMBL5789155,,<,<,EC50,nM,100.0,EC50,nM,100.0,ChEMBL
CHEMBL5737578,C[C@@H]1CN(c2cc(-n3ccc(OCCC4(C(F)(F)F)CC4)n3)ncc2C(=O)NS(=O)(=O)c2ccccc2)C(C)(C)C1,,CHEMBL5745003,6.26,=,=,EC50,nM,550.0,EC50,nM,550.0,ChEMBL
CHEMBL5737578,C[C@@H]1CN(c2nc(-n3ccc(OCC4(C(F)(F)F)CC4)n3)ccc2C(=O)NS(=N)(=O)c2ccccc2)C(C)(C)C1,,CHEMBL5802145,6.26,=,=,EC50,nM,550.0,EC50,nM,550.0,ChEMBL
CHEMBL5737578,C[C@@H]1CN(c2nc(-n3ccc(OCC4(C(F)(F)F)CC4)n3)ccc2C(=O)N[SH](N)(=O)c2ccccc2)C(C)(C)C1,,CHEMBL5980086,,<,<,EC50,nM,100.0,EC50,nM,100.0,ChEMBL
CHEMBL5737578,C[C@@H]1CN(c2nc(-n3ccc(OCC4(C(F)(F)F)CC4)n3)ccc2C(=O)N[S@](=N)(=O)c2ccccc2)C(C)(C)C1,,CHEMBL5746386,,<,<,EC50,nM,100.0,EC50,nM,100.0,ChEMBL
CHEMBL5737578,C[C@@H]1CN(c2nc(-n3ccc(OC4CC4)n3)ccc2C(=O)NS(=O)(=O)c2ccccc2)C(C)(C)C1,,CHEMBL5971088,,>,>,EC50,nM,1000.0,EC50,nM,1000.0,ChEMBL
CHEMBL5737578,COc1cccc(S(=O)(=O)NC(=O)c2ccc(-n3ccc(OCC4(C(F)(F)F)CC4)n3)nc2N2C[C@@H](C)CC2(C)C)c1,,CHEMBL5865106,,<,<,EC50,nM,100.0,EC50,nM,100.0,ChEMBL
CHEMBL5737578,C[C@@H]1CN(c2nc(-n3ccc(OCC4(C(F)(F)F)CC4)n3)ccc2C(=O)NS(=O)(=O)c2ccccc2F)C(C)(C)C1,,CHEMBL6052258,,<,<,EC50,nM,100.0,EC50,nM,100.0,ChEMBL
CHEMBL5737578,C[C@@H]1CN(c2nc(-n3ccc(OCC4(C(F)(F)F)CC4)n3)ccc2C(=O)NS(=O)(=O)c2cccc(F)c2)C(C)(C)C1,,CHEMBL5782538,,<,<,EC50,nM,100.0,EC50,nM,100.0,ChEMBL
CHEMBL5737578,C[C@@H]1CN(c2nc(-n3ccc(OCC4(C(F)(F)F)CC4)n3)ccc2C(=O)NS(=O)(=O)c2ccc(F)cc2)C(C)(C)C1,,CHEMBL6019910,,<,<,EC50,nM,100.0,EC50,nM,100.0,ChEMBL
CHEMBL5737578,COc1ccccc1S(=O)(=O)NC(=O)c1ccc(-n2ccc(OCC3(C(F)(F)F)CC3)n2)nc1N1C[C@@H](C)CC1(C)C,,CHEMBL5936231,,<,<,EC50,nM,100.0,EC50,nM,100.0,ChEMBL
CHEMBL5737578,COc1ccc(S(=O)(=O)NC(=O)c2ccc(-n3ccc(OCC4(C(F)(F)F)CC4)n3)nc2N2C[C@@H](C)CC2(C)C)cc1,,CHEMBL5930347,,<,<,EC50,nM,100.0,EC50,nM,100.0,ChEMBL
CHEMBL5737578,C[C@@H]1CN(c2nc(-n3ccc(OCC4(C(F)F)CC4)n3)ccc2C(=O)NS(=O)(=O)c2ccccc2)C(C)(C)C1,,CHEMBL5782010,,<,<,EC50,nM,100.0,EC50,nM,100.0,ChEMBL
CHEMBL5737578,CC1(C)CN(c2nc(-n3ccc(OCC4(C(F)(F)F)CC4)n3)ccc2C(=O)NS(=O)(=O)c2ccccc2)C(C)(C)C1,,CHEMBL5858669,6.26,=,=,EC50,nM,550.0,EC50,nM,550.0,ChEMBL
CHEMBL5737578,COc1ccc(S(=O)(=O)NC(=O)c2ccc(-n3ccc(OCC4(C(F)(F)F)CC4)n3)nc2N2C[C@@H](C)CC2(C)C)c(C)c1,,CHEMBL5746092,,<,<,EC50,nM,100.0,EC50,nM,100.0,ChEMBL
CHEMBL5737578,Cc1ccccc1S(=O)(=O)NC(=O)c1ccc(-n2ccc(OCC3(C(F)(F)F)CCC3)n2)nc1N1C[C@@H](C)CC1(C)C,,CHEMBL5791513,,<,<,EC50,nM,100.0,EC50,nM,100.0,ChEMBL
CHEMBL5737578,C[C@@H]1CN(c2nc(-n3ccc(OCC4(C(F)(F)F)CCC4)n3)ccc2C(=O)NS(=O)(=O)c2cccc(F)c2)C(C)(C)C1,,CHEMBL5881226,,<,<,EC50,nM,100.0,EC50,nM,100.0,ChEMBL
CHEMBL5737578,C[C@@H]1CN(c2nc(-n3ccc(OCC4CC45CC5)n3)ccc2C(=O)NS(=O)(=O)c2ccccc2)C(C)(C)C1,,CHEMBL6034334,6.26,=,=,EC50,nM,550.0,EC50,nM,550.0,ChEMBL
CHEMBL5737578,C[C@H]1CC(C)(C)N2c3nc(-n4ccc(OCCC5(C(F)(F)F)CC5)n4)ccc3C(=O)OC12,,CHEMBL5999022,,>,>,EC50,nM,1000.0,EC50,nM,1000.0,ChEMBL
CHEMBL5737578,C[C@@H]1CN(c2nc(-n3ccc(OCC4C5(CC5)C45CC5)n3)ccc2C(=O)NS(=O)(=O)c2ccccc2)C(C)(C)C1,,CHEMBL5996550,6.26,=,=,EC50,nM,550.0,EC50,nM,550.0,ChEMBL
CHEMBL5737578,C[C@@H]1CN(c2nc(-n3ccc(OCC4C5(CC5)C45CC5)n3)ccc2C(=O)NS(=O)(=O)c2ccccc2)C(C)(C)C1,,CHEMBL5996550,,<,<,EC50,nM,100.0,EC50,nM,100.0,ChEMBL
CHEMBL5737578,C[C@@H]1CN(c2nc(-n3ccc(O)n3)ccc2C(=O)NS(=O)(=O)c2ccccc2)C(C)(C)C1,,CHEMBL5780730,,>,>,EC50,nM,1000.0,EC50,nM,1000.0,ChEMBL
CHEMBL5737578,C[C@@H]1CN(c2nc(-n3ccc(OCC(C)(C)C)n3)ccc2C(=O)NS(=O)(=O)c2cccnc2N)C(C)(C)C1,,CHEMBL6020031,7.22,=,=,EC50,nM,60.0,EC50,nM,60.0,ChEMBL
CHEMBL5737578,C[C@@H]1CN(c2nc(-n3ccc(OCC(C)(C)C)n3)ccc2C(=O)NS(=O)(=O)c2ccccc2)C(C)(C)C1,,CHEMBL5883498,6.92,=,=,EC50,nM,120.0,EC50,nM,120.0,ChEMBL
CHEMBL5737578,C[C@@H]1CN(c2nc(-n3ccc(OCC(C)(C)C)n3)ccc2C(=O)NS(=O)(=O)c2ccc[nH]c2=O)C(C)(C)C1,,CHEMBL5787008,6.58,=,=,EC50,nM,260.0,EC50,nM,260.0,ChEMBL
CHEMBL5737578,C[C@@H]1CN(c2nc(-n3ccc(OCC4CC4)n3)ccc2C(=O)NS(=O)(=O)c2cccnc2N)C(C)(C)C1,,CHEMBL5827454,6.40,=,=,EC50,nM,400.0,EC50,nM,400.0,ChEMBL
CHEMBL5737578,C[C@@H]1CN(c2nc(-n3ccc(OCC4CCC4)n3)ccc2C(=O)NS(=O)(=O)c2cccnc2N)C(C)(C)C1,,CHEMBL5858395,6.68,=,=,EC50,nM,210.0,EC50,nM,210.0,ChEMBL
CHEMBL5737578,COc1cccc(S(=O)(=O)NC(=O)c2ccc(-n3ccc(OCC4(C(F)(F)F)CC4)n3)nc2N2C[C@@H](C)CC2(C)C)c1,,CHEMBL5865106,7.70,=,=,EC50,nM,20.0,EC50,nM,20.0,ChEMBL
CHEMBL5737578,Cc1ccccc1S(=O)(=O)NC(=O)c1ccc(-n2ccc(OCCC3(C(F)(F)F)CC3)n2)nc1N1C[C@@H](C)CC1(C)C,,CHEMBL5965051,7.70,=,=,EC50,nM,20.0,EC50,nM,20.0,ChEMBL
CHEMBL5737578,Cc1ccccc1S(=O)(=O)NC(=O)c1ccc(-n2ccc(OCC3C(C)(C)C3(C)C)n2)nc1N1C[C@@H](C)CC1(C)C,,CHEMBL5877571,7.70,=,=,EC50,nM,20.0,EC50,nM,20.0,ChEMBL
CHEMBL5737578,C[C@@H]1CN(c2nc(-n3ccc(OCC4C(C)(C)C4(C)C)n3)ccc2C(=O)NS(=O)(=O)c2cccc(F)c2)C(C)(C)C1,,CHEMBL5915806,7.70,=,=,EC50,nM,20.0,EC50,nM,20.0,ChEMBL
CHEMBL5737578,C[C@@H]1CN(c2nc(-n3ccc(OCCC4(C(F)(F)F)CC4)n3)ccc2C(=O)NS(=O)(=O)c2ccccc2)C(C)(C)C1,,CHEMBL4297849,7.52,=,=,EC50,nM,30.0,EC50,nM,30.0,ChEMBL
CHEMBL5737578,C[C@@H]1CN(c2nc(-n3ccc(OCC4(C(F)(F)F)CC4)n3)ccc2C(=O)NS(=O)(=O)c2ccccc2F)C(C)(C)C1,,CHEMBL6052258,7.52,=,=,EC50,nM,30.0,EC50,nM,30.0,ChEMBL
CHEMBL5737578,Cc1ccccc1S(=O)(=O)NC(=O)c1ccc(-n2ccc(OCC3(C(F)(F)F)CC3)n2)nc1N1C[C@@H](C)CC1(C)C,,CHEMBL5937024,7.52,=,=,EC50,nM,30.0,EC50,nM,30.0,ChEMBL
CHEMBL5737578,Cc1cccc(S(=O)(=O)NC(=O)c2ccc(-n3ccc(OCC4(C(F)(F)F)CC4)n3)nc2N2C[C@@H](C)CC2(C)C)c1,,CHEMBL5750673,7.52,=,=,EC50,nM,30.0,EC50,nM,30.0,ChEMBL
CHEMBL5737578,C[C@@H]1CN(c2nc(-n3ccc(OCCC4(C(F)(F)F)CC4)n3)ccc2C(=O)NS(=O)(=O)c2ccc(O)cc2)C(C)(C)C1,,CHEMBL6057735,7.52,=,=,EC50,nM,30.0,EC50,nM,30.0,ChEMBL
CHEMBL5737578,C[C@@H]1CN(c2nc(-n3ccc(OCC4(C(F)(F)F)CC4)n3)ccc2C(=O)NS(=O)(=O)c2ccccc2)C(C)(C)C1,,CHEMBL5935688,7.40,=,=,EC50,nM,40.0,EC50,nM,40.0,ChEMBL
CHEMBL5737578,COc1ccccc1S(=O)(=O)NC(=O)c1ccc(-n2ccc(OCC3(C(F)(F)F)CC3)n2)nc1N1C[C@@H](C)CC1(C)C,,CHEMBL5936231,7.40,=,=,EC50,nM,40.0,EC50,nM,40.0,ChEMBL
CHEMBL5737578,C[C@@H]1CN(c2nc(-n3ccc(OCC4(C(F)(F)F)CCC4)n3)ccc2C(=O)NS(=O)(=O)c2ccccc2)C(C)(C)C1,,CHEMBL5882525,7.40,=,=,EC50,nM,40.0,EC50,nM,40.0,ChEMBL
CHEMBL5737578,C[C@@H]1CN(c2nc(-n3nc(OCCC4(C(F)(F)F)CC4)cc3F)ccc2C(=O)NS(=O)(=O)c2ccccc2)C(C)(C)C1,,CHEMBL5988795,7.40,=,=,EC50,nM,40.0,EC50,nM,40.0,ChEMBL
CHEMBL5737578,C[C@@H]1CN(c2nc(-n3ccc(OCC4(C(F)(F)F)CC4)n3)ccc2C(=O)NS(=O)(=O)c2cccc(F)c2)C(C)(C)C1,,CHEMBL5782538,7.30,=,=,EC50,nM,50.0,EC50,nM,50.0,ChEMBL
CHEMBL5737578,C[C@@H]1CN(c2nc(-n3ccc(OCC4(C(F)F)CC4)n3)ccc2C(=O)NS(=O)(=O)c2ccccc2)C(C)(C)C1,,CHEMBL5782010,7.30,=,=,EC50,nM,50.0,EC50,nM,50.0,ChEMBL
CHEMBL5737578,C[C@@H]1CN(c2nc(-n3ccc(OCCC4(C(F)(F)F)CC4)n3)ccc2C(=O)NS(=O)(=O)c2cccc(F)c2)C(C)(C)C1,,CHEMBL6006561,7.30,=,=,EC50,nM,50.0,EC50,nM,50.0,ChEMBL
CHEMBL5737578,Cc1ccccc1S(=O)(=O)NC(=O)c1ccc(-n2ccc(OCC3(C(F)(F)F)CCC3)n2)nc1N1C[C@@H](C)CC1(C)C,,CHEMBL5791513,7.30,=,=,EC50,nM,50.0,EC50,nM,50.0,ChEMBL
CHEMBL5737578,C[C@@H]1CN(c2nc(-n3ccc(OCC4C5(CC5)C45CC5)n3)ccc2C(=O)NS(=O)(=O)c2ccccc2)C(C)(C)C1,,CHEMBL5996550,7.30,=,=,EC50,nM,50.0,EC50,nM,50.0,ChEMBL
CHEMBL5737578,C[C@@H]1CN(c2nc(-n3ccc(OCCC4(C(F)(F)F)CC4)n3)ccc2C(=O)NS(=O)(=O)c2ccccc2Cl)C(C)(C)C1,,CHEMBL5789155,7.30,=,=,EC50,nM,50.0,EC50,nM,50.0,ChEMBL
CHEMBL5737578,C[C@@H]1CN(c2nc(-n3ccc(OCCC(C4CC4)C4CC4)n3)ccc2C(=O)NS(=O)(=O)c2ccccc2)C(C)(C)C1,,CHEMBL5980801,7.30,=,=,EC50,nM,50.0,EC50,nM,50.0,ChEMBL
CHEMBL5737578,C[C@@H]1CN(c2nc(-n3ccc(OCC(C4CC4)C4CC4)n3)ccc2C(=O)NS(=O)(=O)c2ccccc2)C(C)(C)C1,,CHEMBL5953555,7.16,=,=,EC50,nM,70.0,EC50,nM,70.0,ChEMBL
CHEMBL5737578,Cc1ccc(S(=O)(=O)NC(=O)c2ccc(-n3ccc(OCC4(C(F)(F)F)CC4)n3)nc2N2C[C@@H](C)CC2(C)C)cc1,,CHEMBL5932733,7.16,=,=,EC50,nM,70.0,EC50,nM,70.0,ChEMBL
CHEMBL5737578,C[C@@H]1CN(c2nc(-n3ccc(COCC4(C(F)(F)F)CC4)n3)ccc2C(=O)NS(=O)(=O)c2ccccc2)C(C)(C)C1,,CHEMBL5912793,7.16,=,=,EC50,nM,70.0,EC50,nM,70.0,ChEMBL
CHEMBL5737578,C[C@@H]1CN(c2nc(-n3ccc(O[C@H]4C[C@H]5CC[C@@H]4C5)n3)ccc2C(=O)NS(=O)(=O)c2ccccc2)C(C)(C)C1,,CHEMBL5901810,7.16,=,=,EC50,nM,70.0,EC50,nM,70.0,ChEMBL
CHEMBL5737578,C[C@@H]1CN(c2nc(-n3ccc(OCC4C(C)(C)C4(C)C)n3)ccc2C(=O)NS(=O)(=O)c2ccccc2)C(C)(C)C1,,CHEMBL5991331,7.05,=,=,EC50,nM,90.0,EC50,nM,90.0,ChEMBL
CHEMBL5737578,COc1ccc(S(=O)(=O)NC(=O)c2ccc(-n3ccc(OCC4(C(F)(F)F)CC4)n3)nc2N2C[C@@H](C)CC2(C)C)c(C)c1,,CHEMBL5746092,7.10,=,=,EC50,nM,80.0,EC50,nM,80.0,ChEMBL
CHEMBL5737578,COc1ccc(S(=O)(=O)NC(=O)c2ccc(-n3ccc(OCC4(C(F)(F)F)CC4)n3)nc2N2C[C@@H](C)CC2(C)C)c(OC)c1,,CHEMBL5747332,6.96,=,=,EC50,nM,110.0,EC50,nM,110.0,ChEMBL
CHEMBL5737578,C[C@@H]1CN(c2nc(-n3ccc(OCC4C(C)(C)C4(C)C)n3)ccc2C(=O)NS(=O)(=O)c2ccc(O)cc2)C(C)(C)C1,,CHEMBL6061756,7.10,=,=,EC50,nM,80.0,EC50,nM,80.0,ChEMBL
CHEMBL5737578,C[C@@H]1CN(c2nc(-n3ccc(OCC4C[C@@H]5CC[C@@H]4C5)n3)ccc2C(=O)NS(=O)(=O)c2ccccc2)C(C)(C)C1,,CHEMBL5987240,7.10,=,=,EC50,nM,80.0,EC50,nM,80.0,ChEMBL
CHEMBL5737578,C[C@@H]1CN(c2nc(-n3ccc(OCC4(C(F)(F)F)CC4)n3)ccc2C(=O)NS(=O)(=O)c2ccc(C#N)cc2)C(C)(C)C1,,CHEMBL5879814,6.57,=,=,EC50,nM,270.0,EC50,nM,270.0,ChEMBL
CHEMBL5737578,C[C@@H]1CN(c2cc(-n3ccc(OCCC4(C(F)(F)F)CC4)n3)ncc2C(=O)NS(=O)(=O)c2ccccc2)C(C)(C)C1,,CHEMBL5745003,6.21,=,=,EC50,nM,620.0,EC50,nM,620.0,ChEMBL
CHEMBL5737578,C[C@@H]1CN(c2nc(-n3ccc(OCC4(C(F)(F)F)CC4)n3)ccc2C(=O)NS(=O)(=O)c2ccc(O)cc2)C(C)(C)C1,,CHEMBL5816373,6.92,=,=,EC50,nM,120.0,EC50,nM,120.0,ChEMBL
CHEMBL6075110,Cc1ccc(-n2cc(C3(c4ccc5c(c4)OC(F)(F)O5)CC3)nn2)cc1-c1cccc(C(=O)O)c1,,CHEMBL6078220,6.18,=,=,IC50,nM,660.0,IC50,uM,0.66,ChEMBL
CHEMBL6126616,NC(=O)c1c(NC(=O)c2ccccc2Cl)sc2c1CCCC2,,CHEMBL210832,6.49,=,=,EC50,nM,326.0,EC50,nM,326.0,ChEMBL
CHEMBL6126616,Nc1cc(S(=O)(=O)c2ccccc2OC(F)(F)F)cnc1C(=O)NC[C@@H](O)C(F)(F)F,,CHEMBL4776653,,<,<,EC50,nM,0.31,EC50,nM,0.31,ChEMBL
CHEMBL6126616,CC(O)CNC(=O)c1ncc(S(=O)(=O)N2CCC(OC(F)(F)F)CC2)cc1N,,CHEMBL6170120,8.30,=,=,EC50,nM,5.0,EC50,nM,5.0,ChEMBL
CHEMBL6126616,C[C@H](O)CNC(=O)c1ncc(S(=O)(=O)c2ccc(OC(F)(F)F)cc2)cc1N,,CHEMBL4785210,7.96,=,=,EC50,nM,11.0,EC50,nM,11.0,ChEMBL
CHEMBL6126616,Nc1cc(S(=O)(=O)c2ccc(OC(F)(F)F)cc2)cnc1-c1nnc(CO)o1,,CHEMBL4802150,8.25,=,=,EC50,nM,5.6,EC50,nM,5.6,ChEMBL
CHEMBL6126616,CC(O)(c1nnc(-c2ncc(S(=O)(=O)c3ccc(OC(F)(F)F)cc3)cc2N)o1)C(F)(F)F,,CHEMBL6143326,8.74,=,=,EC50,nM,1.8,EC50,nM,1.8,ChEMBL
CHEMBL6126616,Nc1cc(S(=O)(=O)c2ccc(OC(F)(F)F)cc2)cnc1-c1nnc(C(O)C(F)(F)F)o1,,CHEMBL6175262,8.24,=,=,EC50,nM,5.8,EC50,nM,5.8,ChEMBL
CHEMBL6126616,Nc1cc(S(=O)(=O)c2ccc(C(F)(F)F)cc2)cnc1-c1nnc(CO)o1,,CHEMBL6170689,8.80,=,=,EC50,nM,1.6,EC50,nM,1.6,ChEMBL
CHEMBL6126616,Nc1cc(S(=O)(=O)c2ccc(OC(F)(F)F)cc2)cnc1-c1nnc([C@@H](O)c2ccccc2)o1,,CHEMBL6170767,8.96,=,=,EC50,nM,1.1,EC50,nM,1.1,ChEMBL
CHEMBL6126616,C[C@@H]1CN(c2nc(-n3ccc(OCCC4(C(F)(F)F)CC4)n3)ccc2C(=O)NS(=O)(=O)c2ccccc2)C(C)(C)C1,,CHEMBL4297849,7.52,=,=,EC50,nM,30.0,EC50,uM,0.03,ChEMBL
CHEMBL6126616,C[C@@H]1CN(c2nc(-n3ccc(OCC(C)(C)C)n3)ccc2C(=O)NS(=O)(=O)c2cccnc2N)C(C)(C)C1,,CHEMBL6020031,7.22,=,=,EC50,nM,60.0,EC50,uM,0.06,ChEMBL
CHEMBL6126616,C[C@@H]1CN(c2nc(-n3ccc(OCCC4(C(F)(F)F)CC4)n3)ccc2C(=O)NS(=O)(=O)c2cccc(F)c2)C(C)(C)C1,,CHEMBL6006561,7.30,=,=,EC50,nM,50.0,EC50,uM,0.05,ChEMBL
CHEMBL6126616,C[C@@H]1CN(c2nc(-n3ccc(OCC4(C(F)(F)F)CC4)n3)ccc2C(=O)NS(=O)(=O)c2ccccc2)C(C)(C)C1,,CHEMBL5935688,7.40,=,=,EC50,nM,40.0,EC50,uM,0.04,ChEMBL
CHEMBL6126616,C[C@@H]1CN(c2nc(-n3ccc(OCC4(C(F)(F)F)CCC4)n3)ccc2C(=O)NS(=O)(=O)c2ccccc2)C(C)(C)C1,,CHEMBL5882525,7.40,=,=,EC50,nM,40.0,EC50,uM,0.04,ChEMBL
CHEMBL6126616,C[C@@H]1CN(c2nc(-n3ccc(OCC(O)C4(C(F)(F)F)CC4)n3)ccc2C(=O)NS(=O)(=O)c2ccccc2)C(C)(C)C1,,CHEMBL6061273,6.62,=,=,EC50,nM,240.0,EC50,uM,0.24,ChEMBL
CHEMBL6126616,COc1ccc(-c2cc(C(=O)O)nc3c2c(C)nn3-c2ccc(C)cc2)cc1,,CHEMBL5416826,5.38,=,=,EC50,nM,4130.0,EC50,uM,4.13,ChEMBL
CHEMBL6126616,Cc1nn(-c2ccccc2)c2nc(C(=O)O)cc(-c3ccc(N4CCOCC4)cc3)c12,,CHEMBL5417547,5.89,=,=,EC50,nM,1280.0,EC50,uM,1.28,ChEMBL
CHEMBL6126616,Cc1nn(-c2ccc(F)cc2)c2nc(C(=O)O)cc(-c3ccc(N4CCOCC4)cc3)c12,,CHEMBL5417860,6.09,=,=,EC50,nM,820.0,EC50,uM,0.82,ChEMBL
CHEMBL6126616,O=C(O)c1cc(-c2ccc(N3CCOCC3)cc2)c2c(C3CCC3)nn(-c3ccc(F)cc3)c2n1,,CHEMBL6142829,6.32,=,=,EC50,nM,480.0,EC50,uM,0.48,ChEMBL
CHEMBL6126616,Cc1nn(-c2ccc(F)cc2)c2nc(C(=O)NS(C)(=O)=O)cc(-c3ccc(N4CCOCC4)cc3)c12,,CHEMBL6172591,5.90,=,=,EC50,nM,1260.0,EC50,uM,1.26,ChEMBL
CHEMBL6126616,CS(=O)(=O)NC(=O)c1cc(-c2ccc(N3CCOCC3)cc2)c2c(C3CCC3)nn(-c3ccccc3)c2n1,,CHEMBL5418596,6.29,=,=,EC50,nM,510.0,EC50,uM,0.51,ChEMBL
CHEMBL6126616,COC1CCN(C2CCN(c3cc(C(=O)NS(=O)(=O)N(C)C)nc4c3c(C3CCC3)nn4-c3ccc(F)cc3)CC2)CC1,,CHEMBL6068548,6.16,=,=,EC50,nM,690.0,EC50,uM,0.69,ChEMBL
CHEMBL6126616,COc1ccc(C2CCC2)c2c1C(C(=O)NS(=O)(=O)c1cccc3ccccc13)C2,,CHEMBL6168679,,<,<,EC50,nM,3000.0,EC50,uM,3.0,ChEMBL
CHEMBL6126616,COc1ccc(Br)c2c1C(C(=O)NS(=O)(=O)c1cccc3ccccc13)CC2,,CHEMBL6166375,,<,<,EC50,nM,3000.0,EC50,uM,3.0,ChEMBL
CHEMBL6126616,COc1ccc(Br)c2c1CCCC2C(=O)NS(=O)(=O)c1cccc2ccccc12,,CHEMBL6167304,,<,<,EC50,nM,3000.0,EC50,uM,3.0,ChEMBL
CHEMBL6126616,COc1ccc(Br)c2c1CCCC2C(=O)NS(=O)(=O)c1cccc2ncccc12,,CHEMBL6151806,,<,<,EC50,nM,3000.0,EC50,uM,3.0,ChEMBL
CHEMBL6126616,COc1ccc(C2CCC2)cc1C1(C(=O)NS(=O)(=O)c2cccc3ccccc23)CC1,,CHEMBL6165668,,<,<,EC50,nM,3000.0,EC50,uM,3.0,ChEMBL
CHEMBL6126616,COc1ncc(C2CCC2)cc1C1(C(=O)NS(=O)(=O)c2cccc3ccccc23)CC1,,CHEMBL6171482,,<,<,EC50,nM,10000.0,EC50,uM,10.0,ChEMBL
CHEMBL6126616,COc1ncc(C2CCC2)cc1C1(C(=O)NS(=O)(=O)c2cccc3c2CCCN3)CC1,,CHEMBL6177569,,<,<,EC50,nM,3000.0,EC50,uM,3.0,ChEMBL
CHEMBL6126616,COc1ncc(C2CCC2)cc1C1(C(=O)NS(=O)(=O)c2cccc3nc(C)ccc23)CCC1,,CHEMBL6169310,,<,<,EC50,nM,10000.0,EC50,uM,10.0,ChEMBL
CHEMBL6126616,CCOc1cccc([C@H]2C[C@@]2(C(=O)NS(=O)(=O)c2cccc3nc(C)ccc23)c2cc(C)ccc2OC)n1,,CHEMBL6142699,8.30,=,=,EC50,nM,5.0,EC50,uM,0.005,ChEMBL
CHEMBL6126616,CCOc1cccc([C@@H]2C[C@]2(C(=O)NS(=O)(=O)c2cccc3nc(C)ccc23)c2cc(C)ccc2OC)n1,,CHEMBL6145845,7.05,=,=,EC50,nM,90.0,EC50,uM,0.09,ChEMBL
CHEMBL6126616,COc1ccc(C)cc1[C@]1(C(=O)NS(=O)(=O)c2cccc3nc(C)ccc23)C[C@@H]1c1cccc(C(F)(F)F)c1,,CHEMBL6162901,8.30,=,=,EC50,nM,5.0,EC50,uM,0.005,ChEMBL
CHEMBL6126616,COc1ccc(C)cc1[C@]1(C(=O)NS(=O)(=O)c2cccc3nc(C)ccc23)C[C@@H]1c1cnc(C(C)C)cn1,,CHEMBL6176001,7.52,=,=,EC50,nM,30.0,EC50,uM,0.03,ChEMBL
CHEMBL6126616,CCOc1ccc(CC)cc1[C@@]1(C(=O)NS(=O)(=O)c2cccc3nc(C)ccc23)CCCO1,,CHEMBL6149054,7.52,=,=,EC50,nM,30.0,EC50,uM,0.03,ChEMBL
CHEMBL6126616,CCOc1ccc(CC)cc1[C@]1(C(=O)NS(=O)(=O)c2cccc3nc(C)ccc23)CCCO1,,CHEMBL6175964,,>,>,EC50,nM,300.0,EC50,uM,0.3,ChEMBL
CHEMBL6126616,COc1ccc(C)cc1[C@@]1(C(=O)NS(=O)(=O)c2cccc3nc(C)ccc23)C[C@H](c2ccccc2)CO1,,CHEMBL6068031,8.00,=,=,EC50,nM,10.0,EC50,uM,0.01,ChEMBL
CHEMBL6126616,COc1ccc(C)cc1[C@]1(C(=O)NS(=O)(=O)c2cccc3nc(C)ccc23)C[C@@H](c2ccccc2)CO1,,CHEMBL6151253,7.52,=,=,EC50,nM,30.0,EC50,uM,0.03,ChEMBL
CHEMBL6126616,Cc1ccc(C2CCCCCC2)c(OC2(C(=O)NS(=O)(=O)c3cccc(N)n3)CC2)c1,,CHEMBL6175200,8.70,=,=,EC50,nM,2.0,EC50,uM,0.002,ChEMBL
CHEMBL6126616,Cc1ccc(C2CCCCC2)c(OC2(C(=O)NS(=O)(=O)c3cccc(N4CCOC[C@@H]4C)n3)CC2)c1,,CHEMBL6163177,7.10,=,=,EC50,nM,80.0,EC50,uM,0.08,ChEMBL
CHEMBL6126616,Cc1ccc(C2CCCCC2)c(OC2(C(=O)NS(=O)(=O)c3cccc(N4CCC(N)(C(F)(F)F)CC4)n3)CC2)c1,,CHEMBL6160710,8.40,=,=,EC50,nM,4.0,EC50,uM,0.004,ChEMBL
CHEMBL6126616,Cc1ccc(-c2cccc(C(F)(F)F)c2)c(OC2(C(=O)NS(=O)(=O)c3cccc(N4CCC(N)(C(F)(F)F)CC4)n3)CC2)c1,,CHEMBL6167703,7.10,=,=,EC50,nM,80.0,EC50,uM,0.08,ChEMBL
CHEMBL6126616,Cc1ccccc1-c1nc(NS(=O)(=O)c2cccc(N3CCC[C@H](CC(=O)O)C3)n2)ccc1C(F)(F)F,,CHEMBL6174727,7.00,=,=,EC50,nM,100.0,EC50,uM,0.1,ChEMBL
CHEMBL6126616,Cc1ccc(F)cc1-c1nc(NS(=O)(=O)c2cccc(N3CCC[C@@](C)(CC(=O)O)C3)n2)ccc1C(F)(F)F,,CHEMBL6167971,8.70,=,=,EC50,nM,2.0,EC50,uM,0.002,ChEMBL
CHEMBL6126616,CCc1ccccc1-c1nc(NS(=O)(=O)c2cccc(N(CCCC(=O)O)C(C)C)n2)ccc1C(F)(F)F,,CHEMBL6148174,8.70,=,=,EC50,nM,2.0,EC50,uM,0.002,ChEMBL
CHEMBL6126616,CCc1ccccc1-c1nc(NS(=O)(=O)c2cccc(N(CC)CCCC(=O)O)n2)ccc1C(F)(F)F,,CHEMBL6167563,8.40,=,=,EC50,nM,4.0,EC50,uM,0.004,ChEMBL
CHEMBL6126616,CC(C)(CO)CN1CCCCCc2ccccc2-c2nc(ccc2C(F)(F)F)NS(=O)(=O)c2cccc1n2,,CHEMBL6171349,8.52,=,=,EC50,nM,3.0,EC50,uM,0.003,ChEMBL
CHEMBL6126616,CC(C)(CO)CN1CCCCCCc2ccccc2-c2nc(ccc2C(F)(F)F)NS(=O)(=O)c2cccc1n2,,CHEMBL6174231,8.00,=,=,EC50,nM,10.0,EC50,uM,0.01,ChEMBL
CHEMBL6126616,CC(C)(CN1CCCCCCc2ccccc2-c2nc(ccc2C(F)(F)F)NS(=O)(=O)c2cccc1n2)C(=O)O,,CHEMBL6174831,7.10,=,=,EC50,nM,80.0,EC50,uM,0.08,ChEMBL
CHEMBL6126616,CC(C)(CN1CCCCCc2ccccc2-c2nc(ccc2C(F)(F)F)NS(=O)(=O)c2cccc1n2)C(=O)O,,CHEMBL6168993,8.40,=,=,EC50,nM,4.0,EC50,uM,0.004,ChEMBL
CHEMBL6126616,CC1(C)Cc2c(sc(NC(=O)c3ccn[nH]3)c2C(N)=O)C(C)(C)O1,,CHEMBL4075348,6.49,=,=,EC50,nM,326.0,EC50,nM,326.0,ChEMBL
CHEMBL6126616,CC1(C)Cc2c(sc(NC(=O)c3ccccc3O)c2C(N)=O)C(C)(C)O1,,CHEMBL4059736,7.82,=,=,EC50,nM,15.0,EC50,nM,15.0,ChEMBL
CHEMBL6126616,CC1(C)Cc2c(sc(NC(=O)C3(CO)CC3)c2C(N)=O)C(C)(C)O1,,CHEMBL4083374,8.57,=,=,EC50,nM,2.7,EC50,nM,2.7,ChEMBL
CHEMBL6126616,CC1(C)Cc2c(sc(NC(=O)[C@@H](O)C(C)(C)C)c2C(N)=O)C(C)(C)O1,,CHEMBL4102980,6.90,=,=,EC50,nM,127.0,EC50,nM,127.0,ChEMBL
CHEMBL6126616,CC1(C)Cc2c(sc(NC(=O)[C@H](O)C(C)(C)C)c2C(N)=O)C(C)(C)O1,,CHEMBL4077574,8.52,=,=,EC50,nM,3.0,EC50,nM,3.0,ChEMBL
CHEMBL6126616,Cc1cc(C(=O)Nc2sc3c(c2C(N)=O)CC(C)(C)OC3(C)C)[nH]n1,,CHEMBL4079652,7.89,=,=,EC50,nM,13.0,EC50,nM,13.0,ChEMBL
CHEMBL6126623,CC(C)(C)c1cc(C(C)(C)C)c(NC(=O)c2c[nH]c3ccccc3c2=O)cc1O,,CHEMBL2010601,7.33,=,=,EC50,nM,46.6,EC50,nM,46.6,ChEMBL
CHEMBL6126623,CC1(C)Cc2c(sc(NC(=O)c3ccn[nH]3)c2C(N)=O)C(C)(C)O1,,CHEMBL4075348,7.16,=,=,EC50,nM,68.9,EC50,nM,68.9,ChEMBL
CHEMBL6126623,C[C@H](O)CNC(=O)c1ncc(S(=O)(=O)c2ccc(OC(F)(F)F)cc2)cc1N,,CHEMBL4785210,7.09,=,=,EC50,nM,80.7,EC50,nM,80.7,ChEMBL
CHEMBL6126626,COc1nc(C(=O)NC[C@](C)(O)C(F)(F)F)c(N)cc1C(F)(F)F,,CHEMBL4650318,7.40,=,=,EC50,nM,40.0,EC50,uM,0.04,ChEMBL
CHEMBL6126626,COC(=O)c1nc(-c2ccco2)c(C(F)(F)F)cc1N,,CHEMBL5085858,7.16,=,=,EC50,nM,70.0,EC50,uM,0.07,ChEMBL
CHEMBL6126626,COC(=O)c1nc(I)c(C(F)(F)F)cc1N,,CHEMBL6172511,6.44,=,=,EC50,nM,360.0,EC50,uM,0.36,ChEMBL
CHEMBL6126626,CNC(=O)c1nc(-c2ccco2)c(C(F)(F)F)cc1N,,CHEMBL6172174,5.73,=,=,EC50,nM,1860.0,EC50,uM,1.86,ChEMBL
CHEMBL6126626,CNC(=O)c1nc(Br)c(C(F)(F)F)cc1N,,CHEMBL5086285,6.60,=,=,EC50,nM,250.0,EC50,uM,0.25,ChEMBL
CHEMBL6126626,Nc1cc(C(F)(F)F)c(Br)nc1C(=O)NCCC(F)(F)F,,CHEMBL5093146,7.40,=,=,EC50,nM,40.0,EC50,uM,0.04,ChEMBL
CHEMBL6126626,Nc1cc(C(F)(F)F)c(Br)nc1C(=O)NC[C@@H](O)C(F)(F)F,,CHEMBL5087757,8.00,=,=,EC50,nM,10.0,EC50,uM,0.01,ChEMBL
CHEMBL6126626,C[C@](O)(CNC(=O)c1nc(Br)c(C(F)(F)F)cc1N)C(F)(F)F,,CHEMBL5084140,8.00,=,=,EC50,nM,10.0,EC50,uM,0.01,ChEMBL
CHEMBL6126626,C[C@](O)(CNC(=O)c1nc(C(F)(F)F)c(C(F)(F)F)cc1N)C(F)(F)F,,CHEMBL5088607,8.00,=,=,EC50,nM,10.0,EC50,uM,0.01,ChEMBL
CHEMBL6126646,CC(C)(C)c1cc(C(C)(C)C)c(NC(=O)c2c[nH]c3ccccc3c2=O)cc1O,,CHEMBL2010601,6.88,=,=,EC50,nM,131.0,EC50,uM,0.131,ChEMBL
CHEMBL6126646,COc1nc(C(=O)NC[C@](C)(O)C(F)(F)F)c(N)cc1C(F)(F)F,,CHEMBL4650318,6.30,=,=,EC50,nM,500.0,EC50,uM,0.5,ChEMBL
CHEMBL6126646,C[C@](O)(CNC(=O)c1nc(Br)c(C(F)(F)F)cc1N)C(F)(F)F,,CHEMBL5084140,6.82,=,=,EC50,nM,150.0,EC50,uM,0.15,ChEMBL
CHEMBL6126647,CC(C)(C)c1cc(C(C)(C)C)c(NC(=O)c2c[nH]c3ccccc3c2=O)cc1O,,CHEMBL2010601,7.22,=,=,EC50,nM,60.0,EC50,uM,0.06,ChEMBL
CHEMBL6126647,COc1nc(C(=O)NC[C@](C)(O)C(F)(F)F)c(N)cc1C(F)(F)F,,CHEMBL4650318,7.52,=,=,EC50,nM,30.0,EC50,uM,0.03,ChEMBL
CHEMBL6126647,C[C@](O)(CNC(=O)c1nc(Br)c(C(F)(F)F)cc1N)C(F)(F)F,,CHEMBL5084140,7.70,=,=,EC50,nM,20.0,EC50,uM,0.02,ChEMBL
CHEMBL6126647,O=C(Nc1ncc(Cc2ccccc2Cl)s1)C(c1ccccc1)c1ccccc1,,CHEMBL4176184,7.00,=,=,EC50,nM,100.0,EC50,uM,0.1,ChEMBL
CHEMBL6126647,Cc1ccc(NC(=O)C2(c3ccc4c(c3)OC(F)(F)O4)CC2)nc1-c1cccc(C(=O)O)c1,,CHEMBL2103870,7.10,=,=,EC50,nM,80.0,EC50,uM,0.08,ChEMBL
CHEMBL6126647,CC(C)(CO)c1cc2cc(NC(=O)C3(c4ccc5c(c4)OC(F)(F)O5)CC3)c(F)cc2n1C[C@@H](O)CO,,CHEMBL3544914,6.30,=,=,EC50,nM,500.0,EC50,uM,0.5,ChEMBL
CHEMBL6126647,O=C(O)c1ccc([C@H]2C[C@@H](NC(=O)C3(c4ccc5c(c4)OC(F)(F)O5)CC3)c3ccc(OC(F)F)cc3O2)cc1,,CHEMBL4101487,8.30,=,=,EC50,nM,5.0,EC50,uM,0.005,ChEMBL
CHEMBL6126652,Cc1nn(C)cc1S(=O)(=O)NC(=O)c1ccc(-n2ccc(OCC(C)(C)C(F)(F)F)n2)nc1N1C[C@@H](C)CC1(C)C,,CHEMBL4298128,7.16,=,=,EC50,nM,70.0,EC50,uM,0.07,ChEMBL
CHEMBL6126652,Cc1nn(C)cc1S(=O)(=O)NC(=O)c1ccc(-n2ccc(OCC3(C(F)(F)F)CC3)n2)nc1N1C[C@@H](C)CC1(C)C,,CHEMBL6165049,6.66,=,=,EC50,nM,220.0,EC50,uM,0.22,ChEMBL
CHEMBL6126652,Cc1nn(C)cc1S(=O)(=O)NC(=O)c1ccc(-n2ccc(OCCC3(C(F)(F)F)CC3)n2)nc1N1C[C@@H](C)CC1(C)C,,CHEMBL6172973,6.89,=,=,EC50,nM,130.0,EC50,uM,0.13,ChEMBL
CHEMBL6126652,Cc1nn(C)cc1S(=O)(=O)NC(=O)c1ccc(-n2ccc(OCC3(C(F)(F)F)CCC3)n2)nc1N1C[C@@H](C)CC1(C)C,,CHEMBL6172958,6.89,=,=,EC50,nM,130.0,EC50,uM,0.13,ChEMBL
CHEMBL6126652,Cc1c(S(=O)(=O)NC(=O)c2ccc(-n3ccc(OCC(C)(C)C(F)(F)F)n3)nc2N2C[C@@H](C)CC2(C)C)cnn1C,,CHEMBL6175544,6.77,=,=,EC50,nM,170.0,EC50,uM,0.17,ChEMBL
CHEMBL6126652,Cc1nn(C)c(C)c1S(=O)(=O)NC(=O)c1ccc(-n2ccc(OCC(C)(C)C(F)(F)F)n2)nc1N1C[C@@H](C)CC1(C)C,,CHEMBL6144497,7.05,=,=,EC50,nM,90.0,EC50,uM,0.09,ChEMBL
CHEMBL6157282,CN(C(=O)c1cccc(-n2nc(C(F)(F)F)c3c2[C@@H](Oc2ccc(C(=O)O)cc2)CCC3)c1)c1ccc(C2(C(F)(F)F)N=N2)cc1,,CHEMBL6177436,7.62,=,=,EC50,nM,24.0,EC50,nM,24.0,ChEMBL
CHEMBL6157282,C#CCCC1(CCNC(=O)c2ccc(O[C@H]3CCCc4c(C(F)(F)F)nn(-c5cccc(C(=O)N(C)c6ccc7c(c6)OC(F)(F)O7)c5)c43)cc2)N=N1,,CHEMBL6173991,,<,<,EC50,nM,3.0,EC50,nM,3.0,ChEMBL
CHEMBL6157282,CN(C(=O)c1cccc(-n2nc(C(F)(F)F)c3c2[C@@H](Oc2ccc(C(=O)O)cc2)CCC3)c1)c1ccc2c(c1)OC(F)(F)O2,,CHEMBL6177416,,<,<,EC50,nM,3.0,EC50,nM,3.0,ChEMBL
CHEMBL6157282,C#Cc1ccc(O[C@H]2CCCc3c(C(F)(F)F)nn(-c4cccc(C(=O)N(C)c5ccc6c(c5)OC(F)(F)O6)c4)c32)cc1,,CHEMBL6177322,8.48,=,=,EC50,nM,3.3,EC50,nM,3.3,ChEMBL
CHEMBL6157282,C#Cc1ccc(O[C@H]2CCCc3c(C(F)(F)F)nn(-c4cccc(C(=O)N(C)c5ccc(C6(C(F)(F)F)N=N6)cc5)c4)c32)cc1,,CHEMBL6162568,6.42,=,=,EC50,nM,385.0,EC50,nM,385.0,ChEMBL
CHEMBL6157282,C[C@H]1NC(=O)N[C@H]1CCCCCC(=O)NCCOCCOCCOCCn1cc(CCC2(CCNC(=O)c3ccc(O[C@H]4CCCc5c(C(F)(F)F)nn(-c6cccc(C(=O)N(C)c7ccc8c(c7)OC(F)(F)O8)c6)c54)cc3)N=N2)nn1,,CHEMBL6177294,6.91,=,=,EC50,nM,122.0,EC50,nM,122.0,ChEMBL
CHEMBL6157282,C[C@H]1NC(=O)N[C@H]1CCCCCC(=O)NCCOCCOCCOCCn1cc(-c2ccc(O[C@H]3CCCc4c(C(F)(F)F)nn(-c5cccc(C(=O)N(C)c6ccc(C7(C(F)(F)F)N=N7)cc6)c5)c43)cc2)nn1,,CHEMBL6176900,6.32,=,=,EC50,nM,480.0,EC50,nM,480.0,ChEMBL
