canonical_key,canonical_smiles,pIC50,src_spread,n_meas,standard_type,source,pIC50_std
Brc1ccc2ncnc(NCc3ccccc3)c2c1,Brc1ccc2ncnc(NCc3ccccc3)c2c1,6.296,0.0,1.0,other,Papyrus,0.0
Brc1ccc2ncnc(NCc3cccnc3)c2c1,Brc1ccc2ncnc(NCc3cccnc3)c2c1,5.648,0.0,1.0,other,Papyrus,0.0
Brc1ccc2ncnc(NCc3ccco3)c2c1,Brc1ccc2ncnc(NCc3ccco3)c2c1,5.246,0.0,1.0,other,Papyrus,0.0
Brc1cccc(CSc2nnc(-c3ccncc3)o2)c1,Brc1cccc(CSc2nnc(-c3ccncc3)o2)c1,5.162000000000001,0.0,1.0,other,Papyrus,0.0
C#CCN(CC1C(OC(=O)NC2CC2)C(OC(=O)NC2CC2)Cn2c(=O)ccc(=O)n21)S(=O)(=O)c1ccc(C)cc1,C#CCN(CC1C(OC(=O)NC2CC2)C(OC(=O)NC2CC2)Cn2c(=O)ccc(=O)n21)S(=O)(=O)c1ccc(C)cc1,5.564,0.0,1.0,other,Papyrus,0.0
C#CCN(CC1C(OC(=O)NCc2ccco2)C(OC(=O)NCc2ccco2)Cn2c(=O)ccc(=O)n21)S(=O)(=O)c1ccc(C)cc1,C#CCN(CC1C(OC(=O)NCc2ccco2)C(OC(=O)NCc2ccco2)Cn2c(=O)ccc(=O)n21)S(=O)(=O)c1ccc(C)cc1,5.507000000000001,0.0,1.0,other,Papyrus,0.0
C#Cc1ccc(O[C@H]2CCCc3c(C(F)(F)F)nn(-c4cccc(C(=O)N(C)c5ccc(C6(C(F)(F)F)N=N6)cc5)c4)c32)cc1,C#Cc1ccc(O[C@H]2CCCc3c(C(F)(F)F)nn(-c4cccc(C(=O)N(C)c5ccc(C6(C(F)(F)F)N=N6)cc5)c4)c32)cc1,6.414539270491499,0.0,1.0,EC50,ChEMBL,0.0
C#Cc1ccc(O[C@H]2CCCc3c(C(F)(F)F)nn(-c4cccc(C(=O)N(C)c5ccc6c(c5)OC(F)(F)O6)c4)c32)cc1,C#Cc1ccc(O[C@H]2CCCc3c(C(F)(F)F)nn(-c4cccc(C(=O)N(C)c5ccc6c(c5)OC(F)(F)O6)c4)c32)cc1,8.481486060122112,0.0,1.0,EC50,ChEMBL,0.0
C=C(C)C1CCC2(C(=O)O)CCC3(C)C(CCC4C5(C)CCC(=O)C(C)(C)C5CCC43C)C12,C=C(C)C1CCC2(C(=O)O)CCC3(C)C(CCC4C5(C)CCC(=O)C(C)(C)C5CCC43C)C12,5.082,0.0,1.0,other,Papyrus,0.0
C=C(C)CN1Cc2cc(Cl)cc3[nH]c(=O)n(c23)CC1C,CC1Cn2c3c(CN1CC(C)=C)cc(Cl)cc3[nH]c2=O,5.958607314841775,0.0,1.0,EC50,BindingDB,0.0
C=C(C)COc1ccc(-c2[nH]ncc2-c2ccc(OC)cc2)c(O)c1,C=C(C)COc1ccc(-c2[nH]ncc2-c2ccc(OC)cc2)c(O)c1,5.295,0.0,1.0,other,Papyrus,0.0
C=C(c1ccc2[nH]c(NC(=O)OC)nc2c1)c1cccs1,C=C(c1ccc2[nH]c(NC(=O)OC)nc2c1)c1cccs1,5.297999999999999,0.0,1.0,other,Papyrus,0.0
C=C1C(=O)C23C(O)C1CCC2C12COC3(O)C(O)C1C(C)(C)CCC2O,C=C1C(=O)C23C(O)C1CCC2C12COC3(O)C(O)C1C(C)(C)CCC2O,5.433,0.0,1.0,other,Papyrus,0.0
C=C1C(=O)C23CC1CCC2C1(C)C(=O)CCC(C)(C(=O)O)C1CC3O,C=C1C(=O)C23CC1CCC2C1(C)C(=O)CCC(C)(C(=O)O)C1CC3O,6.018,0.0,1.0,other,Papyrus,0.0
C=C1C(=O)C23CC1CCC2C1(C)C(O)CCC(C)(C(=O)O)C1CC3O,C=C1C(=O)C23CC1CCC2C1(C)C(O)CCC(C)(C(=O)O)C1CC3O,5.697,0.0,2.0,other,Papyrus,0.006
C=C1C(=O)C23CC1CCC2C1(C)C(OC(C)=O)CCC(C)(C(=O)O)C1CC3O,C=C1C(=O)C23CC1CCC2C1(C)C(OC(C)=O)CCC(C)(C(=O)O)C1CC3O,6.028,0.0,1.0,other,Papyrus,0.0
C=C1C(=O)OC23C1CCC(C)C2CCC1(C)OC13,C=C1C(=O)OC23C1CCC(C)C2CCC1(C)OC13,5.425,0.0,1.0,other,Papyrus,0.0
C=C1C(=O)OC2C1CCC(C)=CCCC1(C)OC21,C=C1C(=O)OC2C1CCC(C)=CCCC1(C)OC21,5.445,0.0,1.0,other,Papyrus,0.0
C=C1C(=O)OC2C1CCC(C)C1(O)CCC(=O)C21C,C=C1C(=O)OC2C1CCC(C)C1(O)CCC(=O)C21C,5.625,0.0,1.0,other,Papyrus,0.0
C=C1C(=O)OC2CC1C(O)CC(C)=CCCC(C)=CC(O)CC2C,C=C1C(=O)OC2CC1C(O)CC(C)=CCCC(C)=CC(O)CC2C,6.27,0.0,1.0,other,Papyrus,0.0
C=C1C(=O)OC2CC1C(OC(C)=O)CC(C)=CCCC(C)=CCCC2(C)O,C=C1C(=O)OC2CC1C(OC(C)=O)CC(C)=CCCC(C)=CCCC2(C)O,5.699,0.0,1.0,other,Papyrus,0.0
C=C1C(=O)OC2CC3(C)OC3CCC(C)=CC(OC(C)=O)C12,C=C1C(=O)OC2CC3(C)OC3CCC(C)=CC(OC(C)=O)C12,5.644,0.0,1.0,other,Papyrus,0.0
C=C1C(C)C2C(Cc3ccccc3)NC(=O)C23OC(=O)CCC(=O)CCCC(C)CC=CC3C1O,C=C1C(C)C2C(Cc3ccccc3)NC(=O)C23OC(=O)CCC(=O)CCCC(C)CC=CC3C1O,5.903,0.0,1.0,other,Papyrus,0.0
C=CC(=O)Nc1cccc(Oc2ncnc3[nH]cc(-c4cnc5ccccc5c4)c23)c1,C=CC(=O)Nc1cccc(Oc2ncnc3[nH]cc(-c4cnc5ccccc5c4)c23)c1,5.87,0.0,1.0,other,Papyrus,0.0
C=CCC(CC(=O)N(CCO)Cc1ccccc1)C(=O)NCC(OC(=O)C(CC=C)Cc1ccc(F)cc1)c1ccccc1,C=CCC(CC(=O)N(CCO)Cc1ccccc1)C(=O)NCC(OC(=O)C(CC=C)Cc1ccc(F)cc1)c1ccccc1,5.393,0.0,1.0,other,Papyrus,0.0
C=CCC(Cc1ccc(F)cc1)C(=O)OC(CNC(=O)C(=CC(=O)NC(CO)Cc1ccccc1)CCC)c1ccccc1,C=CCC(Cc1ccc(F)cc1)C(=O)OC(CNC(=O)C(=CC(=O)NC(CO)Cc1ccccc1)CCC)c1ccccc1,5.252000000000001,0.0,1.0,other,Papyrus,0.0
C=CCC12C=CCC(=O)C1(O)OC(c1ccc(OC)c(OC)c1)C2C,C=CCC12C=CCC(=O)C1(O)OC(c1ccc(OC)c(OC)c1)C2C,5.336,0.0,1.0,other,Papyrus,0.0
C=CCN(CC=C)c1ncnc2[nH]ncc12,C=CCN(CC=C)c1ncnc2[nH]ncc12,5.907,0.0,1.0,other,Papyrus,0.0
C=CCN1C2=C(C(=O)OC)C(C(=O)OC)N=C3N(C(=O)c4ccc(Br)cc4)C(C(=O)OC)CC32c2ccccc21,C=CCN1C2=C(C(=O)OC)C(C(=O)OC)N=C3N(C(=O)c4ccc(Br)cc4)C(C(=O)OC)CC32c2ccccc21,5.029,0.0,1.0,other,Papyrus,0.0
C=CCN1c2ccccc2Sc2cnccc21,C=CCN1c2ccccc2Sc2cnccc21,5.587000000000001,0.0,1.0,other,Papyrus,0.0
C=CCSc1nc2ccccc2n1C(=O)C=Cc1ccc(OC)c(OC)c1,C=CCSc1nc2ccccc2n1C(=O)C=Cc1ccc(OC)c(OC)c1,5.461,0.0,1.0,other,Papyrus,0.0
C=CCSc1nsc(NC(=O)Nc2cccc(C(C)=O)c2)n1,C=CCSc1nsc(NC(=O)Nc2cccc(C(C)=O)c2)n1,5.8420000000000005,0.0,1.0,other,Papyrus,0.0
C=CCc1cc(-c2sc(NC(=O)C(C)(C)C)nc2C)nn1C(=O)Nc1ccc(OC)cc1,C=CCc1cc(-c2sc(NC(=O)C(C)(C)C)nc2C)nn1C(=O)Nc1ccc(OC)cc1,6.030060178827579,8.227530476168854e-05,2.0,EC50,"BindingDB,ChEMBL",8.227530476168854e-05
C=CCc1cc(-c2sc(NC(=O)C(C)(C)C)nc2C)nn1C(=O)Nc1ccccc1,C=CCc1cc(-c2sc(NC(=O)C(C)(C)C)nc2C)nn1C(=O)Nc1ccccc1,5.519996652225607,5.084356215178589e-06,2.0,EC50,"BindingDB,ChEMBL",5.084356215178589e-06
C=CCc1cc(C(=O)c2sc(NC(=O)C3(c4ccc5c(c4)OCO5)CC3)nc2-c2ccccc2)ccc1O,C=CCc1cc(C(=O)c2sc(NC(=O)C3(c4ccc5c(c4)OCO5)CC3)nc2-c2ccccc2)ccc1O,6.552841968657781,0.0016408113695983218,3.0,EC50,"BindingDB,ChEMBL,Papyrus",0.0016408113695983218
C=CCc1cc(S(=O)(=O)c2ccc(O)c(CC=C)c2)ccc1O,C=CCc1cc(S(=O)(=O)c2ccc(O)c(CC=C)c2)ccc1O,5.198,0.0,1.0,other,Papyrus,0.0
C=CCn1c(=O)c(-c2cccc([N+](=O)[O-])c2)nc2ccccc21,C=CCn1c(=O)c(-c2cccc([N+](=O)[O-])c2)nc2ccccc21,7.259637310505756,0.00020939887713389803,3.0,EC50,"BindingDB,ChEMBL,Papyrus",0.00020939887713389803
C=CCn1c(Oc2ccccc2F)nc2c1c(=O)n(C)c(=O)n2C,C=CCn1c(Oc2ccccc2F)nc2c1c(=O)n(C)c(=O)n2C,5.244,0.0,1.0,other,Papyrus,0.0
C=CCn1cnc2c(c1=O)c1nc3ccccc3nc1n2N=Cc1cc(OC)c(OC)c(OC)c1,C=CCn1cnc2c(c1=O)c1nc3ccccc3nc1n2N=Cc1cc(OC)c(OC)c(OC)c1,5.379,0.0,1.0,other,Papyrus,0.0
C=CCn1cnc2c1N=CN1C2=NC(C)(C(=O)O)C(O)C1(C)O,C=CCn1cnc2c1N=CN1C2=NC(C)(C(=O)O)C(O)C1(C)O,5.402,0.0,4.0,EC50,Papyrus,0.278
C=CCn1cnc2c1N=CN1C2=N[C@](C)(C(=O)O)[C@@H](O)[C@@]1(C)O,C=CCn1cnc2c1N=CN1C2=N[C@](C)(C(=O)O)[C@@H](O)[C@@]1(C)O,5.1249387366083,0.0,1.0,EC50,ChEMBL,0.0
C=CCn1cnc2c1N=CN1C2=N[C@](C)(C(=O)O)[C@H](O)[C@]1(C)O,C=CCn1cnc2c1N=CN1C2=N[C@](C)(C(=O)O)[C@H](O)[C@]1(C)O,5.6777807052660805,0.0,1.0,EC50,ChEMBL,0.0
C=CCn1cnc2c1N=CN1C2=[NH+][C@](C)(C(=O)[O-])[C@@H](O)[C@@]1(C)O,"C[C@@]1(O)[C@H](O)[C@](C)([NH+]=C2N1C=Nc1c2ncn1CC=C)C([O-])=O |r,c:7,11|",5.1249387366083,0.0,1.0,EC50,BindingDB,0.0
C=CCn1cnc2c1N=CN1C2=[NH+][C@](C)(C(=O)[O-])[C@H](O)[C@]1(C)O,"C[C@]1(O)[C@@H](O)[C@](C)([NH+]=C2N1C=Nc1c2ncn1CC=C)C([O-])=O |r,c:7,11|",5.6777807052660805,0.0,1.0,EC50,BindingDB,0.0
C=CCn1nc(C(=O)NCc2ccccc2)cc1-c1sc(NC(=O)C(C)(C)C)nc1C,C=CCn1nc(C(=O)NCc2ccccc2)cc1-c1sc(NC(=O)C(C)(C)C)nc1C,5.522878745280337,0.0016620443625314717,3.0,EC50,"BindingDB,ChEMBL,Papyrus",0.0016620443625314717
C=CCn1nc(C(=O)Nc2ccc(OC)cc2)cc1-c1sc(NC(=O)C(C)(C)C)nc1C,C=CCn1nc(C(=O)Nc2ccc(OC)cc2)cc1-c1sc(NC(=O)C(C)(C)C)nc1C,6.031517051446065,0.0008758700607601124,3.0,EC50,"BindingDB,ChEMBL,Papyrus",0.0008758700607601124
C=Cc1ccc(CC2(C)C(=O)Nc3ccc(-c4cccnc4)cc32)cc1,C=Cc1ccc(CC2(C)C(=O)Nc3ccc(-c4cccnc4)cc32)cc1,5.474,0.0,1.0,other,Papyrus,0.0
CC(=NNc1cc(N2CCOCC2)ncn1)c1cccc([N+](=O)[O-])c1,CC(=NNc1cc(N2CCOCC2)ncn1)c1cccc([N+](=O)[O-])c1,5.376,0.0,1.0,other,Papyrus,0.0
CC(=O)NC(CC(C)C)C(=O)NC(Cc1ccccc1)C(=O)CCl,CC(=O)NC(CC(C)C)C(=O)NC(Cc1ccccc1)C(=O)CCl,5.547999999999999,0.0,1.0,other,Papyrus,0.0
CC(=O)NC1CCN(c2nc(-c3ccccn3)nc3c2CN(Cc2ccc(Cl)cc2)CC3)CC1,CC(=O)NC1CCN(c2nc(-c3ccccn3)nc3c2CN(Cc2ccc(Cl)cc2)CC3)CC1,6.149997413907539,1.850003911917168e-05,9.0,EC50,"BindingDB,ChEMBL,Papyrus",0.24896741180623624
CC(=O)NCCCNc1nc(-c2ccccn2)nc2c1CN(Cc1ccc(F)cc1)CC2,CC(=O)NCCCNc1nc(-c2ccccn2)nc2c1CN(Cc1ccc(F)cc1)CC2,6.699991797446187,0.0005923145996422622,3.0,EC50,"BindingDB,ChEMBL,Papyrus",0.0005923145996422622
CC(=O)NCCNc1nc(-c2ccccn2)nc2c1CN(Cc1ccc(F)cc1)CC2,CC(=O)NCCNc1nc(-c2ccccn2)nc2c1CN(Cc1ccc(F)cc1)CC2,6.548455006504028,0.0008920024107954835,6.0,EC50,"BindingDB,ChEMBL,Papyrus",0.21286035127455813
CC(=O)Nc1ccc(NC(=O)COC(=O)c2c3c(nc4ccccc24)CCN(Cc2ccccc2)C3)cc1,CC(=O)Nc1ccc(NC(=O)COC(=O)c2c3c(nc4ccccc24)CCN(Cc2ccccc2)C3)cc1,5.278,0.0,1.0,other,Papyrus,0.0
CC(=O)Nc1ccc(NC(=O)c2nc(S(=O)(=O)Cc3cccc(C)c3)ncc2Cl)cc1,CC(=O)Nc1ccc(NC(=O)c2nc(S(=O)(=O)Cc3cccc(C)c3)ncc2Cl)cc1,5.223,0.0,1.0,other,Papyrus,0.0
CC(=O)Nc1ccc(Nc2nc(-c3sc(NC(C)=O)nc3C)cs2)cc1,CC(=O)Nc1ccc(Nc2nc(-c3sc(NC(C)=O)nc3C)cs2)cc1,5.772,0.0,1.0,other,Papyrus,0.0
CC(=O)Nc1ccc([N+](=O)[O-])cc1-c1nc2cccc3c2n(c1=O)CCO3,CC(=O)Nc1ccc([N+](=O)[O-])cc1-c1nc2cccc3c2n(c1=O)CCO3,6.086186147616283,0.0022019287003881907,3.0,EC50,"BindingDB,ChEMBL,Papyrus",0.0022019287003881907
CC(=O)Nc1nc(C)c(-c2csc(Nc3cccc(C(C)=O)c3)n2)s1,CC(=O)Nc1nc(C)c(-c2csc(Nc3cccc(C(C)=O)c3)n2)s1,6.269,0.0,1.0,other,Papyrus,0.0
CC(=O)OC1(C)CC(C)C(=O)C(C(O)CC2CC(=O)NC(=O)C2)C1,CC(=O)OC1(C)CC(C)C(=O)C(C(O)CC2CC(=O)NC(=O)C2)C1,6.824,0.0,1.0,other,Papyrus,0.0
CC(=O)OC1CCC2(C)C(=O)C=CC3=C(C)C(=O)C(C3)C(O)CC2C1(C)C,CC(=O)OC1CCC2(C)C(=O)C=CC3=C(C)C(=O)C(C3)C(O)CC2C1(C)C,5.87,0.0,1.0,other,Papyrus,0.0
CC(=O)OC1CCC2(C)C(CCC3C2CC(=O)OC2(C)C(C(C)=O)C=CC32)C1,CC(=O)OC1CCC2(C)C(CCC3C2CC(=O)OC2(C)C(C(C)=O)C=CC32)C1,6.0120000000000005,0.0,1.0,other,Papyrus,0.0
CC(=O)OCCN1c2ccccc2Sc2cnccc21,CC(=O)OCCN1c2ccccc2Sc2cnccc21,5.364,0.0,1.0,other,Papyrus,0.0
CC(=O)Oc1c(Br)cc(N(C(C)=O)S(=O)(=O)c2ccccc2)c2ccccc12,CC(=O)Oc1c(Br)cc(N(C(C)=O)S(=O)(=O)c2ccccc2)c2ccccc12,5.135,0.0,1.0,other,Papyrus,0.0
CC(=O)Oc1c(C(=O)c2nnc(C)o2)c(=O)n(Cc2ccccc2)c2ccccc12,CC(=O)Oc1c(C(=O)c2nnc(C)o2)c(=O)n(Cc2ccccc2)c2ccccc12,5.627000000000001,0.0,1.0,other,Papyrus,0.0
CC(=O)Oc1c(Cl)cc(N(C(C)=O)S(=O)(=O)c2ccccc2)c2ccccc12,CC(=O)Oc1c(Cl)cc(N(C(C)=O)S(=O)(=O)c2ccccc2)c2ccccc12,5.115,0.0,1.0,other,Papyrus,0.0
CC(=O)Oc1ccc(N(C(C)=O)S(=O)(=O)c2ccc(Cl)cc2)c2ccccc12,CC(=O)Oc1ccc(N(C(C)=O)S(=O)(=O)c2ccc(Cl)cc2)c2ccccc12,5.132999999999999,0.0,1.0,other,Papyrus,0.0
CC(=O)Oc1ccc(N(C(C)=O)S(=O)(=O)c2cccs2)c2ccccc12,CC(=O)Oc1ccc(N(C(C)=O)S(=O)(=O)c2cccs2)c2ccccc12,5.19,0.0,1.0,other,Papyrus,0.0
CC(=O)c1c(C)n(-c2ccccc2)c2ccc(O)cc12,CC(=O)c1c(C)n(-c2ccccc2)c2ccc(O)cc12,5.252999999999999,0.0,1.0,other,Papyrus,0.0
CC(=O)c1c(C)n(C2CCCCC2)c2ccc(O)cc12,CC(=O)c1c(C)n(C2CCCCC2)c2ccc(O)cc12,6.099,0.0,1.0,other,Papyrus,0.0
CC(=O)c1c(O)cc(O)c(C(C)=O)c1O,CC(=O)c1c(O)cc(O)c(C(C)=O)c1O,5.272,0.0,1.0,other,Papyrus,0.0
CC(=O)c1c(O)cc2c3c1OC(C)(C)C1CCC(C)(CC31)O2,CC(=O)c1c(O)cc2c3c1OC(C)(C)C1CCC(C)(CC31)O2,5.564,0.0,1.0,other,Papyrus,0.0
CC(=O)c1cc(-c2ccc(N3CCOCC3)cc2)c2c(C)nn(-c3ccccc3)c2n1,CC(=O)c1cc(-c2ccc(N3CCOCC3)cc2)c2c(C)nn(-c3ccccc3)c2n1,5.0,0.0,2.0,EC50,"BindingDB,ChEMBL",0.0
CC(=O)c1ccc(-c2cnc3c(NC=O)cc(-c4ccc(C(=O)NC5CC5)cc4)cn23)cc1,CC(=O)c1ccc(-c2cnc3c(NC=O)cc(-c4ccc(C(=O)NC5CC5)cc4)cn23)cc1,5.372000000000001,0.0,1.0,other,Papyrus,0.0
CC(=O)c1ccc(-n2c(C)c(C(C)=O)c3cc(O)ccc32)cc1,CC(=O)c1ccc(-n2c(C)c(C(C)=O)c3cc(O)ccc32)cc1,5.872999999999999,0.0,1.0,other,Papyrus,0.0
CC(=O)c1ccc(NC(=O)Nc2ccc3c(c2)N(C)C(=O)CS3)cc1,CC(=O)c1ccc(NC(=O)Nc2ccc3c(c2)N(C)C(=O)CS3)cc1,5.289,0.0,1.0,other,Papyrus,0.0
CC(=O)c1ccc(Nc2ncnc3ccc(Br)cc23)cc1,CC(=O)c1ccc(Nc2ncnc3ccc(Br)cc23)cc1,5.662000000000001,0.0,1.0,other,Papyrus,0.0
CC(=O)c1cccc(NC(=O)COC(=O)c2ccc(S(C)(=O)=O)c([N+](=O)[O-])c2)c1,CC(=O)c1cccc(NC(=O)COC(=O)c2ccc(S(C)(=O)=O)c([N+](=O)[O-])c2)c1,5.279,0.0,1.0,other,Papyrus,0.0
CC(=O)c1cccc(NC(=O)Nc2cccnc2)c1,CC(=O)c1cccc(NC(=O)Nc2cccnc2)c1,6.216,0.0,1.0,other,Papyrus,0.0
CC(=O)c1sc(NC(=O)C2(c3ccc4c(c3)OCO4)CC2)nc1-c1ccccc1,CC(=O)c1sc(NC(=O)C2(c3ccc4c(c3)OCO4)CC2)nc1-c1ccccc1,5.565431095965801,0.00263785797404653,3.0,EC50,"BindingDB,ChEMBL,Papyrus",0.00263785797404653
CC(=O)n1cc(O)nc1SCC(=O)Nc1nc(C)c(-c2ccccc2)s1,CC(=O)n1cc(O)nc1SCC(=O)Nc1nc(C)c(-c2ccccc2)s1,5.0360000000000005,0.0,1.0,other,Papyrus,0.0
CC(C)(C)C(=O)C(=Cc1ccncc1)n1cncn1,CC(C)(C)C(=O)C(=Cc1ccncc1)n1cncn1,5.654,0.0,1.0,other,Papyrus,0.0
CC(C)(C)C(=O)Nc1sc(S(=O)(=O)c2ccc(F)cc2)cc1C(N)=O,CC(C)(C)C(=O)Nc1sc(S(=O)(=O)c2ccc(F)cc2)cc1C(N)=O,6.453457336521869,0.001996094171580303,3.0,EC50,"BindingDB,ChEMBL,Papyrus",0.001996094171580303
CC(C)(C)C1C(C(=O)c2cc(Cl)ccc2Cl)C(c2ccccc2)N(C(=O)C2CCCCC2)C1C(=O)O,CC(C)(C)C1C(C(=O)c2cc(Cl)ccc2Cl)C(c2ccccc2)N(C(=O)C2CCCCC2)C1C(=O)O,5.65,0.0,2.0,EC50,Papyrus,0.05
CC(C)(C)C1C(C(=O)c2cc(Cl)ccc2Cl)C(c2ccccc2)N(C(=O)c2ccccc2)C1C(=O)O,CC(C)(C)C1C(C(=O)c2cc(Cl)ccc2Cl)C(c2ccccc2)N(C(=O)c2ccccc2)C1C(=O)O,5.620574320334054,0.005441918692429225,14.0,EC50,"BindingDB,ChEMBL,Papyrus",0.06367391086598977
CC(C)(C)CCC1CCN(c2ccc3c(n2)N2C[C@H](CCCn4ccc(n4)S(=O)(=O)NC3=O)CC2(C)C)C1=O,CC(C)(C)CCC1CCN(C1=O)c1ccc2c(n1)N1C[C@@H](CC1(C)C)CCCn1ccc(n1)S(=O)(=O)NC2=O |r|,5.698970004336019,0.0,1.0,EC50,BindingDB,0.0
CC(C)(C)COc1ccn(-c2ccc3c(n2)N2C[C@H](CCNc4cccc(n4)S(=O)(=O)NC3=O)CC2(C)C)n1,CC(C)(C)COc1ccn(n1)-c1ccc2c(n1)N1C[C@@H](CC1(C)C)CCNc1cccc(n1)S(=O)(=O)NC2=O |r|,5.698970004336019,0.0,1.0,EC50,BindingDB,0.0
CC(C)(C)OC(=O)NCC(=O)Oc1cc2oc(=O)cc(-c3ccccc3)c2cc1Cl,CC(C)(C)OC(=O)NCC(=O)Oc1cc2oc(=O)cc(-c3ccccc3)c2cc1Cl,5.921,0.0,1.0,other,Papyrus,0.0
CC(C)(C)OC(=O)NCCCCCNC(=O)c1[nH]cnc1C(=O)NCC(=O)OCc1ccccc1,CC(C)(C)OC(=O)NCCCCCNC(=O)c1[nH]cnc1C(=O)NCC(=O)OCc1ccccc1,5.449,0.0,1.0,other,Papyrus,0.0
CC(C)(C)[C@H]1[C@H](C(=O)c2cc(Cl)ccc2Cl)[C@H](c2ccccc2)N(C(=O)C2CCCCC2)[C@@H]1C(=O)O,CC(C)(C)[C@H]1[C@H](C(=O)c2cc(Cl)ccc2Cl)[C@H](c2ccccc2)N(C(=O)C2CCCCC2)[C@@H]1C(=O)O,5.647701700898984,0.0,8.0,EC50,"BindingDB,ChEMBL",0.05669838490413344
CC(C)(C)[C@H]1[C@H](C(=O)c2cc(Cl)ccc2Cl)[C@H](c2ccccc2)N(C(=O)c2ccccc2)[C@@H]1C(=O)O,CC(C)(C)[C@H]1[C@H](C(=O)c2cc(Cl)ccc2Cl)[C@H](c2ccccc2)N(C(=O)c2ccccc2)[C@@H]1C(=O)O,5.6444466332500625,0.0,8.0,EC50,"BindingDB,ChEMBL",0.07496521269679765
CC(C)(C)[S+](O)N1Cc2cc(C(=O)NCC(F)(F)F)nc(-c3cccc(-c4cccc(F)c4)c3)c2C1CCO,CC(C)(C)[S+](O)N1Cc2cc(C(=O)NCC(F)(F)F)nc(-c3cccc(-c4cccc(F)c4)c3)c2C1CCO,5.232,0.0,1.0,other,Papyrus,0.0
CC(C)(C)c1c[nH]c2cc(NC(=O)c3c[nH]c4ccccc4c3=O)ccc12,CC(C)(C)c1c[nH]c2cc(NC(=O)c3c[nH]c4ccccc4c3=O)ccc12,7.711254100081387,0.002162696326368526,6.0,EC50,"BindingDB,ChEMBL,Papyrus",0.47305923147559203
CC(C)(C)c1cc(C(C)(C)C)c(NC(=O)c2c[nH]c3ccccc3c2=O)cc1O,CC(C)(C)c1cc(C(C)(C)C)c(NC(=O)c2c[nH]c3ccccc3c2=O)cc1O,7.309803919971486,0.0807158308293024,47.0,EC50,"BindingDB,ChEMBL,Papyrus",0.66
CC(C)(C)c1cc(C(F)(F)F)c(NC(=O)c2c[nH]c3ccccc3c2=O)cc1O,CC(C)(C)c1cc(C(F)(F)F)c(NC(=O)c2c[nH]c3ccccc3c2=O)cc1O,8.090228032229065,0.00013165446883489613,6.0,EC50,"BindingDB,ChEMBL,Papyrus",0.6118605061674991
CC(C)(C)c1cc(F)c(NC(=O)c2c[nH]c3ccccc3c2=O)cc1O,CC(C)(C)c1cc(F)c(NC(=O)c2c[nH]c3ccccc3c2=O)cc1O,8.022878745280337,0.0012247069834171725,6.0,EC50,"BindingDB,ChEMBL,Papyrus",0.9561374279584461
CC(C)(C)c1cc2c(C#N)c(NC(=O)C3(c4ccc5c(c4)OC(F)(F)O5)CC3)ccc2[nH]1,CC(C)(C)c1cc2c(C#N)c(NC(=O)C3(c4ccc5c(c4)OC(F)(F)O5)CC3)ccc2[nH]1,6.547064298362018,0.0018154951999893244,4.0,EC50,"BindingDB,ChEMBL,Papyrus",0.0018154951999893244
CC(C)(C)c1cc2c(C#N)c(NC(=O)C3(c4ccc5c(c4)OC(F)(F)O5)CC3)ccc2n1CCO,CC(C)(C)c1cc2c(C#N)c(NC(=O)C3(c4ccc5c(c4)OC(F)(F)O5)CC3)ccc2n1CCO,6.7423214251308154,0.0013402754241798667,4.0,EC50,"BindingDB,ChEMBL,Papyrus",0.0013402754241798667
CC(C)(C)c1cc2cc(NC(=O)C3(c4ccc(N)c(O)c4)CC3)ccc2n1C[C@@H](O)CO,CC(C)(C)c1cc2cc(NC(=O)C3(c4ccc(N)c(O)c4)CC3)ccc2n1C[C@@H](O)CO,5.7423214251308154,0.0,2.0,EC50,"BindingDB,ChEMBL",0.0
CC(C)(C)c1cc2cc(NC(=O)C3(c4ccc(O)c(O)c4)CC3)ccc2n1CC(O)CO,CC(C)(C)c1cc2cc(NC(=O)C3(c4ccc(O)c(O)c4)CC3)ccc2n1CC(O)CO,5.74,0.0,1.0,EC50,Papyrus,0.0
CC(C)(C)c1cc2cc(NC(=O)C3(c4ccc(O)c(O)c4)CC3)ccc2n1C[C@@H](O)CO,CC(C)(C)c1cc2cc(NC(=O)C3(c4ccc(O)c(O)c4)CC3)ccc2n1C[C@@H](O)CO,5.7423214251308154,0.0,1.0,EC50,ChEMBL,0.0
CC(C)(C)c1cc2cc(NC(=O)C3(c4ccc5c(c4)CCC5)CC3)ccc2n1CC(O)CO,CC(C)(C)c1cc2cc(NC(=O)C3(c4ccc5c(c4)CCC5)CC3)ccc2n1CC(O)CO,6.01,0.0,1.0,EC50,Papyrus,0.0
CC(C)(C)c1cc2cc(NC(=O)C3(c4ccc5c(c4)CCC5)CC3)ccc2n1C[C@@H](O)CO,CC(C)(C)c1cc2cc(NC(=O)C3(c4ccc5c(c4)CCC5)CC3)ccc2n1C[C@@H](O)CO,6.008330992620052,0.0,3.0,EC50,"BindingDB,ChEMBL",0.0
CC(C)(C)c1cc2cc(NC(=O)C3(c4ccc5c(c4)OC(F)(F)O5)CC3)c(F)cc2n1CC[N+](C)(C)C,CC(C)(C)c1cc2cc(NC(=O)C3(c4ccc5c(c4)OC(F)(F)O5)CC3)c(F)cc2n1CC[N+](C)(C)C,7.41953751216219,0.0006540565726630385,2.0,EC50,"ChEMBL,Papyrus",0.0006540565726630385
CC(C)(C)c1cc2cc(NC(=O)C3(c4ccc5c(c4)OCO5)CC3)c(F)cc2n1CC(O)CO,CC(C)(C)c1cc2cc(NC(=O)C3(c4ccc5c(c4)OCO5)CC3)c(F)cc2n1CC(O)CO,7.18,0.0,1.0,EC50,Papyrus,0.0
CC(C)(C)c1cc2cc(NC(=O)C3(c4ccc5c(c4)OCO5)CC3)c(F)cc2n1C[C@@H](O)CO,CC(C)(C)c1cc2cc(NC(=O)C3(c4ccc5c(c4)OCO5)CC3)c(F)cc2n1C[C@@H](O)CO,7.084641250746325,0.13596807714099352,5.0,EC50,"BindingDB,ChEMBL",0.2724019754240506
CC(C)(C)c1cc2cc[nH]c2cc1NC(=O)c1c[nH]c2ccccc2c1=O,CC(C)(C)c1cc2cc[nH]c2cc1NC(=O)c1c[nH]c2ccccc2c1=O,7.485917790287765,0.0005298864697003989,6.0,EC50,"BindingDB,ChEMBL,Papyrus",0.6684839364159709
CC(C)(C)c1ccc(NC(=O)c2c[nH]c3ccccc3c2=O)cc1,CC(C)(C)c1ccc(NC(=O)c2c[nH]c3ccccc3c2=O)cc1,7.0,0.0,3.0,EC50,"BindingDB,ChEMBL,Papyrus",0.0
CC(C)(C)c1ccc(NC(=O)c2c[nH]c3ccccc3c2=O)cc1CO,CC(C)(C)c1ccc(NC(=O)c2c[nH]c3ccccc3c2=O)cc1CO,7.0,0.0,3.0,EC50,"BindingDB,ChEMBL,Papyrus",0.0
CC(C)(C)c1ccc(NC(=O)c2c[nH]c3ccccc3c2=O)cc1F,CC(C)(C)c1ccc(NC(=O)c2c[nH]c3ccccc3c2=O)cc1F,7.0,0.0,3.0,EC50,"BindingDB,ChEMBL,Papyrus",0.0
CC(C)(C)c1ccc(NC(=O)c2c[nH]c3ccccc3c2=O)cc1N,CC(C)(C)c1ccc(NC(=O)c2c[nH]c3ccccc3c2=O)cc1N,7.0,0.0,3.0,EC50,"BindingDB,ChEMBL,Papyrus",0.0
CC(C)(C)c1ccc(NC(=O)c2c[nH]c3ccccc3c2=O)cc1O,CC(C)(C)c1ccc(NC(=O)c2c[nH]c3ccccc3c2=O)cc1O,8.41195437047216,0.0011283563181974888,6.0,EC50,"BindingDB,ChEMBL,Papyrus",0.15687075525148192
CC(C)(C)c1ccc(NC(=O)c2c[nH]c3ccccc3c2=O)cc1S(N)(=O)=O,CC(C)(C)c1ccc(NC(=O)c2c[nH]c3ccccc3c2=O)cc1S(N)(=O)=O,5.292429823902063,0.0014028594839396713,3.0,EC50,"BindingDB,ChEMBL,Papyrus",0.0014028594839396713
CC(C)(C)c1nc(NC(=O)Nc2ccccc2)sc1Br,CC(C)(C)c1nc(NC(=O)Nc2ccccc2)sc1Br,5.181,0.0,1.0,other,Papyrus,0.0
CC(C)(C)c1nn(-c2ccccc2)c2nc(C(=O)O)cc(-c3ccc(N4CCOCC4)cc3)c12,CC(C)(C)c1nn(-c2ccccc2)c2nc(C(=O)O)cc(-c3ccc(N4CCOCC4)cc3)c12,6.286509456906058,0.0,2.0,EC50,"BindingDB,ChEMBL",0.0
CC(C)(CCO)c1cc2cc(NC(=O)C3(c4ccc5c(c4)OC(F)(F)O5)CC3)c(F)cc2n1CC(O)CO,CC(C)(CCO)c1cc2cc(NC(=O)C3(c4ccc5c(c4)OC(F)(F)O5)CC3)c(F)cc2n1CC(O)CO,7.09,0.0,1.0,EC50,Papyrus,0.0
CC(C)(CCO)c1cc2cc(NC(=O)C3(c4ccc5c(c4)OC(F)(F)O5)CC3)c(F)cc2n1C[C@@H](O)CO,CC(C)(CCO)c1cc2cc(NC(=O)C3(c4ccc5c(c4)OC(F)(F)O5)CC3)c(F)cc2n1C[C@@H](O)CO,7.087313081913427,9.388339429955855e-05,3.0,EC50,"BindingDB,ChEMBL",0.00018776678859848907
CC(C)(CCOCC(O)CO)c1cc2cc(NC(=O)C3(c4ccc5c(c4)OC(F)(F)O5)CC3)c(F)cc2[nH]1,CC(C)(CCOCC(O)CO)c1cc2cc(NC(=O)C3(c4ccc5c(c4)OC(F)(F)O5)CC3)c(F)cc2[nH]1,6.54,0.0,1.0,EC50,Papyrus,0.0
CC(C)(CCOCC(O)CO)c1cc2cc(NC(=O)C3(c4ccc5c(c4)OC(F)(F)O5)CC3)c(F)cc2n1CC(O)CO,CC(C)(CCOCC(O)CO)c1cc2cc(NC(=O)C3(c4ccc5c(c4)OC(F)(F)O5)CC3)c(F)cc2n1CC(O)CO,5.51,0.0,1.0,EC50,Papyrus,0.0
CC(C)(CCOC[C@@H](O)CO)c1cc2cc(NC(=O)C3(c4ccc5c(c4)OC(F)(F)O5)CC3)c(F)cc2[nH]1,CC(C)(CCOC[C@@H](O)CO)c1cc2cc(NC(=O)C3(c4ccc5c(c4)OC(F)(F)O5)CC3)c(F)cc2[nH]1,6.54515513999149,0.0,3.0,EC50,"BindingDB,ChEMBL",0.0
CC(C)(CCOC[C@@H](O)CO)c1cc2cc(NC(=O)C3(c4ccc5c(c4)OC(F)(F)O5)CC3)c(F)cc2n1C[C@@H](O)CO,CC(C)(CCOC[C@@H](O)CO)c1cc2cc(NC(=O)C3(c4ccc5c(c4)OC(F)(F)O5)CC3)c(F)cc2n1C[C@@H](O)CO,5.509339346643864,0.0,3.0,EC50,"BindingDB,ChEMBL",0.0
CC(C)(CN1CCCCCCc2ccccc2-c2nc(ccc2C(F)(F)F)NS(=O)(=O)c2cccc1n2)C(=O)O,CC(C)(CN1CCCCCCc2ccccc2-c2nc(ccc2C(F)(F)F)NS(=O)(=O)c2cccc1n2)C(=O)O,7.096910013008056,0.0,1.0,EC50,ChEMBL,0.0
CC(C)(CN1CCCCCc2ccccc2-c2nc(ccc2C(F)(F)F)NS(=O)(=O)c2cccc1n2)C(=O)O,CC(C)(CN1CCCCCc2ccccc2-c2nc(ccc2C(F)(F)F)NS(=O)(=O)c2cccc1n2)C(=O)O,8.397940008672037,0.0,1.0,EC50,ChEMBL,0.0
CC(C)(CO)CN1CCCCCCc2ccccc2-c2nc(ccc2C(F)(F)F)NS(=O)(=O)c2cccc1n2,CC(C)(CO)CN1CCCCCCc2ccccc2-c2nc(ccc2C(F)(F)F)NS(=O)(=O)c2cccc1n2,8.0,0.0,1.0,EC50,ChEMBL,0.0
CC(C)(CO)CN1CCCCCc2ccccc2-c2nc(ccc2C(F)(F)F)NS(=O)(=O)c2cccc1n2,CC(C)(CO)CN1CCCCCc2ccccc2-c2nc(ccc2C(F)(F)F)NS(=O)(=O)c2cccc1n2,8.522878745280337,0.0,1.0,EC50,ChEMBL,0.0
CC(C)(CO)CNc1ccn2nccc2n1,CC(C)(CO)CNc1ccn2nccc2n1,5.277,0.0,1.0,other,Papyrus,0.0
CC(C)(CO)c1cc2cc(NC(=O)C3(c4ccc5c(c4)OC(F)(F)O5)CC3)c(F)cc2[nH]1,CC(C)(CO)c1cc2cc(NC(=O)C3(c4ccc5c(c4)OC(F)(F)O5)CC3)c(F)cc2[nH]1,5.3650191999487715,0.002875666250356525,4.0,EC50,"BindingDB,ChEMBL,Papyrus",0.002875666250356525
CC(C)(CO)c1cc2cc(NC(=O)C3(c4ccc5c(c4)OC(F)(F)O5)CC3)c(F)cc2n1CC(O)CO,CC(C)(CO)c1cc2cc(NC(=O)C3(c4ccc5c(c4)OC(F)(F)O5)CC3)c(F)cc2n1CC(O)CO,6.57,0.0,1.0,EC50,Papyrus,0.0
CC(C)(CO)c1cc2cc(NC(=O)C3(c4ccc5c(c4)OC(F)(F)O5)CC3)c(F)cc2n1C[C@@H](O)CO,CC(C)(CO)c1cc2cc(NC(=O)C3(c4ccc5c(c4)OC(F)(F)O5)CC3)c(F)cc2n1C[C@@H](O)CO,6.347624875609339,0.12106469982072952,6.0,EC50,"BindingDB,ChEMBL",0.42908921061806027
CC(C)(O)C(=O)Nc1sc(S(=O)(=O)c2ccc(F)cc2)cc1C(N)=O,CC(C)(O)C(=O)Nc1sc(S(=O)(=O)c2ccc(F)cc2)cc1C(N)=O,7.585026652029182,0.002902138902170652,3.0,EC50,"BindingDB,ChEMBL,Papyrus",0.002902138902170652
CC(C)(O)CNC(=O)c1nc(-c2ccc(F)cc2)c(C(F)(F)F)cc1N,CC(C)(O)CNC(=O)c1nc(-c2ccc(F)cc2)c(C(F)(F)F)cc1N,7.431798275933005,0.0,3.0,EC50,"BindingDB,ChEMBL",0.0
CC(C)(O)CNC(=O)c1nc(Br)c(C(F)(F)F)cc1N,CC(C)(O)CNC(=O)c1nc(Br)c(C(F)(F)F)cc1N,7.113509274827518,0.002026080766327481,3.0,EC50,"BindingDB,ChEMBL,Papyrus",0.002026080766327481
CC(C)(O)CNC(=O)c1ncc(S(=O)(=O)c2ccc(OC(F)(F)F)cc2)cc1N,CC(C)(O)CNC(=O)c1ncc(S(=O)(=O)c2ccc(OC(F)(F)F)cc2)cc1N,7.481486060122112,0.0008579772115331702,3.0,EC50,"BindingDB,ChEMBL,Papyrus",0.0008579772115331702
CC(C)(Oc1ccc(Cl)cc1)C(=O)Nc1cc(-c2cccs2)nn1-c1nc2c(c(=O)[nH]1)CCCC2,CC(C)(Oc1ccc(Cl)cc1)C(=O)Nc1cc(-c2cccs2)nn1-c1nc2c(c(=O)[nH]1)CCCC2,5.210419287835575,0.0,2.0,EC50,"BindingDB,ChEMBL",0.0
CC(C)=CCc1c(O)cc(O)c2c1OC(c1ccc(O)cc1)CC2=O,CC(C)=CCc1c(O)cc(O)c2c1OC(c1ccc(O)cc1)CC2=O,5.345,0.0,1.0,other,Papyrus,0.0
CC(C)C(CO)Nc1nc(NCc2ccc(S(N)(=O)=O)cc2)c2ncn(C(C)C)c2n1,CC(C)C(CO)Nc1nc(NCc2ccc(S(N)(=O)=O)cc2)c2ncn(C(C)C)c2n1,5.777,0.0,1.0,other,Papyrus,0.0
CC(C)CC(CN1CCCC1CN1C(=S)NCC1Cc1ccc(O)cc1)N1CC(Cc2ccc(O)cc2)N(CC2CCCCCC2)C1=S,CC(C)CC(CN1CCCC1CN1C(=S)NCC1Cc1ccc(O)cc1)N1CC(Cc2ccc(O)cc2)N(CC2CCCCCC2)C1=S,5.098,0.0,1.0,other,Papyrus,0.0
CC(C)CC(CO)Nc1nc(Nc2cccc(Cl)c2)c2ncn(C(C)C)c2n1,CC(C)CC(CO)Nc1nc(Nc2cccc(Cl)c2)c2ncn(C(C)C)c2n1,5.291,0.0,1.0,other,Papyrus,0.0
CC(C)CC1NC(=O)C(Cc2ccccc2)N(C)C(=O)C(C)NC(=O)c2ccccc2NC(=O)C(Cc2ccc(O)cc2)N(C)C1=O,CC(C)CC1NC(=O)C(Cc2ccccc2)N(C)C(=O)C(C)NC(=O)c2ccccc2NC(=O)C(Cc2ccc(O)cc2)N(C)C1=O,5.466,0.0,1.0,other,Papyrus,0.0
CC(C)CCCc1ccc(NC(=O)C2Cc3ccccc3CN2C(=O)c2cccc(Oc3ccccc3)c2)cc1,CC(C)CCCc1ccc(NC(=O)C2Cc3ccccc3CN2C(=O)c2cccc(Oc3ccccc3)c2)cc1,6.8,0.0,1.0,EC50,Papyrus,0.0
CC(C)CCCc1ccc(NC(=O)[C@H]2Cc3ccccc3CN2C(=O)c2cccc(Oc3ccccc3)c2)cc1,CC(C)CCCc1ccc(NC(=O)[C@H]2Cc3ccccc3CN2C(=O)c2cccc(Oc3ccccc3)c2)cc1,6.795880017344075,0.0,2.0,EC50,"BindingDB,ChEMBL",0.0
CC(C)CN=C(NS(=O)(=O)c1ccccc1)C(Cl)(Cl)Cl,CC(C)CN=C(NS(=O)(=O)c1ccccc1)C(Cl)(Cl)Cl,5.533,0.0,1.0,other,Papyrus,0.0
CC(C)CNC(=O)c1coc(=O)c(Br)c1,CC(C)CNC(=O)c1coc(=O)c(Br)c1,5.362,0.0,1.0,other,Papyrus,0.0
CC(C)C[C@@H](NC(=O)[C@H](Cc1ccccc1)NC(=O)c1cnccn1)B(O)O,CC(C)C[C@@H](NC(=O)[C@H](Cc1ccccc1)NC(=O)c1cnccn1)B(O)O,5.889410289700751,0.0,1.0,IC50,BindingDB,0.0
CC(C)Cc1nc2oc3c(NCC4CCCO4)ncnc3c2c2c1CCC2,CC(C)Cc1nc2oc3c(NCC4CCCO4)ncnc3c2c2c1CCC2,5.542000000000001,0.0,1.0,other,Papyrus,0.0
CC(C)N.Cn1c(=O)c2c(-c3ccccc3)n3c(c2n(C)c1=O)[C@H](c1ccc(Br)o1)Oc1ccc(C(=O)O)cc1-3,CC(C)N.Cn1c(=O)c2c(-c3ccccc3)n3c(c2n(C)c1=O)[C@H](c1ccc(Br)o1)Oc1ccc(C(=O)O)cc1-3,8.397940008672037,0.0,1.0,IC50,ChEMBL,0.0
CC(C)Nc1ncnc2ccc(Br)cc12,CC(C)Nc1ncnc2ccc(Br)cc12,6.151,0.0,1.0,other,Papyrus,0.0
CC(C)OC(=O)c1cccc(C(=O)Nc2cccc(NC(=O)c3cccc(C(=O)OC(C)C)n3)n2)n1,CC(C)OC(=O)c1cccc(C(=O)Nc2cccc(NC(=O)c3cccc(C(=O)OC(C)C)n3)n2)n1,5.347,0.0,1.0,other,Papyrus,0.0
CC(C)c1ccc(CN2CCc3nc(-c4ccccn4)nc(N4CCN(CCN(C)C)CC4)c3C2)cc1,CC(C)c1ccc(CN2CCc3nc(-c4ccccn4)nc(N4CCN(CCN(C)C)CC4)c3C2)cc1,6.521435901161594,0.0008290179221760434,6.0,EC50,"BindingDB,ChEMBL,Papyrus",0.0020404897211185897
CC(C)c1ccc(NC(=O)C(c2ccccc2)N(C)C(=O)Cc2c[nH]c3ccccc23)cc1,CC(C)c1ccc(NC(=O)C(c2ccccc2)N(C)C(=O)Cc2c[nH]c3ccccc23)cc1,6.206650099187975,0.0009526852103668122,12.0,EC50,"BindingDB,ChEMBL,Papyrus",0.32442608951426344
CC(C)c1ccc(NC(=O)[C@H](c2ccccc2)N(C)C(=O)Cc2c[nH]c3ccccc23)cc1,CC(C)c1ccc(NC(=O)[C@H](c2ccccc2)N(C)C(=O)Cc2c[nH]c3ccccc23)cc1,7.154901959985743,0.0,2.0,EC50,"BindingDB,ChEMBL",0.0
CC(C)c1ccc(NC(=O)c2c[nH]c3ccccc3c2=O)cc1,CC(C)c1ccc(NC(=O)c2c[nH]c3ccccc3c2=O)cc1,6.698970004336019,0.0005946682738638907,3.0,EC50,"BindingDB,ChEMBL,Papyrus",0.0005946682738638907
CC(C)c1ccc(NC(=O)c2c[nH]c3ccccc3c2=O)cc1N,CC(C)c1ccc(NC(=O)c2c[nH]c3ccccc3c2=O)cc1N,6.522878745280337,0.0016620443625314717,3.0,EC50,"BindingDB,ChEMBL,Papyrus",0.0016620443625314717
CC(C)c1ccc2[nH]c3c(c2c1)CN(C(=O)c1cc(C(F)(F)F)[nH]n1)CC3,CC(C)c1ccc2[nH]c3c(c2c1)CN(C(=O)c1cc(C(F)(F)F)[nH]n1)CC3,5.853871964321762,0.0022354796434619563,3.0,EC50,"BindingDB,ChEMBL,Papyrus",0.0022354796434619563
CC(C)c1ccccc1C1C(Nc2cccnc2N(C)C)C(C(C)(C)C)C(C(=O)O)N1C(=O)C1CCCCO1,CC(C)c1ccccc1C1C(Nc2cccnc2N(C)C)C(C(C)(C)C)C(C(=O)O)N1C(=O)C1CCCCO1,6.85,0.0,1.0,EC50,Papyrus,0.0
CC(C)c1ccccc1NC(=O)COC(=O)c1c2c(nc3ccccc13)CCN(Cc1ccccc1)C2,CC(C)c1ccccc1NC(=O)COC(=O)c1c2c(nc3ccccc13)CCN(Cc1ccccc1)C2,5.156000000000001,0.0,1.0,other,Papyrus,0.0
CC(C)c1ccccc1NC(=O)c1c[nH]c2ccccc2c1=O,CC(C)c1ccccc1NC(=O)c1c[nH]c2ccccc2c1=O,6.698970004336019,0.0005946682738638907,3.0,EC50,"BindingDB,ChEMBL,Papyrus",0.0005946682738638907
CC(C)c1ccccc1[C@H]1[C@@H](Nc2cccnc2N(C)C)[C@H](C(C)(C)C)[C@@H](C(=O)O)N1C(=O)[C@@H]1CCCCO1,CC(C)c1ccccc1[C@H]1[C@@H](Nc2cccnc2N(C)C)[C@H](C(C)(C)C)[C@@H](C(=O)O)N1C(=O)[C@@H]1CCCCO1,6.847711655616943,0.0,2.0,EC50,"BindingDB,ChEMBL",0.0
CC(C)c1nc(Cl)c(C#N)c2c1CCCC2,CC(C)c1nc(Cl)c(C#N)c2c1CCCC2,5.447,0.0,1.0,other,Papyrus,0.0
CC(C)c1nc(NCCO)c(C#N)c2c1CCCC2,CC(C)c1nc(NCCO)c(C#N)c2c1CCCC2,5.239,0.0,1.0,other,Papyrus,0.0
CC(C)c1nn(-c2cc[nH]c(=O)c2)c2nc(C(=O)O)cc(-c3ccc(N(C)C)cc3)c12,CC(C)c1nn(-c2cc[nH]c(=O)c2)c2nc(C(=O)O)cc(-c3ccc(N(C)C)cc3)c12,5.015247721884586,0.0,2.0,Kd,"BindingDB,ChEMBL",0.0
CC(C)c1nn(-c2ccccc2)c2nc(C(=O)O)cc(-c3ccc(N4CCOCC4)cc3)c12,CC(C)c1nn(-c2ccccc2)c2nc(C(=O)O)cc(-c3ccc(N4CCOCC4)cc3)c12,6.3487219860018556,0.0,2.0,EC50,"BindingDB,ChEMBL",0.0
CC(C)n1c(SCc2ccccc2F)nc2c1c(=O)n(C)c(=O)n2C,CC(C)n1c(SCc2ccccc2F)nc2c1c(=O)n(C)c(=O)n2C,5.154,0.0,1.0,other,Papyrus,0.0
CC(C=CC1=C(C)CCCC1(C)C)=CC=CC(C)=CC(=O)O,CC(C=CC1=C(C)CCCC1(C)C)=CC=CC(C)=CC(=O)O,6.194,0.0,1.0,other,Papyrus,0.0
CC(C=Nn1c(-c2ccncc2)n[nH]c1=S)=Cc1ccccc1,CC(C=Nn1c(-c2ccncc2)n[nH]c1=S)=Cc1ccccc1,6.367000000000001,0.0,1.0,other,Papyrus,0.0
CC(NC(=O)OCc1ccccc1)C(=O)Oc1cc2oc(=O)cc(-c3ccccc3)c2cc1Cl,CC(NC(=O)OCc1ccccc1)C(=O)Oc1cc2oc(=O)cc(-c3ccccc3)c2cc1Cl,5.872999999999999,0.0,1.0,other,Papyrus,0.0
CC(NC(=O)c1coc(=O)c(Br)c1)c1ccccc1,CC(NC(=O)c1coc(=O)c(Br)c1)c1ccccc1,5.3870000000000005,0.0,1.0,other,Papyrus,0.0
CC(O)(CNC(=O)c1nc(-c2ccc(Cl)cc2Cl)c(C(F)(F)F)cc1N)C(F)(F)F,CC(O)(CNC(=O)c1nc(-c2ccc(Cl)cc2Cl)c(C(F)(F)F)cc1N)C(F)(F)F,6.998269733945246,0.0,6.0,EC50,"BindingDB,ChEMBL",0.06715782945221146
CC(O)(CNC(=O)c1nc(Br)c(C(F)(F)F)cc1N)C(F)(F)F,CC(O)(CNC(=O)c1nc(Br)c(C(F)(F)F)cc1N)C(F)(F)F,7.56,0.0,6.0,EC50,Papyrus,0.33
CC(O)(CNC(=O)c1nc(C(F)(F)F)c(C(F)(F)F)cc1N)C(F)(F)F,CC(O)(CNC(=O)c1nc(C(F)(F)F)c(C(F)(F)F)cc1N)C(F)(F)F,8.05,0.0,1.0,EC50,Papyrus,0.0
CC(O)(CNC(=O)c1ncc(C(F)(F)F)cc1N)C(F)(F)F,CC(O)(CNC(=O)c1ncc(C(F)(F)F)cc1N)C(F)(F)F,6.640164517660112,9.498431535201196e-05,3.0,EC50,"BindingDB,ChEMBL,Papyrus",9.498431535201196e-05
CC(O)(c1cn(-c2ccccc2F)nn1)c1cc(-c2cnc(C(F)(F)F)nc2)c2c(N)ncnn12,CC(O)(c1cn(-c2ccccc2F)nn1)c1cc(-c2cnc(C(F)(F)F)nc2)c2c(N)ncnn12,6.8326826652518236,0.0,6.0,EC50,"BindingDB,ChEMBL",0.856441919931995
CC(O)(c1nnc(-c2ncc(S(=O)(=O)c3ccc(OC(F)(F)F)cc3)cc2N)o1)C(F)(F)F,CC(O)(c1nnc(-c2ncc(S(=O)(=O)c3ccc(OC(F)(F)F)cc3)cc2N)o1)C(F)(F)F,8.744727494896694,0.0,1.0,EC50,ChEMBL,0.0
CC(O)C1CN2CCc3c([nH]c4ccc(-c5ccc6c(c5)OCO6)cc34)C2CC1N(C)C(=O)Nc1ccc(F)cc1,CC(O)C1CN2CCc3c([nH]c4ccc(-c5ccc6c(c5)OCO6)cc34)C2CC1N(C)C(=O)Nc1ccc(F)cc1,5.007,0.0,1.0,other,Papyrus,0.0
CC(O)CNC(=O)c1nc(Br)c(C(F)(F)F)cc1N,CC(O)CNC(=O)c1nc(Br)c(C(F)(F)F)cc1N,7.154901959985743,0.0029433547745708008,3.0,EC50,"BindingDB,ChEMBL,Papyrus",0.0029433547745708008
CC(O)CNC(=O)c1ncc(S(=O)(=O)N2CCC(OC(F)(F)F)CC2)cc1N,CC(O)CNC(=O)c1ncc(S(=O)(=O)N2CCC(OC(F)(F)F)CC2)cc1N,8.301029995663981,0.0,1.0,EC50,ChEMBL,0.0
CC(O)CNC(=O)c1ncc(S(=O)(=O)c2ccc(OC(F)(F)F)cc2)cc1N,CC(O)CNC(=O)c1ncc(S(=O)(=O)c2ccc(OC(F)(F)F)cc2)cc1N,7.855,0.0,2.0,EC50,Papyrus,0.105
CC(c1cc(-c2ccccc2F)no1)c1c(C#N)c(-c2cnc(C(F)(F)F)nc2)c2c(N)ncnn12,CC(c1cc(-c2ccccc2F)no1)c1c(C#N)c(-c2cnc(C(F)(F)F)nc2)c2c(N)ncnn12,8.404834150914855,0.0,8.0,EC50,"BindingDB,ChEMBL",0.38711021084274877
CC(c1cn(-c2ccc(F)cc2F)nn1)c1c(C#N)c(-c2cnc(C(F)(F)F)nc2)c2c(N)ncnn12,CC(c1cn(-c2ccc(F)cc2F)nn1)c1c(C#N)c(-c2cnc(C(F)(F)F)nc2)c2c(N)ncnn12,7.757750429052255,0.0,8.0,EC50,"BindingDB,ChEMBL",0.18770299047218758
CC(c1cn(-c2ccc(F)cc2F)nn1)c1cc(-c2cnc(C(F)(F)F)nc2)c2c(N)ncnn12,CC(c1cn(-c2ccc(F)cc2F)nn1)c1cc(-c2cnc(C(F)(F)F)nc2)c2c(N)ncnn12,7.352656687860279,0.0,8.0,EC50,"BindingDB,ChEMBL",0.8556421269879741
CC(c1cn(-c2ccccc2F)nn1)c1c(C#N)c(-c2cnc(C(F)(F)F)nc2)c2c(N)ncnn12,CC(c1cn(-c2ccccc2F)nn1)c1c(C#N)c(-c2cnc(C(F)(F)F)nc2)c2c(N)ncnn12,7.640268062127847,0.0,8.0,EC50,"BindingDB,ChEMBL",0.3969989176165712
CC(c1cn(-c2ccccc2F)nn1)c1cc(-c2cnc(C(F)(F)F)nc2)c2c(N)ncnn12,CC(c1cn(-c2ccccc2F)nn1)c1cc(-c2cnc(C(F)(F)F)nc2)c2c(N)ncnn12,7.6238374608466675,0.0,8.0,EC50,"BindingDB,ChEMBL",0.7177577646684026
CC(c1cnn(-c2ccccc2F)c1)c1c(C#N)c(-c2cnc(C(F)(F)F)nc2)c2c(N)ncnn12,CC(c1cnn(-c2ccccc2F)c1)c1c(C#N)c(-c2cnc(C(F)(F)F)nc2)c2c(N)ncnn12,8.802774159586892,0.0,8.0,EC50,"BindingDB,ChEMBL",0.6928541708102515
CC/N=C1\S/C(=C\c2ccc3c(c2)OCO3)C(=O)N1CC,CC/N=C1\S/C(=C\c2ccc3c(c2)OCO3)C(=O)N1CC,5.698970004336019,0.0,2.0,EC50,"BindingDB,ChEMBL",0.0
CC1(C(=O)[O-])N[c+]2c3ccccc3ccn2C(C)(O)C1O,CC1(O)C(O)C(C)(N[c+]2n1ccc1ccccc21)C([O-])=O,7.823908740944319,0.0,2.0,IC50,BindingDB,0.0
CC1(C)C=C2Oc3c(Br)cc(Br)cc3C(C3C(=O)CC(C)(C)CC3=O)C2C(=O)C1,CC1(C)C=C2Oc3c(Br)cc(Br)cc3C(C3C(=O)CC(C)(C)CC3=O)C2C(=O)C1,5.207999999999999,0.0,1.0,other,Papyrus,0.0
CC1(C)CC(=O)CC(=NC2C=C3OC(c4ccccc4)OCC3OC2=O)C1,CC1(C)CC(=O)CC(=NC2C=C3OC(c4ccccc4)OCC3OC2=O)C1,5.475,0.0,1.0,other,Papyrus,0.0
CC1(C)CC(CO)CN1c1nc(-n2ccc(OCCC3(C(F)(F)F)CC3)n2)ccc1C(=O)NS(=O)(=O)c1ccccc1,CC1(C)CC(CO)CN1c1nc(-n2ccc(OCCC3(C(F)(F)F)CC3)n2)ccc1C(=O)NS(=O)(=O)c1ccccc1,6.259637310505756,0.0,2.0,EC50,"BindingDB,ChEMBL",0.0
CC1(C)CC(NC(=O)C2(c3ccc4c(c3)OC(F)(F)O4)CC2)c2ccc(F)c(Cl)c2O1,CC1(C)CC(NC(=O)C2(c3ccc4c(c3)OC(F)(F)O4)CC2)c2ccc(F)c(Cl)c2O1,5.64,0.0,1.0,EC50,Papyrus,0.0
CC1(C)CC(NC(=O)C2(c3ccc4c(c3)OC(F)(F)O4)CC2)c2ccc(F)cc2O1,CC1(C)CC(NC(=O)C2(c3ccc4c(c3)OC(F)(F)O4)CC2)c2ccc(F)cc2O1,5.57,0.0,1.0,EC50,Papyrus,0.0
CC1(C)CC2CCCCCc3ccc(nc3)S(=O)(=O)NC(=O)c3ccc(-n4ccc(OCCC5(C(F)(F)F)CC5)n4)nc3N1C2,CC1(C)CC2CN1c1nc(ccc1C(=O)NS(=O)(=O)c1ccc(CCCCC2)cn1)-n1ccc(OCCC2(CC2)C(F)(F)F)n1,5.698970004336019,0.0,1.0,EC50,BindingDB,0.0
CC1(C)CC2CCCCn3ccc(n3)S(=O)(=O)NC(=O)c3ccc(-n4ccc(OCCC5(C(F)(F)F)CC5)n4)nc3N1C2,CC1(C)CC2CN1c1nc(ccc1C(=O)NS(=O)(=O)c1ccn(CCCC2)n1)-n1ccc(OCCC2(CC2)C(F)(F)F)n1,5.698970004336019,0.0,1.0,EC50,BindingDB,0.0
CC1(C)CC2CCCCn3ccc(n3)S(=O)(=O)NC(=O)c3ccc(-n4ccc(OCCCC5(C(F)(F)F)CC5)n4)nc3N1C2,CC1(C)CC2CN1c1nc(ccc1C(=O)NS(=O)(=O)c1ccn(CCCC2)n1)-n1ccc(OCCCC2(CC2)C(F)(F)F)n1,5.698970004336019,0.0,1.0,EC50,BindingDB,0.0
CC1(C)CC2CN1c1nc(-n3ccc(OCCC4(C(F)(F)F)CC4)n3)ccc1C(=O)NS(=O)(=O)c1ccn(n1)CCO2,CC1(C)CC2CN1c1nc(ccc1C(=O)NS(=O)(=O)c1ccn(CCO2)n1)-n1ccc(OCCC2(CC2)C(F)(F)F)n1,5.698970004336019,0.0,1.0,EC50,BindingDB,0.0
CC1(C)CC2CNc3cccc(n3)S(=O)(=O)NC(=O)c3ccc(-n4ccc(OCCC5(C(F)(F)F)CC5)n4)nc3N1C2,CC1(C)CC2CN1c1nc(ccc1C(=O)NS(=O)(=O)c1cccc(NC2)n1)-n1ccc(OCCC2(CC2)C(F)(F)F)n1,5.698970004336019,0.0,1.0,EC50,BindingDB,0.0
CC1(C)CCn2c1cc1cc(NC(=O)C3(c4ccc5c(c4)OC(F)(F)O5)CC3)c(F)cc12,CC1(C)CCn2c1cc1cc(NC(=O)C3(c4ccc5c(c4)OC(F)(F)O5)CC3)c(F)cc12,6.641589474296838,0.001081477051694729,4.0,EC50,"BindingDB,ChEMBL,Papyrus",0.001081477051694729
CC1(C)CN(c2nc(-n3ccc(OCC4(C(F)(F)F)CC4)n3)ccc2C(=O)NS(=O)(=O)c2ccccc2)C(C)(C)C1,CC1(C)CN(c2nc(-n3ccc(OCC4(C(F)(F)F)CC4)n3)ccc2C(=O)NS(=O)(=O)c2ccccc2)C(C)(C)C1,6.259637310505756,0.0,2.0,EC50,"BindingDB,ChEMBL",0.0
CC1(C)C[C@@H](NC(=O)C2(c3ccc4c(c3)OC(F)(F)O4)CC2)c2ccc(F)c(Cl)c2O1,CC1(C)C[C@@H](NC(=O)C2(c3ccc4c(c3)OC(F)(F)O4)CC2)c2ccc(F)c(Cl)c2O1,5.638272163982407,0.0,1.0,EC50,ChEMBL,0.0
CC1(C)C[C@@H](NC(=O)C2(c3ccc4c(c3)OC(F)(F)O4)CC2)c2ccc(F)cc2O1,CC1(C)C[C@@H](NC(=O)C2(c3ccc4c(c3)OC(F)(F)O4)CC2)c2ccc(F)cc2O1,5.568636235841013,0.0,1.0,EC50,ChEMBL,0.0
CC1(C)C[C@@H]2CCCNc3cccc(n3)S(=O)(=O)NC(=O)c3ccc(-n4ccc(OC[C@@H](O)C5C6(CC6)C56CC6)n4)nc3N1C2,CC1(C)C[C@H]2CN1c1nc(ccc1C(=O)NS(=O)(=O)c1cccc(NCCC2)n1)-n1ccc(OC[C@@H](O)C2C3(CC3)C22CC2)n1 |r|,5.698970004336019,0.0,1.0,EC50,BindingDB,0.0
CC1(C)C[C@@H]2CN1c1nc(-n3ccc(OCCC(C4CC4)C4CC4)n3)ccc1C(=O)NS(=O)(=O)c1cccc(n1)NCCO2,CC1(C)C[C@@H]2CN1c1nc(ccc1C(=O)NS(=O)(=O)c1cccc(NCCO2)n1)-n1ccc(OCCC(C2CC2)C2CC2)n1 |r|,5.698970004336019,0.0,1.0,EC50,BindingDB,0.0
CC1(C)C[C@@H]2CN1c1nc(-n3ccc(OCCC4(C(F)(F)F)CC4)n3)ccc1C(=O)NS(=O)(=O)c1cccc(n1)NCCO2,CC1(C)C[C@@H]2CN1c1nc(ccc1C(=O)NS(=O)(=O)c1cccc(NCCO2)n1)-n1ccc(OCCC2(CC2)C(F)(F)F)n1 |r|,5.698970004336019,0.0,1.0,EC50,BindingDB,0.0
CC1(C)C[C@@H]2CN1c1nc(-n3ccc(OCCC4C5(CC5)C45CC5)n3)ccc1C(=O)NS(=O)(=O)c1cccc(n1)NCCO2,CC1(C)C[C@@H]2CN1c1nc(ccc1C(=O)NS(=O)(=O)c1cccc(NCCO2)n1)-n1ccc(OCCC2C3(CC3)C22CC2)n1 |r|,5.698970004336019,0.0,1.0,EC50,BindingDB,0.0
CC1(C)C[C@H]2CCCCc3ccc(cc3)S(=O)(=O)NC(=O)c3ccc(-n4ccc(OCCC5(C(F)(F)F)CC5)n4)nc3N1C2,CC1(C)C[C@@H]2CN1c1nc(ccc1C(=O)NS(=O)(=O)c1ccc(CCCC2)cc1)-n1ccc(OCCC2(CC2)C(F)(F)F)n1 |r|,5.698970004336019,0.0,1.0,EC50,BindingDB,0.0
CC1(C)C[C@H]2CCCNc3cccc(n3)S(=O)(=O)NC(=O)c3ccc(-n4ccc(OCCC5(C(F)(F)F)CC5)n4)nc3N1C2,CC1(C)C[C@@H]2CN1c1nc(ccc1C(=O)NS(=O)(=O)c1cccc(NCCC2)n1)-n1ccc(OCCC2(CC2)C(F)(F)F)n1 |r|,5.698970004336019,0.0,1.0,EC50,BindingDB,0.0
CC1(C)C[C@H]2CCCn3cc(cn3)S(=O)(=O)NC(=O)c3ccc(-n4ccc(OCCC5(C(F)(F)F)CC5)n4)nc3N1C2,CC1(C)C[C@@H]2CN1c1nc(ccc1C(=O)NS(=O)(=O)c1cnn(CCC2)c1)-n1ccc(OCCC2(CC2)C(F)(F)F)n1 |r|,5.698970004336019,0.0,1.0,EC50,BindingDB,0.0
CC1(C)C[C@H]2CCCn3ccc(n3)S(=O)(=O)NC(=O)c3ccc(N4CC[C@H](CCCC5(C(F)(F)F)CC5)C4=O)nc3N1C2,CC1(C)C[C@@H]2CN1c1nc(ccc1C(=O)NS(=O)(=O)c1ccn(CCC2)n1)N1CC[C@H](CCCC2(CC2)C(F)(F)F)C1=O |r|,5.698970004336019,0.0,1.0,EC50,BindingDB,0.0
CC1(C)Cc2c(ccc3ccccc23)C(=O)N1,CC1(C)Cc2c(ccc3ccccc23)C(=O)N1,5.485,0.0,1.0,other,Papyrus,0.0
CC1(C)Cc2c(sc(NC(=O)C(C)(C)CO)c2C(N)=O)C(C)(C)O1,CC1(C)Cc2c(sc(NC(=O)C(C)(C)CO)c2C(N)=O)C(C)(C)O1,7.1224693683041504,0.0034922141462233516,2.0,EC50,"ChEMBL,Papyrus",0.0034922141462233516
CC1(C)Cc2c(sc(NC(=O)C(C)(C)O)c2C(N)=O)C(C)(C)O1,CC1(C)Cc2c(sc(NC(=O)C(C)(C)O)c2C(N)=O)C(C)(C)O1,7.797940008672038,0.0029132676743751002,2.0,EC50,"ChEMBL,Papyrus",0.0029132676743751002
CC1(C)Cc2c(sc(NC(=O)C3(CO)CC3)c2C(N)=O)C(C)(C)O1,CC1(C)Cc2c(sc(NC(=O)C3(CO)CC3)c2C(N)=O)C(C)(C)O1,6.85,0.0,2.0,EC50,Papyrus,0.97
CC1(C)Cc2c(sc(NC(=O)C3(O)CC3)c2C(N)=O)C(C)(C)O1,CC1(C)Cc2c(sc(NC(=O)C3(O)CC3)c2C(N)=O)C(C)(C)O1,7.639136081991204,0.0012217645648178736,2.0,EC50,"ChEMBL,Papyrus",0.0012217645648178736
CC1(C)Cc2c(sc(NC(=O)C3CCNC3=O)c2C(N)=O)C(C)(C)O1,CC1(C)Cc2c(sc(NC(=O)C3CCNC3=O)c2C(N)=O)C(C)(C)O1,6.997839313108679,0.003055672705747741,2.0,EC50,"ChEMBL,Papyrus",0.003055672705747741
CC1(C)Cc2c(sc(NC(=O)Cc3cc[nH]n3)c2C(N)=O)C(C)(C)O1,CC1(C)Cc2c(sc(NC(=O)Cc3cc[nH]n3)c2C(N)=O)C(C)(C)O1,6.87,0.0,1.0,EC50,Papyrus,0.0
CC1(C)Cc2c(sc(NC(=O)Cc3ccn[nH]3)c2C(N)=O)C(C)(C)O1,CC1(C)Cc2c(sc(NC(=O)Cc3ccn[nH]3)c2C(N)=O)C(C)(C)O1,6.866461091629782,0.0,1.0,EC50,ChEMBL,0.0
CC1(C)Cc2c(sc(NC(=O)c3[nH]ncc3Cl)c2C(N)=O)C(C)(C)O1,CC1(C)Cc2c(sc(NC(=O)c3[nH]ncc3Cl)c2C(N)=O)C(C)(C)O1,7.895,0.0,2.0,EC50,Papyrus,0.805
CC1(C)Cc2c(sc(NC(=O)c3cc(C(F)(F)F)[nH]n3)c2C(N)=O)C(C)(C)O1,CC1(C)Cc2c(sc(NC(=O)c3cc(C(F)(F)F)[nH]n3)c2C(N)=O)C(C)(C)O1,7.705,0.0,2.0,EC50,Papyrus,0.815
CC1(C)Cc2c(sc(NC(=O)c3cc[nH]n3)c2C(N)=O)C(C)(C)O1,CC1(C)Cc2c(sc(NC(=O)c3cc[nH]n3)c2C(N)=O)C(C)(C)O1,6.74,0.0,3.0,EC50,Papyrus,0.909
CC1(C)Cc2c(sc(NC(=O)c3ccc[nH]c3=O)c2C(N)=O)C(C)(C)O1,CC1(C)Cc2c(sc(NC(=O)c3ccc[nH]c3=O)c2C(N)=O)C(C)(C)O1,6.72,0.0,1.0,EC50,Papyrus,0.0
CC1(C)Cc2c(sc(NC(=O)c3ccccc3NS(C)(=O)=O)c2C(N)=O)C(C)(C)O1,CC1(C)Cc2c(sc(NC(=O)c3ccccc3NS(C)(=O)=O)c2C(N)=O)C(C)(C)O1,6.831341332625912,0.0018969307912178996,2.0,EC50,"ChEMBL,Papyrus",0.0018969307912178996
CC1(C)Cc2c(sc(NC(=O)c3ccccc3O)c2C(N)=O)C(C)(C)O1,CC1(C)Cc2c(sc(NC(=O)c3ccccc3O)c2C(N)=O)C(C)(C)O1,7.709454370472159,0.16186292299460228,5.0,EC50,"ChEMBL,Papyrus",0.8145948079047147
CC1(C)Cc2c(sc(NC(=O)c3ccccc3O)c2C(N)=O)CO1,CC1(C)Cc2c(sc(NC(=O)c3ccccc3O)c2C(N)=O)CO1,7.1,0.0,2.0,EC50,Papyrus,0.79
CC1(C)Cc2c(sc(NC(=O)c3cccnc3O)c2C(N)=O)C(C)(C)O1,CC1(C)Cc2c(sc(NC(=O)c3cccnc3O)c2C(N)=O)C(C)(C)O1,6.721246399047171,0.0,1.0,EC50,ChEMBL,0.0
CC1(C)Cc2c(sc(NC(=O)c3ccn[nH]3)c2C(N)=O)C(C)(C)O1,CC1(C)Cc2c(sc(NC(=O)c3ccn[nH]3)c2C(N)=O)C(C)(C)O1,6.7423214251308154,0.0,5.0,EC50,ChEMBL,0.8553962168450946
CC1(C)Cc2c(sc(NC(=O)c3cn[nH]c3)c2C(N)=O)C(C)(C)O1,CC1(C)Cc2c(sc(NC(=O)c3cn[nH]c3)c2C(N)=O)C(C)(C)O1,6.901544993495972,0.0021849507557814038,2.0,EC50,"ChEMBL,Papyrus",0.0021849507557814038
CC1(C)Cc2c(sc(NC(=O)c3nc[nH]n3)c2C(N)=O)C(C)(C)O1,CC1(C)Cc2c(sc(NC(=O)c3nc[nH]n3)c2C(N)=O)C(C)(C)O1,6.33,0.0,1.0,EC50,Papyrus,0.0
CC1(C)Cc2c(sc(NC(=O)c3nnc[nH]3)c2C(N)=O)C(C)(C)O1,CC1(C)Cc2c(sc(NC(=O)c3nnc[nH]3)c2C(N)=O)C(C)(C)O1,6.330683119433888,0.0,1.0,EC50,ChEMBL,0.0
CC1(Cc2ccc(Cl)cc2)C(=O)Nc2ccc(-c3cccnc3)cc21,CC1(Cc2ccc(Cl)cc2)C(=O)Nc2ccc(-c3cccnc3)cc21,5.893,0.0,1.0,other,Papyrus,0.0
CC1(Cc2ccc(F)cc2)C(=O)Nc2ccc(-c3cccnc3)cc21,CC1(Cc2ccc(F)cc2)C(=O)Nc2ccc(-c3cccnc3)cc21,5.595,0.0,1.0,other,Papyrus,0.0
CC1(Cc2cccc(F)c2)C(=O)Nc2ccc(-c3cccnc3)cc21,CC1(Cc2cccc(F)c2)C(=O)Nc2ccc(-c3cccnc3)cc21,5.801,0.0,1.0,other,Papyrus,0.0
CC1(O)CC(c2ccc(Cl)cc2)=NN1C(=O)c1ccc(Cl)cc1,CC1(O)CC(c2ccc(Cl)cc2)=NN1C(=O)c1ccc(Cl)cc1,5.26,0.0,1.0,other,Papyrus,0.0
CC1(c2nn(-c3ccccc3)c3nc(C(=O)O)cc(-c4ccc(N5CCOCC5)cc4)c23)CCC1,CC1(c2nn(-c3ccccc3)c3nc(C(=O)O)cc(-c4ccc(N5CCOCC5)cc4)c23)CCC1,6.488116639021126,0.0,2.0,EC50,"BindingDB,ChEMBL",0.0
CC1(c2nn(-c3ccccc3)c3nc(C(=O)O)cc(-c4ccc(N5CCOCC5)cc4)c23)COC1,CC1(c2nn(-c3ccccc3)c3nc(C(=O)O)cc(-c4ccc(N5CCOCC5)cc4)c23)COC1,5.7920964696139485,0.0,2.0,EC50,"BindingDB,ChEMBL",0.0
CC12CCC(O)CC1CCC1C2CCC2(C)C(c3cc(C(F)(F)F)[nH]n3)CCC12,CC12CCC(O)CC1CCC1C2CCC2(C)C(c3cc(C(F)(F)F)[nH]n3)CCC12,5.7170000000000005,0.0,1.0,other,Papyrus,0.0
CC1=NC(=O)NC(c2ccc(O)c([N+](=O)[O-])c2)C1C(=O)OCc1ccc2c(c1)OCO2,CC1=NC(=O)NC(c2ccc(O)c([N+](=O)[O-])c2)C1C(=O)OCc1ccc2c(c1)OCO2,5.767,0.0,1.0,other,Papyrus,0.0
CC1=NC(=O)NC(c2cccc([N+](=O)[O-])c2)C1C(=O)OCc1ccc2c(c1)OCO2,CC1=NC(=O)NC(c2cccc([N+](=O)[O-])c2)C1C(=O)OCc1ccc2c(c1)OCO2,5.567,0.0,1.0,other,Papyrus,0.0
CC1=Nc2c(c(O)c3c4ccc(c3c2O)CC4)NC1C,CC1=Nc2c(c(O)c3c4ccc(c3c2O)CC4)NC1C,5.246,0.0,1.0,other,Papyrus,0.0
CC1C(=NC(=O)c2cc(-c3cccs3)nc3ccccc23)C(=O)N(c2ccccc2)N1C,CC1C(=NC(=O)c2cc(-c3cccs3)nc3ccccc23)C(=O)N(c2ccccc2)N1C,5.388999999999999,0.0,1.0,other,Papyrus,0.0
CC1C(c2ccccc2)OCCN1C(=S)Nc1ccc(S(=O)(=O)N2CCCCC2)cc1,CC1C(c2ccccc2)OCCN1C(=S)Nc1ccc(S(=O)(=O)N2CCCCC2)cc1,5.021,0.0,1.0,other,Papyrus,0.0
CC1CC(C)C(=O)C(C(O)CC2CC(=O)NC(=O)C2)C1,CC1CC(C)C(=O)C(C(O)CC2CC(=O)NC(=O)C2)C1,6.385,0.0,2.0,other,Papyrus,0.048
CC1CC=CC2C1C(=O)N(Cc1ccccc1)C2c1ccc2ccccc2c1Br,CC1CC=CC2C1C(=O)N(Cc1ccccc1)C2c1ccc2ccccc2c1Br,5.297999999999999,0.0,1.0,other,Papyrus,0.0
CC1CCCCN1c1ncnc(N)c1[N+](=O)[O-],CC1CCCCN1c1ncnc(N)c1[N+](=O)[O-],5.437,0.0,1.0,other,Papyrus,0.0
CC1CCN(CC(CS(=O)(=O)c2ccc([N+](=O)[O-])cc2)N2CCC(C)CC2)CC1,CC1CCN(CC(CS(=O)(=O)c2ccc([N+](=O)[O-])cc2)N2CCC(C)CC2)CC1,5.613,0.0,1.0,other,Papyrus,0.0
CC1CCc2c(sc3ncnc(N4CCOCC4)c23)C1,CC1CCc2c(sc3ncnc(N4CCOCC4)c23)C1,5.3870000000000005,0.0,1.0,other,Papyrus,0.0
CC1CCc2sc3ncnc(N4CCOCC4)c3c2C1,CC1CCc2sc3ncnc(N4CCOCC4)c3c2C1,5.229,0.0,1.0,other,Papyrus,0.0
CC1CN(C(C)CO)C(=O)c2cc(NC(=O)Nc3ccc(C(F)(F)F)cc3)ccc2OC1CN(C)S(=O)(=O)c1ccccc1,CC1CN(C(C)CO)C(=O)c2cc(NC(=O)Nc3ccc(C(F)(F)F)cc3)ccc2OC1CN(C)S(=O)(=O)c1ccccc1,5.0360000000000005,0.0,1.0,other,Papyrus,0.0
CC1CN(C(C)CO)C(=O)c2cc(NC(=O)Nc3ccc(C(F)(F)F)cc3)ccc2OC1CN(C)S(=O)(=O)c1cccs1,CC1CN(C(C)CO)C(=O)c2cc(NC(=O)Nc3ccc(C(F)(F)F)cc3)ccc2OC1CN(C)S(=O)(=O)c1cccs1,5.267,0.0,1.0,other,Papyrus,0.0
CC1CN(C(C)CO)C(=O)c2cccc(NC(=O)Nc3ccc(C(F)(F)F)cc3)c2OC1CN(C)C(=O)Nc1ccc2c(c1)OCO2,CC1CN(C(C)CO)C(=O)c2cccc(NC(=O)Nc3ccc(C(F)(F)F)cc3)c2OC1CN(C)C(=O)Nc1ccc2c(c1)OCO2,5.516,0.0,1.0,other,Papyrus,0.0
CC1CN(c2nc(-n3ccc(OCCC4(C(F)(F)F)CC4)n3)ccc2C(=O)NS(=O)(=O)c2ccccc2)C(C)(C)C1,CC1CN(c2nc(-n3ccc(OCCC4(C(F)(F)F)CC4)n3)ccc2C(=O)NS(=O)(=O)c2ccccc2)C(C)(C)C1,7.52,0.0,1.0,other,Papyrus,0.0
CC1Cc2c(sc(NC(=O)c3ccccc3O)c2C(N)=O)C(C)O1,CC1Cc2c(sc(NC(=O)c3ccccc3O)c2C(N)=O)C(C)O1,7.515,0.0,2.0,EC50,Papyrus,0.885
CC1Cc2ccccc2N1c1ncnc2[nH]cnc12,CC1Cc2ccccc2N1c1ncnc2[nH]cnc12,5.609,0.0,1.0,other,Papyrus,0.0
CC1Cn2c(S)nc3cc(Cl)cc(c32)CN1CCC1CC1,CC1Cn2c(S)nc3cc(Cl)cc(CN1CCC1CC1)c23,7.045757490560675,0.0,1.0,EC50,BindingDB,0.0
CC1Cn2cnc(C(=O)Nc3cccc(Cl)c3)c2C(=O)N1,CC1Cn2cnc(C(=O)Nc3cccc(Cl)c3)c2C(=O)N1,5.646,0.0,1.0,other,Papyrus,0.0
CC1Sc2ccc(Cl)cc2-c2nc(N)ncc21,CC1Sc2ccc(Cl)cc2-c2nc(N)ncc21,5.156000000000001,0.0,1.0,other,Papyrus,0.0
CC=Cc1cc(-c2sc(NC(=O)C(C)(C)C)nc2C)nn1C(=O)Nc1ccc(OC)cc1,CC=Cc1cc(-c2sc(NC(=O)C(C)(C)C)nc2C)nn1C(=O)Nc1ccc(OC)cc1,6.03,0.0,1.0,EC50,Papyrus,0.0
CC=Cc1cc(-c2sc(NC(=O)C(C)(C)C)nc2C)nn1C(=O)Nc1ccccc1,CC=Cc1cc(-c2sc(NC(=O)C(C)(C)C)nc2C)nn1C(=O)Nc1ccccc1,5.52,0.0,1.0,EC50,Papyrus,0.0
CCC(=NCCc1c(C)[nH]c2ccc(C)cc12)C1C(=O)CC(c2ccccc2)CC1=O,CCC(=NCCc1c(C)[nH]c2ccc(C)cc12)C1C(=O)CC(c2ccccc2)CC1=O,5.103,0.0,1.0,other,Papyrus,0.0
CCC(=O)Nc1nc(C)c(-c2csc(Nc3cccc(O)c3)n2)s1,CCC(=O)Nc1nc(C)c(-c2csc(Nc3cccc(O)c3)n2)s1,5.513999999999999,0.0,1.0,other,Papyrus,0.0
CCC(=O)c1ccc(O)c(CC=C(C)C)c1,CCC(=O)c1ccc(O)c(CC=C(C)C)c1,5.278,0.0,1.0,other,Papyrus,0.0
CCC(C(=O)O)C1CCC(C)C(C(C)C(O)C(C)C(=O)C(CC)C2OC3(C=CC(O)C4(CCC(C)(C5CCC(O)(CC)C(C)O5)O4)O3)C(C)CC2C)O1,CCC(C(=O)O)C1CCC(C)C(C(C)C(O)C(C)C(=O)C(CC)C2OC3(C=CC(O)C4(CCC(C)(C5CCC(O)(CC)C(C)O5)O4)O3)C(C)CC2C)O1,6.399,0.0,1.0,other,Papyrus,0.0
CCC(C)C(=O)Nc1nc2c(s1)-c1nc(Nc3cc(Cl)ccc3OC)sc1CCC2,CCC(C)C(=O)Nc1nc2c(s1)-c1nc(Nc3cc(Cl)ccc3OC)sc1CCC2,5.180456064458132,0.0002633089376701769,3.0,IC50,"BindingDB,ChEMBL,Papyrus",0.0002633089376701769
CCC(C)C(=O)Nc1nc2c(s1)-c1nc(Nc3cc(Cl)ccc3OC)sc1CCCC2,CCC(C)C(=O)Nc1nc2c(s1)-c1nc(Nc3cc(Cl)ccc3OC)sc1CCCC2,5.5376020021010435,0.0013844847324787917,3.0,IC50,"BindingDB,ChEMBL,Papyrus",0.0013844847324787917
CCC(C)Oc1cc(-c2ccnc(Nc3cccc(Cl)c3)n2)ccn1,CCC(C)Oc1cc(-c2ccnc(Nc3cccc(Cl)c3)n2)ccn1,5.484,0.0,1.0,other,Papyrus,0.0
CCC(CO)Nc1nc(Nc2cccc(Cl)c2)c2ncn(C(C)C)c2n1,CCC(CO)Nc1nc(Nc2cccc(Cl)c2)c2ncn(C(C)C)c2n1,5.452000000000001,0.0,1.0,other,Papyrus,0.0
CCC(Oc1ccccc1)C(=O)Nc1ncc([N+](=O)[O-])s1,CCC(Oc1ccccc1)C(=O)Nc1ncc([N+](=O)[O-])s1,5.043,0.0,1.0,other,Papyrus,0.0
CCC(c1cn(-c2cc(F)ccc2F)nn1)c1c(C#N)c(-c2cnc(C(F)(F)F)nc2)c2c(N)ncnn12,CCC(c1cn(-c2cc(F)ccc2F)nn1)c1c(C#N)c(-c2cnc(C(F)(F)F)nc2)c2c(N)ncnn12,7.825264100392808,0.0,4.0,EC50,"BindingDB,ChEMBL",0.08597364488337149
CCC(c1cn(-c2cc(F)ccc2F)nn1)c1cc(-c2cnc(C(F)(F)F)nc2)c2c(N)ncnn12,CCC(c1cn(-c2cc(F)ccc2F)nn1)c1cc(-c2cnc(C(F)(F)F)nc2)c2c(N)ncnn12,7.4435099221634,0.0,8.0,EC50,"BindingDB,ChEMBL",0.632870466926167
CCC(c1cn(-c2ccc(F)c(F)c2)nn1)c1c(C#N)c(-c2cnc(C(F)(F)F)nc2)c2c(N)ncnn12,CCC(c1cn(-c2ccc(F)c(F)c2)nn1)c1c(C#N)c(-c2cnc(C(F)(F)F)nc2)c2c(N)ncnn12,7.465892221959914,0.0,4.0,EC50,"BindingDB,ChEMBL",0.11425351890626907
CCC(c1cn(-c2ccc(F)c(F)c2)nn1)c1cc(-c2cnc(C(F)(F)F)nc2)c2c(N)ncnn12,CCC(c1cn(-c2ccc(F)c(F)c2)nn1)c1cc(-c2cnc(C(F)(F)F)nc2)c2c(N)ncnn12,7.140367511289627,0.0,8.0,EC50,"BindingDB,ChEMBL",0.6556235104591878
CCC(c1cn(-c2ccc(F)cc2F)nn1)c1c(C#N)c(-c2cnc(C(F)(F)F)nc2)c2c(N)ncnn12,CCC(c1cn(-c2ccc(F)cc2F)nn1)c1c(C#N)c(-c2cnc(C(F)(F)F)nc2)c2c(N)ncnn12,7.868087317239392,0.0,8.0,EC50,"BindingDB,ChEMBL",0.5047605519156498
CCC(c1cn(-c2ccccc2F)nn1)c1c(C#N)c(-c2cnc(C(F)(F)F)nc2)c2c(N)ncnn12,CCC(c1cn(-c2ccccc2F)nn1)c1c(C#N)c(-c2cnc(C(F)(F)F)nc2)c2c(N)ncnn12,8.104577453960593,0.0,10.0,EC50,"BindingDB,ChEMBL",0.524238663351367
CCC(c1cn(-c2ccccc2F)nn1)c1cc(-c2cnc(C(F)(F)F)nc2)c2c(N)ncnn12,CCC(c1cn(-c2ccccc2F)nn1)c1cc(-c2cnc(C(F)(F)F)nc2)c2c(N)ncnn12,8.270742262981878,0.0,12.0,EC50,"BindingDB,ChEMBL",0.6886333502432861
CCC(c1cn(-c2ccccc2F)nn1)c1cc(-c2cncnc2OC)c2c(N)ncnn12,CCC(c1cn(-c2ccccc2F)nn1)c1cc(-c2cncnc2OC)c2c(N)ncnn12,7.765531097167269,0.0,4.0,EC50,"BindingDB,ChEMBL",0.04291985451741738
CCC(c1cn(-c2ccccc2F)nn1)n1nc(-c2cnc(C(F)(F)F)nc2)c2c(N)ncnc21,CCC(c1cn(-c2ccccc2F)nn1)n1nc(-c2cnc(C(F)(F)F)nc2)c2c(N)ncnc21,7.110555537921162,0.0,8.0,EC50,"BindingDB,ChEMBL",0.4672812466198297
CCC(c1cnn(-c2ccc(F)cc2F)c1)c1c(C#N)c(-c2cnc(C(F)(F)F)nc2)c2c(N)ncnn12,CCC(c1cnn(-c2ccc(F)cc2F)c1)c1c(C#N)c(-c2cnc(C(F)(F)F)nc2)c2c(N)ncnn12,8.887345359137068,0.0,8.0,EC50,"BindingDB,ChEMBL",0.6975294889602737
CCC(c1cnn(-c2ccccc2F)c1)c1c(C#N)c(-c2cnc(C(F)(F)F)nc2)c2c(N)ncnn12,CCC(c1cnn(-c2ccccc2F)c1)c1c(C#N)c(-c2cnc(C(F)(F)F)nc2)c2c(N)ncnn12,8.975390988664909,0.0,8.0,EC50,"BindingDB,ChEMBL",0.6598002697016896
CCC(c1cnn(-c2ccccc2F)c1)n1nc(-c2cnc(C(F)(F)F)nc2)c2c(N)ncnc21,CCC(c1cnn(-c2ccccc2F)c1)n1nc(-c2cnc(C(F)(F)F)nc2)c2c(N)ncnc21,7.915515676722617,0.0,8.0,EC50,"BindingDB,ChEMBL",0.7742119901758286
CCC(c1cnn(C(C)C)c1)c1c(C#N)c(-c2cnc(C(F)(F)F)nc2)c2c(N)ncnn12,CCC(c1cnn(C(C)C)c1)c1c(C#N)c(-c2cnc(C(F)(F)F)nc2)c2c(N)ncnn12,7.738074761506925,0.0,8.0,EC50,"BindingDB,ChEMBL",0.6532652769616206
CCC1(O)C(=O)OCc2c1cc1c3nc4ccc(O)cc4cc3cn1c2O,CCC1(O)C(=O)OCc2c1cc1c3nc4ccc(O)cc4cc3cn1c2O,6.547000000000001,0.0,1.0,other,Papyrus,0.0
CCC1=C(CC2NCCc3ccccc32)CC2c3cc(OC)c(OC)cc3CCN2C1,CCC1=C(CC2NCCc3ccccc32)CC2c3cc(OC)c(OC)cc3CCN2C1,5.363,0.0,1.0,other,Papyrus,0.0
CCCC1C(=NO)CC(c2ccccc2)NC1c1ccccc1,CCCC1C(=NO)CC(c2ccccc2)NC1c1ccccc1,5.257999999999999,0.0,1.0,other,Papyrus,0.0
CCCCCCC(=O)Nc1nc(C)c(-c2csc(Nc3cc(OC)ccc3OC)n2)s1,CCCCCCC(=O)Nc1nc(C)c(-c2csc(Nc3cc(OC)ccc3OC)n2)s1,5.958607314841775,0.0008040671509977246,3.0,Kd,"BindingDB,ChEMBL,Papyrus",0.0008040671509977246
CCCCCCCCCCCCCCC(O)C[N+](C)(CCO)CCO,CCCCCCCCCCCCCCC(O)C[N+](C)(CCO)CCO,5.336,0.0,1.0,other,Papyrus,0.0
CCCCCCCCCc1nc2sc3c(c2c(=O)n1NC(=O)c1ccc([N+](=O)[O-])cc1)CC(C)(C)OC3,CCCCCCCCCc1nc2sc3c(c2c(=O)n1NC(=O)c1ccc([N+](=O)[O-])cc1)CC(C)(C)OC3,5.257999999999999,0.0,1.0,other,Papyrus,0.0
CCCCCCCc1ccc(NC(=O)C2Cc3ccccc3CN2C(=O)c2cccc(Oc3ccccc3)c2)cc1,CCCCCCCc1ccc(NC(=O)C2Cc3ccccc3CN2C(=O)c2cccc(Oc3ccccc3)c2)cc1,6.64,0.0,1.0,EC50,Papyrus,0.0
CCCCCCCc1ccc(NC(=O)[C@H]2Cc3ccccc3CN2C(=O)c2cccc(Oc3ccccc3)c2)cc1,CCCCCCCc1ccc(NC(=O)[C@H]2Cc3ccccc3CN2C(=O)c2cccc(Oc3ccccc3)c2)cc1,6.638272163982407,0.0,2.0,EC50,"BindingDB,ChEMBL",0.0
CCCCCCc1cc2cc(C(=O)OCC)c(=O)oc2cc1O,CCCCCCc1cc2cc(C(=O)OCC)c(=O)oc2cc1O,5.141,0.0,1.0,other,Papyrus,0.0
CCCCCCc1cc2cc(S(=O)(=O)c3ccc(F)cc3)c(=O)oc2cc1O,CCCCCCc1cc2cc(S(=O)(=O)c3ccc(F)cc3)c(=O)oc2cc1O,5.349,0.0,1.0,other,Papyrus,0.0
CCCCCCc1ccc(NC(=O)C2Cc3ccccc3CN2C(=O)c2cccc(Oc3ccccc3)c2)cc1,CCCCCCc1ccc(NC(=O)C2Cc3ccccc3CN2C(=O)c2cccc(Oc3ccccc3)c2)cc1,7.0,0.0,1.0,EC50,Papyrus,0.0
CCCCCCc1ccc(NC(=O)[C@H]2Cc3ccccc3CN2C(=O)c2cccc(Oc3ccccc3)c2)cc1,CCCCCCc1ccc(NC(=O)[C@H]2Cc3ccccc3CN2C(=O)c2cccc(Oc3ccccc3)c2)cc1,7.0,0.0,2.0,EC50,"BindingDB,ChEMBL",0.0
CCCCCN(C(C)=O)c1ccc(NC(=O)C2Cc3ccccc3CN2C(=O)c2cccc(Oc3ccccc3)c2)cc1,CCCCCN(C(C)=O)c1ccc(NC(=O)C2Cc3ccccc3CN2C(=O)c2cccc(Oc3ccccc3)c2)cc1,7.15,0.0,1.0,EC50,Papyrus,0.0
CCCCCN(C(C)=O)c1ccc(NC(=O)[C@H]2Cc3ccccc3CN2C(=O)c2cccc(Oc3ccccc3)c2)cc1,CCCCCN(C(C)=O)c1ccc(NC(=O)[C@H]2Cc3ccccc3CN2C(=O)c2cccc(Oc3ccccc3)c2)cc1,7.1487416512809245,0.0,2.0,EC50,"BindingDB,ChEMBL",0.0
CCCCCc1cc(O)c2c(C)cc(=O)oc2c1,CCCCCc1cc(O)c2c(C)cc(=O)oc2c1,5.316,0.0,1.0,other,Papyrus,0.0
CCCCCc1ccc(C(=O)c2sc(NC(=O)C3(c4ccc5c(c4)OCO5)CC3)nc2-c2ccccc2)cc1,CCCCCc1ccc(C(=O)c2sc(NC(=O)C3(c4ccc5c(c4)OCO5)CC3)nc2-c2ccccc2)cc1,6.366531544420414,0.0020025137625464765,3.0,EC50,"BindingDB,ChEMBL,Papyrus",0.0020025137625464765
CCCCCc1ccc(NC(=O)C2Cc3ccccc3CN2C(=O)c2cc(Cl)ccn2)cc1,CCCCCc1ccc(NC(=O)C2Cc3ccccc3CN2C(=O)c2cc(Cl)ccn2)cc1,7.101,0.0,2.0,EC50,Papyrus,0.001
CCCCCc1ccc(NC(=O)C2Cc3ccccc3CN2C(=O)c2cc(OC(C)C)ccn2)cc1,CCCCCc1ccc(NC(=O)C2Cc3ccccc3CN2C(=O)c2cc(OC(C)C)ccn2)cc1,8.221,0.0,2.0,EC50,Papyrus,0.001
CCCCCc1ccc(NC(=O)C2Cc3ccccc3CN2C(=O)c2cc(OC3CCCCC3)ccn2)cc1,CCCCCc1ccc(NC(=O)C2Cc3ccccc3CN2C(=O)c2cc(OC3CCCCC3)ccn2)cc1,8.03,0.0,1.0,EC50,Papyrus,0.0
CCCCCc1ccc(NC(=O)C2Cc3ccccc3CN2C(=O)c2cc(Oc3ccccc3)ccn2)cc1,CCCCCc1ccc(NC(=O)C2Cc3ccccc3CN2C(=O)c2cc(Oc3ccccc3)ccn2)cc1,7.7,0.0,1.0,EC50,Papyrus,0.0
CCCCCc1ccc(NC(=O)C2Cc3ccccc3CN2C(=O)c2ccc(Cl)c(Cl)c2)cc1,CCCCCc1ccc(NC(=O)C2Cc3ccccc3CN2C(=O)c2ccc(Cl)c(Cl)c2)cc1,7.09,0.0,1.0,EC50,Papyrus,0.0
CCCCCc1ccc(NC(=O)C2Cc3ccccc3CN2C(=O)c2ccc(OC)c(OC(C)C)c2)cc1,CCCCCc1ccc(NC(=O)C2Cc3ccccc3CN2C(=O)c2ccc(OC)c(OC(C)C)c2)cc1,8.46,0.0,1.0,EC50,Papyrus,0.0
CCCCCc1ccc(NC(=O)C2Cc3ccccc3CN2C(=O)c2ccc(OC)c(Oc3ccccc3)c2)cc1,CCCCCc1ccc(NC(=O)C2Cc3ccccc3CN2C(=O)c2ccc(OC)c(Oc3ccccc3)c2)cc1,7.921,0.0,2.0,EC50,Papyrus,0.001
CCCCCc1ccc(NC(=O)C2Cc3ccccc3CN2C(=O)c2cccc(Cl)c2)cc1,CCCCCc1ccc(NC(=O)C2Cc3ccccc3CN2C(=O)c2cccc(Cl)c2)cc1,7.291,0.0,2.0,EC50,Papyrus,0.001
CCCCCc1ccc(NC(=O)C2Cc3ccccc3CN2C(=O)c2cccc(OC(C)C)c2)cc1,CCCCCc1ccc(NC(=O)C2Cc3ccccc3CN2C(=O)c2cccc(OC(C)C)c2)cc1,8.2,0.0,2.0,EC50,Papyrus,0.001
CCCCCc1ccc(NC(=O)C2Cc3ccccc3CN2C(=O)c2cccc(OC)c2)cc1,CCCCCc1ccc(NC(=O)C2Cc3ccccc3CN2C(=O)c2cccc(OC)c2)cc1,6.752000000000001,0.0,2.0,EC50,Papyrus,0.002
CCCCCc1ccc(NC(=O)C2Cc3ccccc3CN2C(=O)c2cccc(OC3CCCC3)c2)cc1,CCCCCc1ccc(NC(=O)C2Cc3ccccc3CN2C(=O)c2cccc(OC3CCCC3)c2)cc1,7.822,0.0,2.0,EC50,Papyrus,0.002
CCCCCc1ccc(NC(=O)C2Cc3ccccc3CN2C(=O)c2cccc(OC3CCCCC3)c2)cc1,CCCCCc1ccc(NC(=O)C2Cc3ccccc3CN2C(=O)c2cccc(OC3CCCCC3)c2)cc1,7.7,0.0,1.0,EC50,Papyrus,0.0
CCCCCc1ccc(NC(=O)C2Cc3ccccc3CN2C(=O)c2cccc(OCC(C)C)c2)cc1,CCCCCc1ccc(NC(=O)C2Cc3ccccc3CN2C(=O)c2cccc(OCC(C)C)c2)cc1,8.0,0.0,1.0,EC50,Papyrus,0.0
CCCCCc1ccc(NC(=O)C2Cc3ccccc3CN2C(=O)c2cccc(OCC)c2)cc1,CCCCCc1ccc(NC(=O)C2Cc3ccccc3CN2C(=O)c2cccc(OCC)c2)cc1,7.58,0.0,1.0,EC50,Papyrus,0.0
CCCCCc1ccc(NC(=O)C2Cc3ccccc3CN2C(=O)c2cccc(Oc3ccccc3)c2)cc1,CCCCCc1ccc(NC(=O)C2Cc3ccccc3CN2C(=O)c2cccc(Oc3ccccc3)c2)cc1,7.215,0.0,3.0,EC50,Papyrus,0.2019999999999999
CCCCCc1ccc(NC(=O)C2Cc3ccccc3CN2C(=O)c2cccc(Oc3ccccc3)c2)cn1,CCCCCc1ccc(NC(=O)C2Cc3ccccc3CN2C(=O)c2cccc(Oc3ccccc3)c2)cn1,7.28,0.0,1.0,EC50,Papyrus,0.0
CCCCCc1ccc(NC(=O)C2Cc3ccccc3CN2C(=O)c2ccnc(OC(C)C)c2)cc1,CCCCCc1ccc(NC(=O)C2Cc3ccccc3CN2C(=O)c2ccnc(OC(C)C)c2)cc1,7.96,0.0,1.0,EC50,Papyrus,0.0
CCCCCc1ccc(NC(=O)C2Cc3ccccc3CN2C(=O)c2cncc(OC(C)C)c2)cc1,CCCCCc1ccc(NC(=O)C2Cc3ccccc3CN2C(=O)c2cncc(OC(C)C)c2)cc1,7.8,0.0,1.0,EC50,Papyrus,0.0
CCCCCc1ccc(NC(=O)C2Cc3ccccc3CN2C(=O)c2cncc(OC3CCCCC3)c2)cc1,CCCCCc1ccc(NC(=O)C2Cc3ccccc3CN2C(=O)c2cncc(OC3CCCCC3)c2)cc1,7.46,0.0,1.0,EC50,Papyrus,0.0
CCCCCc1ccc(NC(=O)[C@@H]2Cc3ccccc3CN2C(=O)c2cc(Cl)ccn2)cc1,CCCCCc1ccc(NC(=O)[C@@H]2Cc3ccccc3CN2C(=O)c2cc(Cl)ccn2)cc1,7.102372908709558,0.0,2.0,EC50,"BindingDB,ChEMBL",0.0
CCCCCc1ccc(NC(=O)[C@@H]2Cc3ccccc3CN2C(=O)c2cc(OC(C)C)ccn2)cc1,CCCCCc1ccc(NC(=O)[C@@H]2Cc3ccccc3CN2C(=O)c2cc(OC(C)C)ccn2)cc1,8.221848749616356,0.0,2.0,EC50,"BindingDB,ChEMBL",0.0
CCCCCc1ccc(NC(=O)[C@@H]2Cc3ccccc3CN2C(=O)c2cc(OC3CCCCC3)ccn2)cc1,CCCCCc1ccc(NC(=O)[C@@H]2Cc3ccccc3CN2C(=O)c2cc(OC3CCCCC3)ccn2)cc1,8.0268721464003,0.0,2.0,EC50,"BindingDB,ChEMBL",0.0
CCCCCc1ccc(NC(=O)[C@@H]2Cc3ccccc3CN2C(=O)c2cc(Oc3ccccc3)ccn2)cc1,CCCCCc1ccc(NC(=O)[C@@H]2Cc3ccccc3CN2C(=O)c2cc(Oc3ccccc3)ccn2)cc1,7.698970004336019,0.0,2.0,EC50,"BindingDB,ChEMBL",0.0
CCCCCc1ccc(NC(=O)[C@@H]2Cc3ccccc3CN2C(=O)c2ccc(Cl)c(Cl)c2)cc1,CCCCCc1ccc(NC(=O)[C@@H]2Cc3ccccc3CN2C(=O)c2ccc(Cl)c(Cl)c2)cc1,7.086186147616283,0.0,2.0,EC50,"BindingDB,ChEMBL",0.0
CCCCCc1ccc(NC(=O)[C@@H]2Cc3ccccc3CN2C(=O)c2ccc(OC)c(OC(C)C)c2)cc1,CCCCCc1ccc(NC(=O)[C@@H]2Cc3ccccc3CN2C(=O)c2ccc(OC)c(OC(C)C)c2)cc1,8.455931955649724,0.0,2.0,EC50,"BindingDB,ChEMBL",0.0
CCCCCc1ccc(NC(=O)[C@@H]2Cc3ccccc3CN2C(=O)c2ccc(OC)c(Oc3ccccc3)c2)cc1,CCCCCc1ccc(NC(=O)[C@@H]2Cc3ccccc3CN2C(=O)c2ccc(OC)c(Oc3ccccc3)c2)cc1,7.920818753952375,0.0,2.0,EC50,"BindingDB,ChEMBL",0.0
CCCCCc1ccc(NC(=O)[C@@H]2Cc3ccccc3CN2C(=O)c2cccc(Cl)c2)cc1,CCCCCc1ccc(NC(=O)[C@@H]2Cc3ccccc3CN2C(=O)c2cccc(Cl)c2)cc1,7.292429823902063,0.0,2.0,EC50,"BindingDB,ChEMBL",0.0
CCCCCc1ccc(NC(=O)[C@@H]2Cc3ccccc3CN2C(=O)c2cccc(OC(C)C)c2)cc1,CCCCCc1ccc(NC(=O)[C@@H]2Cc3ccccc3CN2C(=O)c2cccc(OC(C)C)c2)cc1,8.200659450546418,0.0,2.0,EC50,"BindingDB,ChEMBL",0.0
CCCCCc1ccc(NC(=O)[C@@H]2Cc3ccccc3CN2C(=O)c2cccc(OC)c2)cc1,CCCCCc1ccc(NC(=O)[C@@H]2Cc3ccccc3CN2C(=O)c2cccc(OC)c2)cc1,6.7544873321858505,0.0,2.0,EC50,"BindingDB,ChEMBL",0.0
CCCCCc1ccc(NC(=O)[C@@H]2Cc3ccccc3CN2C(=O)c2cccc(OC3CCCC3)c2)cc1,CCCCCc1ccc(NC(=O)[C@@H]2Cc3ccccc3CN2C(=O)c2cccc(OC3CCCC3)c2)cc1,7.823908740944319,0.0,2.0,EC50,"BindingDB,ChEMBL",0.0
CCCCCc1ccc(NC(=O)[C@@H]2Cc3ccccc3CN2C(=O)c2cccc(OC3CCCCC3)c2)cc1,CCCCCc1ccc(NC(=O)[C@@H]2Cc3ccccc3CN2C(=O)c2cccc(OC3CCCCC3)c2)cc1,7.698970004336019,0.0,2.0,EC50,"BindingDB,ChEMBL",0.0
CCCCCc1ccc(NC(=O)[C@@H]2Cc3ccccc3CN2C(=O)c2cccc(OCC(C)C)c2)cc1,CCCCCc1ccc(NC(=O)[C@@H]2Cc3ccccc3CN2C(=O)c2cccc(OCC(C)C)c2)cc1,8.0,0.0,2.0,EC50,"BindingDB,ChEMBL",0.0
CCCCCc1ccc(NC(=O)[C@@H]2Cc3ccccc3CN2C(=O)c2cccc(OCC)c2)cc1,CCCCCc1ccc(NC(=O)[C@@H]2Cc3ccccc3CN2C(=O)c2cccc(OCC)c2)cc1,7.585026652029182,0.0,2.0,EC50,"BindingDB,ChEMBL",0.0
CCCCCc1ccc(NC(=O)[C@@H]2Cc3ccccc3CN2C(=O)c2cccc(Oc3ccccc3)c2)cc1,CCCCCc1ccc(NC(=O)[C@@H]2Cc3ccccc3CN2C(=O)c2cccc(Oc3ccccc3)c2)cc1,7.638272163982407,0.0,2.0,EC50,"BindingDB,ChEMBL",0.0
CCCCCc1ccc(NC(=O)[C@@H]2Cc3ccccc3CN2C(=O)c2cccc(Oc3ccccc3)c2)cn1,CCCCCc1ccc(NC(=O)[C@@H]2Cc3ccccc3CN2C(=O)c2cccc(Oc3ccccc3)c2)cn1,7.275724130399211,0.0,2.0,EC50,"BindingDB,ChEMBL",0.0
CCCCCc1ccc(NC(=O)[C@@H]2Cc3ccccc3CN2C(=O)c2ccnc(OC(C)C)c2)cc1,CCCCCc1ccc(NC(=O)[C@@H]2Cc3ccccc3CN2C(=O)c2ccnc(OC(C)C)c2)cc1,7.958607314841775,0.0,2.0,EC50,"BindingDB,ChEMBL",0.0
CCCCCc1ccc(NC(=O)[C@@H]2Cc3ccccc3CN2C(=O)c2cncc(OC(C)C)c2)cc1,CCCCCc1ccc(NC(=O)[C@@H]2Cc3ccccc3CN2C(=O)c2cncc(OC(C)C)c2)cc1,7.795880017344075,0.0,2.0,EC50,"BindingDB,ChEMBL",0.0
CCCCCc1ccc(NC(=O)[C@@H]2Cc3ccccc3CN2C(=O)c2cncc(OC3CCCCC3)c2)cc1,CCCCCc1ccc(NC(=O)[C@@H]2Cc3ccccc3CN2C(=O)c2cncc(OC3CCCCC3)c2)cc1,7.455931955649724,0.0,2.0,EC50,"BindingDB,ChEMBL",0.0
CCCCCc1ccc(NC(=O)[C@H]2Cc3ccccc3CN2C(=O)c2cccc(Oc3ccccc3)c2)cc1,CCCCCc1ccc(NC(=O)[C@H]2Cc3ccccc3CN2C(=O)c2cccc(Oc3ccccc3)c2)cc1,7.214670164989233,0.0,2.0,EC50,"BindingDB,ChEMBL",0.0
CCCCCn1cc(S(=O)(=O)Nc2ccc(CC)cc2)c2cccnc21,CCCCCn1cc(S(=O)(=O)Nc2ccc(CC)cc2)c2cccnc21,6.0,0.0,1.0,EC50,ChEMBL,0.0
CCCCN(C(C)=O)c1ccc(NC(=O)C2Cc3ccccc3CN2C(=O)c2cccc(Oc3ccccc3)c2)cc1,CCCCN(C(C)=O)c1ccc(NC(=O)C2Cc3ccccc3CN2C(=O)c2cccc(Oc3ccccc3)c2)cc1,7.18,0.0,2.0,EC50,Papyrus,0.0
CCCCN(C(C)=O)c1ccc(NC(=O)[C@H]2Cc3ccccc3CN2C(=O)c2cccc(Oc3ccccc3)c2)cc1,CCCCN(C(C)=O)c1ccc(NC(=O)[C@H]2Cc3ccccc3CN2C(=O)c2cccc(Oc3ccccc3)c2)cc1,7.180456064458132,0.0,2.0,EC50,"BindingDB,ChEMBL",0.0
CCCCN(CCCC)c1ncnc2[nH]cnc12,CCCCN(CCCC)c1ncnc2[nH]cnc12,5.249,0.0,1.0,other,Papyrus,0.0
CCCCN(c1ccccc1)c1ncnc(N)c1[N+](=O)[O-],CCCCN(c1ccccc1)c1ncnc(N)c1[N+](=O)[O-],5.9670000000000005,0.0,1.0,other,Papyrus,0.0
CCCCN1CC(S(=O)(=O)Nc2ccc(CC)cc2)c2cccnc21,CCCCN1CC(S(=O)(=O)Nc2ccc(CC)cc2)c2cccnc21,5.860623199523586,0.0,4.0,EC50,"BindingDB,ChEMBL",0.19710856151391415
CCCCNc1c(-c2cccc(-c3ccc(OC)cc3)c2)nc2ccc(C)cn12,CCCCNc1c(-c2cccc(-c3ccc(OC)cc3)c2)nc2ccc(C)cn12,5.303,0.0,1.0,other,Papyrus,0.0
CCCCOc1ccc(NC(=O)C2Cc3ccccc3CN2C(=O)c2cccc(Oc3ccccc3)c2)cc1,CCCCOc1ccc(NC(=O)C2Cc3ccccc3CN2C(=O)c2cccc(Oc3ccccc3)c2)cc1,6.84,0.0,1.0,EC50,Papyrus,0.0
CCCCOc1ccc(NC(=O)[C@H]2Cc3ccccc3CN2C(=O)c2cccc(Oc3ccccc3)c2)cc1,CCCCOc1ccc(NC(=O)[C@H]2Cc3ccccc3CN2C(=O)c2cccc(Oc3ccccc3)c2)cc1,6.838631997765025,0.0,2.0,EC50,"BindingDB,ChEMBL",0.0
CCCCc1c(-c2ccc(O)cc2)[nH]c2nccnc12,CCCCc1c(-c2ccc(O)cc2)[nH]c2nccnc12,6.853871964321762,0.027786734354398674,10.0,EC50,"BindingDB,ChEMBL,Papyrus",0.0685076606113012
CCCCc1c(O)c2c(Cl)cccc2[n+]2ccccc12,CCCCc1c(O)c2c(Cl)cccc2[n+]2ccccc12,5.947244907615013,0.0,4.0,EC50,BindingDB,0.20518316000521902
CCCCc1c(O)c2c(Cl)cccc2[n+]2ccccc12.[Cl-],CCCCc1c(O)c2c(Cl)cccc2[n+]2ccccc12.[Cl-],5.947244907615013,0.0,4.0,EC50,ChEMBL,0.20518316000521913
CCCCc1ccc(NC(=O)C2Cc3ccccc3CN2C(=O)c2cccc(Oc3ccccc3)c2)cc1,CCCCc1ccc(NC(=O)C2Cc3ccccc3CN2C(=O)c2cccc(Oc3ccccc3)c2)cc1,6.697,0.0,2.0,EC50,Papyrus,0.003
CCCCc1ccc(NC(=O)[C@H]2Cc3ccccc3CN2C(=O)c2cccc(Oc3ccccc3)c2)cc1,CCCCc1ccc(NC(=O)[C@H]2Cc3ccccc3CN2C(=O)c2cccc(Oc3ccccc3)c2)cc1,6.694648630553377,0.0,2.0,EC50,"BindingDB,ChEMBL",0.0
CCCCn1nnnc1C(CCc1ccccc1)N1CCC(n2c(=O)[nH]c3ccccc32)CC1,CCCCn1nnnc1C(CCc1ccccc1)N1CCC(n2c(=O)[nH]c3ccccc32)CC1,5.228,0.0,1.0,other,Papyrus,0.0
CCCN(CC)c1ncnc2[nH]ncc12,CCCN(CC)c1ncnc2[nH]ncc12,5.81,0.0,1.0,other,Papyrus,0.0
CCCN(CCC)c1ncnc2[nH]cnc12,CCCN(CCC)c1ncnc2[nH]cnc12,5.879,0.0,1.0,other,Papyrus,0.0
CCCNC(=O)COC(=O)c1ccccc1C(=O)c1ccc(Cl)c([N+](=O)[O-])c1,CCCNC(=O)COC(=O)c1ccccc1C(=O)c1ccc(Cl)c([N+](=O)[O-])c1,5.745,0.0,1.0,other,Papyrus,0.0
CCCOc1ccc(C(=O)c2sc(NC(=O)C3(c4ccc5c(c4)OCO5)CC3)nc2-c2ccccc2)cc1,CCCOc1ccc(C(=O)c2sc(NC(=O)C3(c4ccc5c(c4)OCO5)CC3)nc2-c2ccccc2)cc1,7.769551078621726,0.0,2.0,EC50,"BindingDB,ChEMBL",0.0
CCCOc1cccc(C(=O)c2sc(NC(=O)C3(c4ccc5c(c4)OCO5)CC3)nc2-c2ccccc2)c1,CCCOc1cccc(C(=O)c2sc(NC(=O)C3(c4ccc5c(c4)OCO5)CC3)nc2-c2ccccc2)c1,6.795880017344075,0.0023786730954546654,3.0,EC50,"BindingDB,ChEMBL,Papyrus",0.0023786730954546654
CCCc1cc(-c2[nH]ncc2-c2ccc3c(c2)OCCCO3)c(O)cc1O,CCCc1cc(-c2[nH]ncc2-c2ccc3c(c2)OCCCO3)c(O)cc1O,5.058,0.0,1.0,other,Papyrus,0.0
CCCc1ccc(NC(=O)c2c[nH]c3ccccc3c2=O)cc1N,CCCc1ccc(NC(=O)c2c[nH]c3ccccc3c2=O)cc1N,6.3979400086720375,0.0011893365477277172,3.0,EC50,"BindingDB,ChEMBL,Papyrus",0.0011893365477277172
CCCc1nc(C)c2c(=O)nc(-c3cc(S(=O)(=O)N4CCN(CC)CC4)ccc3OCC)[nH]n12,CCCc1nc(C)c2n1[nH]c(nc2=O)-c1cc(ccc1OCC)S(=O)(=O)N1CCN(CC)CC1,6.853871964321762,0.0,1.0,IC50,BindingDB,0.0
CCCc1nc(Cl)c(C#N)c2c1CCCC2,CCCc1nc(Cl)c(C#N)c2c1CCCC2,5.367000000000001,0.0,1.0,other,Papyrus,0.0
CCCc1nnc(NC(=O)c2nc(S(=O)(=O)Cc3ccc(C)cc3)ncc2Cl)s1,CCCc1nnc(NC(=O)c2nc(S(=O)(=O)Cc3ccc(C)cc3)ncc2Cl)s1,5.91,0.0,1.0,other,Papyrus,0.0
CCCn1c(-c2nonc2N)nc2ccccc21,CCCn1c(-c2nonc2N)nc2ccccc21,5.369,0.0,1.0,other,Papyrus,0.0
CCCn1c(=O)c(-c2cccc([N+](=O)[O-])c2)nc2ccccc21,CCCn1c(=O)c(-c2cccc([N+](=O)[O-])c2)nc2ccccc21,6.752026733638194,0.001170135211586623,3.0,EC50,"BindingDB,ChEMBL,Papyrus",0.001170135211586623
CCCn1cnc2c1N=CN1C2=N[C@](C)(C(=O)O)[C@@H](O)[C@@]1(C)O,CCCn1cnc2c1N=CN1C2=N[C@](C)(C(=O)O)[C@@H](O)[C@@]1(C)O,5.6777807052660805,0.0,2.0,EC50,"BindingDB,ChEMBL",0.0
CCCn1cnc2c1N=CN1C2=N[C@](C)(C(=O)O)[C@H](O)[C@@]1(C)O,CCCn1cnc2c1N=CN1C2=N[C@](C)(C(=O)O)[C@H](O)[C@@]1(C)O,5.5376020021010435,0.0,2.0,EC50,"BindingDB,ChEMBL",0.0
CCN(C(C)=O)C1CCN(c2nc(-c3ccccn3)nc3c2CN(Cc2ccc(OC)cc2)CC3)C1,CCN(C(C)=O)C1CCN(c2nc(-c3ccccn3)nc3c2CN(Cc2ccc(OC)cc2)CC3)C1,6.521435901161594,0.0008290179221760434,6.0,EC50,"BindingDB,ChEMBL,Papyrus",0.0020404897211185897
CCN(CC(=O)Nc1ccc(OC)cc1)C(=O)c1cc(-c2cccs2)nn1-c1ccccc1,CCN(CC(=O)Nc1ccc(OC)cc1)C(=O)c1cc(-c2cccs2)nn1-c1ccccc1,5.277,0.0,1.0,other,Papyrus,0.0
CCN(CC)CCN(C(=O)CCS(=O)(=O)c1ccccc1)c1nc2c(C)cc(C)cc2s1,CCN(CC)CCN(C(=O)CCS(=O)(=O)c1ccccc1)c1nc2c(C)cc(C)cc2s1,5.223,0.0,1.0,other,Papyrus,0.0
CCN(CC)CCNC(=O)c1ccc(NC(=O)C2CCN(c3ncnc4sc(C)c(C)c34)CC2)cc1,CCN(CC)CCNC(=O)c1ccc(NC(=O)C2CCN(c3ncnc4sc(C)c(C)c34)CC2)cc1,5.199,0.0,1.0,other,Papyrus,0.0
CCN(CC)S(=O)(=O)c1ccc(NC(=O)Nc2cccc(C(F)(F)F)c2)cc1,CCN(CC)S(=O)(=O)c1ccc(NC(=O)Nc2cccc(C(F)(F)F)c2)cc1,5.22,0.0,1.0,other,Papyrus,0.0
CCN(CC)c1ccc(C(=O)c2sc(NC(=O)C3(c4ccc5c(c4)OCO5)CC3)nc2-c2ccccc2)cc1,CCN(CC)c1ccc(C(=O)c2sc(NC(=O)C3(c4ccc5c(c4)OCO5)CC3)nc2-c2ccccc2)cc1,6.6777807052660805,0.0012813104120393288,3.0,EC50,"BindingDB,ChEMBL,Papyrus",0.0012813104120393288
CCN(CC)c1nc(Nc2ccc(C(=O)O)cc2)nc(OC(C(F)(F)F)C(F)(F)F)n1,CCN(CC)c1nc(Nc2ccc(C(=O)O)cc2)nc(OC(C(F)(F)F)C(F)(F)F)n1,6.045757490560675,0.0024494139668338323,3.0,EC50,"BindingDB,ChEMBL,Papyrus",0.0024494139668338323
CCN(CC)c1nc(Nc2ccc(C(=O)O)cc2)nc(OCC(F)(F)C(F)F)n1,CCN(CC)c1nc(Nc2ccc(C(=O)O)cc2)nc(OCC(F)(F)C(F)F)n1,5.6020599913279625,0.0011893365477277172,3.0,EC50,"BindingDB,ChEMBL,Papyrus",0.0011893365477277172
CCN(CC)c1nc(Nc2ccc(F)cc2)nc(OC(C(F)(F)F)C(F)(F)F)n1,CCN(CC)c1nc(Nc2ccc(F)cc2)nc(OC(C(F)(F)F)C(F)(F)F)n1,6.154901959985743,0.0029433547745708008,3.0,EC50,"BindingDB,ChEMBL,Papyrus",0.0029433547745708008
CCN(CC)c1nc(Nc2ccc(F)cc2)nc(OCC(F)(F)C(F)F)n1,CCN(CC)c1nc(Nc2ccc(F)cc2)nc(OCC(F)(F)C(F)F)n1,5.318758762624412,0.0007166287329239629,3.0,EC50,"BindingDB,ChEMBL,Papyrus",0.0007166287329239629
CCN(CC)c1nc(Nc2ccc3[nH]ncc3c2)nc(OC(C(F)(F)F)C(F)(F)F)n1,CCN(CC)c1nc(Nc2ccc3[nH]ncc3c2)nc(OC(C(F)(F)F)C(F)(F)F)n1,5.552841968657781,0.0016408113695983218,3.0,EC50,"BindingDB,ChEMBL,Papyrus",0.0016408113695983218
CCN(CC)c1nc(Nc2ccc3c[nH]nc3c2)nc(OC(C(F)(F)F)C(F)(F)F)n1,CCN(CC)c1nc(Nc2ccc3c[nH]nc3c2)nc(OC(C(F)(F)F)C(F)(F)F)n1,6.05,0.0,1.0,EC50,Papyrus,0.0
CCN(CC)c1nc(Nc2ccc3cn[nH]c3c2)nc(OC(C(F)(F)F)C(F)(F)F)n1,CCN(CC)c1nc(Nc2ccc3cn[nH]c3c2)nc(OC(C(F)(F)F)C(F)(F)F)n1,6.045757490560675,0.0,2.0,EC50,"BindingDB,ChEMBL",0.0
CCN(CC)c1nc(Nc2ccc3ncoc3c2)nc(OC(C(F)(F)F)C(F)(F)F)n1,CCN(CC)c1nc(Nc2ccc3ncoc3c2)nc(OC(C(F)(F)F)C(F)(F)F)n1,6.823908740944319,0.0022567126363947855,3.0,EC50,"BindingDB,ChEMBL,Papyrus",0.0022567126363947855
CCN(CC)c1nc(Nc2ccc3ncsc3c2)nc(OC(C(F)(F)F)C(F)(F)F)n1,CCN(CC)c1nc(Nc2ccc3ncsc3c2)nc(OC(C(F)(F)F)C(F)(F)F)n1,7.411954370472159,0.0011283563181972967,6.0,EC50,"BindingDB,ChEMBL,Papyrus",0.15687075525148192
CCN(CC)c1nc(Nc2cccc(C(=O)O)c2)nc(OC(C(F)(F)F)C(F)(F)F)n1,CCN(CC)c1nc(Nc2cccc(C(=O)O)c2)nc(OC(C(F)(F)F)C(F)(F)F)n1,6.795880017344075,0.0023786730954546654,3.0,EC50,"BindingDB,ChEMBL,Papyrus",0.0023786730954546654
CCN(CC)c1nc(Nc2cccc(C(=O)O)c2)nc(OCC(F)(F)C(F)F)n1,CCN(CC)c1nc(Nc2cccc(C(=O)O)c2)nc(OCC(F)(F)C(F)F)n1,6.301029995663981,0.0005946682738638907,3.0,EC50,"BindingDB,ChEMBL,Papyrus",0.0005946682738638907
CCN(CC)c1nc(Nc2cccc(Cl)c2)nc(OC(C(F)(F)F)C(F)(F)F)n1,CCN(CC)c1nc(Nc2cccc(Cl)c2)nc(OC(C(F)(F)F)C(F)(F)F)n1,5.552841968657781,0.0016408113695983218,3.0,EC50,"BindingDB,ChEMBL,Papyrus",0.0016408113695983218
CCN(CC)c1nc(Nc2cccc(Cl)c2)nc(OCC(F)(F)C(F)F)n1,CCN(CC)c1nc(Nc2cccc(Cl)c2)nc(OCC(F)(F)C(F)F)n1,5.267606240177032,0.0013820378781657385,3.0,EC50,"BindingDB,ChEMBL,Papyrus",0.0013820378781657385
CCN(CC)c1nc(Nc2cccc(F)c2)nc(OC(C(F)(F)F)C(F)(F)F)n1,CCN(CC)c1nc(Nc2cccc(F)c2)nc(OC(C(F)(F)F)C(F)(F)F)n1,6.853871964321762,0.0022354796434619563,3.0,EC50,"BindingDB,ChEMBL,Papyrus",0.0022354796434619563
CCN(CC)c1nc(Nc2cccc(F)c2)nc(OCC(F)(F)C(F)F)n1,CCN(CC)c1nc(Nc2cccc(F)c2)nc(OCC(F)(F)C(F)F)n1,5.795880017344075,0.0023786730954546654,3.0,EC50,"BindingDB,ChEMBL,Papyrus",0.0023786730954546654
CCN(CC)c1nc(Nc2cccc([N+](=O)[O-])c2)nc(OC(C(F)(F)F)C(F)(F)F)n1,CCN(CC)c1nc(Nc2cccc([N+](=O)[O-])c2)nc(OC(C(F)(F)F)C(F)(F)F)n1,6.698970004336019,0.0005946682738638907,3.0,EC50,"BindingDB,ChEMBL,Papyrus",0.0005946682738638907
CCN(CC)c1nc(Nc2cccc([N+](=O)[O-])c2)nc(OCC(F)(F)C(F)F)n1,CCN(CC)c1nc(Nc2cccc([N+](=O)[O-])c2)nc(OCC(F)(F)C(F)F)n1,5.920818753952375,0.00047270781480375436,3.0,EC50,"BindingDB,ChEMBL,Papyrus",0.00047270781480375436
CCN(CC)c1nc(Nc2ccccc2)nc(OC(C(F)(F)F)C(F)(F)F)n1,CCN(CC)c1nc(Nc2ccccc2)nc(OC(C(F)(F)F)C(F)(F)F)n1,6.610057518403678,0.005740294426049628,5.0,EC50,"BindingDB,ChEMBL,Papyrus",0.013762051423671397
CCN(CC)c1nc(Nc2ccccc2)nc(OCC(F)(F)C(F)F)n1,CCN(CC)c1nc(Nc2ccccc2)nc(OCC(F)(F)C(F)F)n1,5.698970004336019,0.0005946682738638907,3.0,EC50,"BindingDB,ChEMBL,Papyrus",0.0005946682738638907
CCN(c1ccc(OC)cc1)c1ncnc2[nH]cnc12,CCN(c1ccc(OC)cc1)c1ncnc2[nH]cnc12,5.441,0.0,1.0,other,Papyrus,0.0
CCN1CCN(Cc2ccc(NC(=O)c3ccc(C)c(NC(=O)C(=O)c4c[nH]c5ccccc45)c3)cc2C(F)(F)F)CC1,CCN1CCN(Cc2ccc(NC(=O)c3ccc(C)c(NC(=O)C(=O)c4c[nH]c5ccccc45)c3)cc2C(F)(F)F)CC1,5.896,0.0,1.0,other,Papyrus,0.0
CCN1CCN(Cc2ccc(NC(=O)c3ccc(C)c(NC(=O)N4CCNC4=O)c3)cc2C(F)(F)F)CC1,CCN1CCN(Cc2ccc(NC(=O)c3ccc(C)c(NC(=O)N4CCNC4=O)c3)cc2C(F)(F)F)CC1,5.79,0.0,1.0,other,Papyrus,0.0
CCN1CCN(Cc2ccc(NC(=O)c3ccc(C)c(NC(=O)c4cc(-c5ccc(Br)cc5)[nH]n4)c3)cc2C(F)(F)F)CC1,CCN1CCN(Cc2ccc(NC(=O)c3ccc(C)c(NC(=O)c4cc(-c5ccc(Br)cc5)[nH]n4)c3)cc2C(F)(F)F)CC1,5.558,0.0,1.0,other,Papyrus,0.0
CCN1CCN(Cc2ccc(NC(=O)c3ccc(C)c(NC(=O)c4ccc5[nH]nnc5c4)c3)cc2C(F)(F)F)CC1,CCN1CCN(Cc2ccc(NC(=O)c3ccc(C)c(NC(=O)c4ccc5[nH]nnc5c4)c3)cc2C(F)(F)F)CC1,5.587999999999999,0.0,1.0,other,Papyrus,0.0
CCN1CCN(Cc2ccc(NC(=O)c3ccc(C)c(NC(=O)c4cccc5[nH]ccc45)c3)cc2C(F)(F)F)CC1,CCN1CCN(Cc2ccc(NC(=O)c3ccc(C)c(NC(=O)c4cccc5[nH]ccc45)c3)cc2C(F)(F)F)CC1,5.135,0.0,1.0,other,Papyrus,0.0
CCN1CCN(Cc2ccc(NC(=O)c3ccc(C)c(NC(=O)c4ccno4)c3)cc2C(F)(F)F)CC1,CCN1CCN(Cc2ccc(NC(=O)c3ccc(C)c(NC(=O)c4ccno4)c3)cc2C(F)(F)F)CC1,6.824,0.0,1.0,other,Papyrus,0.0
CCN1CCN(Cc2ccc(NC(=O)c3ccc(C)c(NC(=O)c4csc(-c5ccncc5)n4)c3)cc2C(F)(F)F)CC1,CCN1CCN(Cc2ccc(NC(=O)c3ccc(C)c(NC(=O)c4csc(-c5ccncc5)n4)c3)cc2C(F)(F)F)CC1,5.216,0.0,1.0,other,Papyrus,0.0
CCNC(=O)C1(C)CCCN(Cc2ccc(-c3ccccc3)o2)C1,CCNC(=O)C1(C)CCCN(Cc2ccc(-c3ccccc3)o2)C1,5.046,0.0,1.0,other,Papyrus,0.0
CCOC(=O)C1(C(=O)OCC)COC(=O)C1CN1Cc2cc3ccccc3nc2C1,CCOC(=O)C1(C(=O)OCC)COC(=O)C1CN1Cc2cc3ccccc3nc2C1,5.126,0.0,1.0,other,Papyrus,0.0
CCOC(=O)C1=C(C)N=C(C)C(C(=O)OC)C1c1cccc(Cl)c1Cl,CCOC(=O)C1=C(C)N=C(C)C(C(=O)OC)C1c1cccc(Cl)c1Cl,8.4,0.0,1.0,other,Papyrus,0.0
CCOC(=O)C1C(C)=Nc2ccccc2N=C1NC(=O)c1oc2ccccc2c1COC,CCOC(=O)C1C(C)=Nc2ccccc2N=C1NC(=O)c1oc2ccccc2c1COC,5.372000000000001,0.0,1.0,other,Papyrus,0.0
CCOC(=O)C1C(CC)=Nc2ccccc2N=C1NC(=O)Nc1ccc(Cl)c(Cl)c1,CCOC(=O)C1C(CC)=Nc2ccccc2N=C1NC(=O)Nc1ccc(Cl)c(Cl)c1,5.562,0.0,1.0,other,Papyrus,0.0
CCOC(=O)C1C(CC)=Nc2ccccc2N=C1NC(=O)c1oc2ccccc2c1C,CCOC(=O)C1C(CC)=Nc2ccccc2N=C1NC(=O)c1oc2ccccc2c1C,5.354,0.0,1.0,other,Papyrus,0.0
CCOC(=O)COc1ccc2ccccc2c1C=C[N+](=O)[O-],CCOC(=O)COc1ccc2ccccc2c1C=C[N+](=O)[O-],5.092,0.0,1.0,other,Papyrus,0.0
CCOC(=O)Cc1csc(N(CC)C(=O)c2ccc(Cl)cc2)n1,CCOC(=O)Cc1csc(N(CC)C(=O)c2ccc(Cl)cc2)n1,5.7447274948966935,0.0030440822406977226,3.0,EC50,"BindingDB,ChEMBL,Papyrus",0.0030440822406977226
CCOC(=O)Cc1csc(N(CC)C(=O)c2ccc(I)cc2)n1,CCOC(=O)Cc1csc(N(CC)C(=O)c2ccc(I)cc2)n1,5.494850021680094,0.002973341369318556,3.0,EC50,"BindingDB,ChEMBL,Papyrus",0.002973341369318556
CCOC(=O)Cc1nnc2c(Nc3ccc(Cl)cc3)nc3nonc3n12,CCOC(=O)Cc1nnc2c(Nc3ccc(Cl)cc3)nc3nonc3n12,5.4910000000000005,0.0,1.0,other,Papyrus,0.0
CCOC(=O)Nc1ccc2c(c1)N(C(=O)CCN(CC)CC)c1ccccc1[S+]2O,CCOC(=O)Nc1ccc2c(c1)N(C(=O)CCN(CC)CC)c1ccccc1[S+]2O,5.226,0.0,1.0,other,Papyrus,0.0
CCOC(=O)Oc1c(OC)cc(C(=O)OC2CC3CN4CCc5c([nH]c6cc(OC)ccc56)C4CC3C(C(=O)OC)C2OC)cc1OC,CCOC(=O)Oc1c(OC)cc(C(=O)OC2CC3CN4CCc5c([nH]c6cc(OC)ccc56)C4CC3C(C(=O)OC)C2OC)cc1OC,5.309,0.0,1.0,other,Papyrus,0.0
CCOC(=O)c1c(-c2ccccc2)oc2cc(Br)c(O)c(C=O)c12,CCOC(=O)c1c(-c2ccccc2)oc2cc(Br)c(O)c(C=O)c12,5.516,0.0,1.0,other,Papyrus,0.0
CCOC(=O)c1c(Br)c2c(n1Cc1cccc(Br)c1)-c1nc(NS(=O)(=O)c3ccccc3)ncc1CC2,CCOC(=O)c1c(Br)c2c(n1Cc1cccc(Br)c1)-c1nc(NS(=O)(=O)c3ccccc3)ncc1CC2,5.592556711285402,0.0,4.0,EC50,"BindingDB,ChEMBL",0.11470322438394
CCOC(=O)c1c(Br)c2c(n1Cc1cccc(C)c1)-c1[nH]c(=O)c(S(=O)(=O)c3ccccc3)cc1CC2,CCOC(=O)c1c(Br)c2c(n1Cc1cccc(C)c1)-c1[nH]c(=O)c(S(=O)(=O)c3ccccc3)cc1CC2,6.235863111416478,0.0,4.0,EC50,"BindingDB,ChEMBL",0.15687075525148192
CCOC(=O)c1c(C)c2c(=O)[nH]cnc2n1-c1ccccc1,CCOC(=O)c1c(C)c2c(=O)[nH]cnc2n1-c1ccccc1,5.724,0.0,1.0,other,Papyrus,0.0
CCOC(=O)c1c(Cl)c2c(n1Cc1cccc(C)c1)-c1nc(NS(=O)(=O)c3ccccc3)ncc1CC2,CCOC(=O)c1c(Cl)c2c(n1Cc1cccc(C)c1)-c1nc(NS(=O)(=O)c3ccccc3)ncc1CC2,5.614456251331553,0.0,4.0,EC50,"BindingDB,ChEMBL",0.15752344959534792
CCOC(=O)c1cc(-c2sc(NC(=O)C(C)(C)C)nc2C)nn1Cc1ccccc1,CCOC(=O)c1cc(-c2sc(NC(=O)C(C)(C)C)nc2C)nn1Cc1ccccc1,5.070581074285707,0.0003354833952720262,3.0,EC50,"BindingDB,ChEMBL,Papyrus",0.0003354833952720262
CCOC(=O)c1cc(C)cc(C2CC(NC(=O)C3(c4ccc5c(c4)OC(F)(F)O5)CC3)CC(c3ccccc3)O2)c1,CCOC(=O)c1cc(C)cc(C2CC(NC(=O)C3(c4ccc5c(c4)OC(F)(F)O5)CC3)CC(c3ccccc3)O2)c1,5.94,0.0,1.0,EC50,Papyrus,0.0
CCOC(=O)c1cc(C)cc([C@H]2C[C@@H](NC(=O)C3(c4ccc5c(c4)OC(F)(F)O5)CC3)C[C@@H](c3ccccc3)O2)c1,CCOC(=O)c1cc(C)cc([C@H]2C[C@@H](NC(=O)C3(c4ccc5c(c4)OC(F)(F)O5)CC3)C[C@@H](c3ccccc3)O2)c1,5.935542010773082,0.0,2.0,EC50,"BindingDB,ChEMBL",0.0
CCOC(=O)c1ccc(-n2[nH]c(-c3ccccc3)cc2=O)cc1,CCOC(=O)c1ccc(-n2[nH]c(-c3ccccc3)cc2=O)cc1,5.272,0.0,1.0,other,Papyrus,0.0
CCOC(=O)c1ccc(C(=O)c2sc(NC(=O)C3(c4ccc5c(c4)OCO5)CC3)nc2-c2ccccc2)cc1,CCOC(=O)c1ccc(C(=O)c2sc(NC(=O)C3(c4ccc5c(c4)OCO5)CC3)nc2-c2ccccc2)cc1,6.3872161432802645,0.0016072604265245562,3.0,EC50,"BindingDB,ChEMBL,Papyrus",0.0016072604265245562
CCOC(=O)c1ccc(NC(=O)Nc2nncs2)cc1,CCOC(=O)c1ccc(NC(=O)Nc2nncs2)cc1,5.027,0.0,1.0,other,Papyrus,0.0
CCOC(=O)c1ccc2c(c1)-n1c(-c3ccccc3)c3c(=O)n(C)c(=O)n(C)c3c1C(c1ccc(Br)o1)O2,CCOC(=O)c1ccc2c(c1)-n1c(-c3ccccc3)c3c(=O)n(C)c(=O)n(C)c3c1C(c1ccc(Br)o1)O2,7.451544993495972,0.08571053796764815,7.0,IC50,"BindingDB,ChEMBL,Papyrus",0.21286035127455813
CCOC(=O)c1ccc2c(c1)-n1c(-c3ccccc3)c3c(=O)n(C)c(=O)n(C)c3c1C(c1ccc(C)o1)O2,CCOC(=O)c1ccc2c(c1)-n1c(-c3ccccc3)c3c(=O)n(C)c(=O)n(C)c3c1C(c1ccc(C)o1)O2,7.096910013008056,0.0017840048215910312,3.0,IC50,"BindingDB,ChEMBL,Papyrus",0.0017840048215910312
CCOC(=O)c1sc(NC(=O)C2(c3ccc4c(c3)OCO4)CC2)nc1-c1ccc(Br)cc1,CCOC(=O)c1sc(NC(=O)C2(c3ccc4c(c3)OCO4)CC2)nc1-c1ccc(Br)cc1,6.521435901161594,0.0008290179221760434,6.0,EC50,"BindingDB,ChEMBL,Papyrus",0.0020404897211185897
CCOC(=O)c1sc(NC(=O)C2(c3ccc4c(c3)OCO4)CC2)nc1-c1ccc(Cl)cc1,CCOC(=O)c1sc(NC(=O)C2(c3ccc4c(c3)OCO4)CC2)nc1-c1ccc(Cl)cc1,6.0479398932618995,0.0012073733801421108,6.0,EC50,"BindingDB,ChEMBL,Papyrus",0.0030863834986319867
CCOC(=O)c1sc(NC(=O)C2(c3ccc4c(c3)OCO4)CC2)nc1-c1cccc(Cl)c1,CCOC(=O)c1sc(NC(=O)C2(c3ccc4c(c3)OCO4)CC2)nc1-c1cccc(Cl)c1,6.259819000551894,0.0001813448567027108,6.0,EC50,"BindingDB,ChEMBL,Papyrus",0.0002569485273965451
CCOC(=O)c1sc(NC(=O)c2cccc(S(=O)(=O)N3CCc4ccccc43)c2)c(C#N)c1C,CCOC(=O)c1sc(NC(=O)c2cccc(S(=O)(=O)N3CCc4ccccc43)c2)c(C#N)c1C,5.9910000000000005,0.0,1.0,other,Papyrus,0.0
CCOC(=O)n1nc(-c2sc(NC(=O)C(C)(C)C)nc2C)cc1Cc1ccccc1,CCOC(=O)n1nc(-c2sc(NC(=O)C(C)(C)C)nc2C)cc1Cc1ccccc1,5.070000019492821,1.1200448240165443e-05,3.0,EC50,"BindingDB,ChEMBL,Papyrus",1.1200448240165443e-05
CCOC(O)c1c(C)cc2c(C=O)n[nH]c(=O)c2c1C,CCOC(O)c1c(C)cc2c(C=O)n[nH]c(=O)c2c1C,5.166,0.0,1.0,other,Papyrus,0.0
CCOC1Cc2c(c(NOC)cc3c2CCC2(C)C(O)CCC32)CC1=O,CCOC1Cc2c(c(NOC)cc3c2CCC2(C)C(O)CCC32)CC1=O,5.114,0.0,1.0,other,Papyrus,0.0
CCOc1cc(Br)c(Br)c(C=Nc2ccc(NC(C)=O)cc2)c1O,CCOc1cc(Br)c(Br)c(C=Nc2ccc(NC(C)=O)cc2)c1O,5.408,0.0,1.0,other,Papyrus,0.0
CCOc1ccc(-n2c(C)c(C(C)=O)c3cc(O)ccc32)cc1,CCOc1ccc(-n2c(C)c(C(C)=O)c3cc(O)ccc32)cc1,5.728,0.0,1.0,other,Papyrus,0.0
CCOc1ccc(-n2c(C)c(C(C)=O)c3cc(OC(C)=O)ccc32)cc1,CCOc1ccc(-n2c(C)c(C(C)=O)c3cc(OC(C)=O)ccc32)cc1,6.034,0.0,1.0,other,Papyrus,0.0
CCOc1ccc(-n2cc(-c3ccccc3)c3c(N4CCOCC4)ncnc32)cc1,CCOc1ccc(-n2cc(-c3ccccc3)c3c(N4CCOCC4)ncnc32)cc1,5.399,0.0,1.0,other,Papyrus,0.0
CCOc1ccc(C(C(=O)NC2CCCC2)N(C(=O)c2snc(C(N)=O)c2N)c2cccc(O)c2)cc1,CCOc1ccc(C(C(=O)NC2CCCC2)N(C(=O)c2snc(C(N)=O)c2N)c2cccc(O)c2)cc1,5.36,0.0,1.0,other,Papyrus,0.0
CCOc1ccc(C(C(=O)NCC2CCCO2)N(Cc2cccs2)C(=O)c2snc(C(N)=O)c2N)cc1,CCOc1ccc(C(C(=O)NCC2CCCO2)N(Cc2cccs2)C(=O)c2snc(C(N)=O)c2N)cc1,5.46,0.0,1.0,other,Papyrus,0.0
CCOc1ccc(CC)cc1[C@@]1(C(=O)NS(=O)(=O)c2cccc3nc(C)ccc23)CCCO1,CCOc1ccc(CC)cc1[C@@]1(C(=O)NS(=O)(=O)c2cccc3nc(C)ccc23)CCCO1,7.522878745280337,0.0,1.0,EC50,ChEMBL,0.0
CCOc1ccc(NC(=O)C2Cc3ccccc3CN2C(=O)c2cccc(Oc3ccccc3)c2)cc1,CCOc1ccc(NC(=O)C2Cc3ccccc3CN2C(=O)c2cccc(Oc3ccccc3)c2)cc1,6.38,0.0,1.0,EC50,Papyrus,0.0
CCOc1ccc(NC(=O)[C@H]2Cc3ccccc3CN2C(=O)c2cccc(Oc3ccccc3)c2)cc1,CCOc1ccc(NC(=O)[C@H]2Cc3ccccc3CN2C(=O)c2cccc(Oc3ccccc3)c2)cc1,6.376750709602099,0.0,2.0,EC50,"BindingDB,ChEMBL",0.0
CCOc1ccc(NC(=O)c2cc3nccc(-c4ccc(OC)c(OC)c4)n3n2)cc1,CCOc1ccc(NC(=O)c2cc3nccc(-c4ccc(OC)c(OC)c4)n3n2)cc1,7.593610979623233,0.0008506741237304785,4.0,EC50,"BindingDB,ChEMBL",0.21456169952201878
CCOc1ccc(NCc2cc3c(C(C)(C)C)nn(-c4ccccc4)c3[nH]c2=O)cc1,CCOc1ccc(NCc2cc3c(C(C)(C)C)nn(-c4ccccc4)c3[nH]c2=O)cc1,5.138999999999999,0.0,1.0,other,Papyrus,0.0
CCOc1ccc(Nc2ncnc3ccc([N+](=O)[O-])cc23)cc1,CCOc1ccc(Nc2ncnc3ccc([N+](=O)[O-])cc23)cc1,5.777,0.0,1.0,other,Papyrus,0.0
CCOc1cccc(-c2nnc3sc(C4CCCCC4)nn23)c1,CCOc1cccc(-c2nnc3sc(C4CCCCC4)nn23)c1,5.541,0.0,1.0,other,Papyrus,0.0
CCOc1cccc([C@@H]2C[C@]2(C(=O)NS(=O)(=O)c2cccc3nc(C)ccc23)c2cc(C)ccc2OC)n1,CCOc1cccc([C@@H]2C[C@]2(C(=O)NS(=O)(=O)c2cccc3nc(C)ccc23)c2cc(C)ccc2OC)n1,7.045757490560675,0.0,1.0,EC50,ChEMBL,0.0
CCOc1cccc([C@H]2C[C@@]2(C(=O)NS(=O)(=O)c2cccc3nc(C)ccc23)c2cc(C)ccc2OC)n1,CCOc1cccc([C@H]2C[C@@]2(C(=O)NS(=O)(=O)c2cccc3nc(C)ccc23)c2cc(C)ccc2OC)n1,8.301029995663981,0.0,1.0,EC50,ChEMBL,0.0
CCOc1ccccc1CC(=O)Nc1nnc(Cc2ccc(OC)c(OC)c2)s1,CCOc1ccccc1CC(=O)Nc1nnc(Cc2ccc(OC)c(OC)c2)s1,6.423658649794207,0.0,2.0,EC50,"BindingDB,ChEMBL",0.0
CCOc1ccccc1N1CCN(C(=O)c2cc(-c3cc(OC)ccc3OC)nc3ccccc23)CC1,CCOc1ccccc1N1CCN(C(=O)c2cc(-c3cc(OC)ccc3OC)nc3ccccc23)CC1,5.385,0.0,1.0,other,Papyrus,0.0
CCOc1ccccc1NC(=O)c1nc(S(=O)(=O)Cc2ccccc2)ncc1Cl,CCOc1ccccc1NC(=O)c1nc(S(=O)(=O)Cc2ccccc2)ncc1Cl,5.738,0.0,1.0,other,Papyrus,0.0
CCOc1ccccc1NC(=S)Nc1ccc2c[nH]nc2c1,CCOc1ccccc1NC(=S)Nc1ccc2c[nH]nc2c1,5.244,0.0,1.0,other,Papyrus,0.0
CCOc1ccccc1Nc1nc(-c2sc(NC(=O)C(C)(C)C)nc2C)cs1,CCOc1ccccc1Nc1nc(-c2sc(NC(=O)C(C)(C)C)nc2C)cs1,6.096910013008056,0.0017840048215910312,3.0,Kd,"BindingDB,ChEMBL,Papyrus",0.0017840048215910312
CCOc1nc(C(=O)NCC(C)(O)C(F)(F)F)c(N)cc1C(F)(F)F,CCOc1nc(C(=O)NCC(C)(O)C(F)(F)F)c(N)cc1C(F)(F)F,7.82,0.0,1.0,EC50,Papyrus,0.0
CCOc1nc(C(=O)NC[C@](C)(O)C(F)(F)F)c(N)cc1C(F)(F)F,CCOc1nc(C(=O)NC[C@](C)(O)C(F)(F)F)c(N)cc1C(F)(F)F,7.823908740944319,0.0,2.0,EC50,"BindingDB,ChEMBL",0.0
CCS(=O)(=O)NC(=O)c1cc(-c2ccc(N3CCOCC3)cc2)c2c(C)nn(-c3ccccc3)c2n1,CCS(=O)(=O)NC(=O)c1cc(-c2ccc(N3CCOCC3)cc2)c2c(C)nn(-c3ccccc3)c2n1,6.3325470471100465,0.0,2.0,EC50,"BindingDB,ChEMBL",0.0
CCS(=O)(=O)c1ncc(Cl)c(C(=O)Nc2ccccc2OC)n1,CCS(=O)(=O)c1ncc(Cl)c(C(=O)Nc2ccccc2OC)n1,5.74,0.0,1.0,other,Papyrus,0.0
CCSc1nsc(NC(=O)Nc2cccc(C(C)=O)c2)n1,CCSc1nsc(NC(=O)Nc2cccc(C(C)=O)c2)n1,5.65,0.0,1.0,other,Papyrus,0.0
CCSc1nsc(NC(=O)Nc2cccc(OC)c2)n1,CCSc1nsc(NC(=O)Nc2cccc(OC)c2)n1,5.375,0.0,1.0,other,Papyrus,0.0
CC[C@@H](c1cn(-c2ccccc2)nn1)n1nc(-c2cnc(C(F)(F)F)nc2)c2c(N)ncnc21,CC[C@@H](c1cn(-c2ccccc2)nn1)n1nc(-c2cnc(C(F)(F)F)nc2)c2c(N)ncnc21,6.59150836188857,0.0,4.0,EC50,"BindingDB,ChEMBL",0.18997666607345143
CC[C@@H](c1cn(-c2ccccc2F)nn1)c1cc(-c2cncnc2OC)c2c(N)ncnn12,CC[C@@H](c1cn(-c2ccccc2F)nn1)c1cc(-c2cncnc2OC)c2c(N)ncnn12,6.595381800788438,0.0,4.0,EC50,"BindingDB,ChEMBL",0.4450715169837095
CC[C@H](c1cn(-c2ccccc2)nn1)n1nc(-c2cnc(C(F)(F)F)nc2)c2c(N)ncnc21,CC[C@H](c1cn(-c2ccccc2)nn1)n1nc(-c2cnc(C(F)(F)F)nc2)c2c(N)ncnc21,7.2134295396990975,0.0,4.0,EC50,"BindingDB,ChEMBL",0.1202116533267281
CC[C@H](c1cn(-c2ccccc2F)nn1)c1cc(-c2cncnc2OC)c2c(N)ncnn12,CC[C@H](c1cn(-c2ccccc2F)nn1)c1cc(-c2cncnc2OC)c2c(N)ncnn12,7.918419312511491,0.0,4.0,EC50,"BindingDB,ChEMBL",0.09128373522513283
CCc1c(C)nc2ccc(Br)cc2c1SCCC#N,CCc1c(C)nc2ccc(Br)cc2c1SCCC#N,5.506,0.0,1.0,other,Papyrus,0.0
CCc1c[nH]c2cc(NC(=O)c3c[nH]c4ccccc4c3=O)ccc12,CCc1c[nH]c2cc(NC(=O)c3c[nH]c4ccccc4c3=O)ccc12,7.0,0.0,3.0,EC50,"BindingDB,ChEMBL,Papyrus",0.0
CCc1cc(-c2[nH]ncc2-c2ccc(OC)cc2)c(O)cc1O,CCc1cc(-c2[nH]ncc2-c2ccc(OC)cc2)c(O)cc1O,5.449,0.0,1.0,other,Papyrus,0.0
CCc1cc(SC#N)cc(C)c1NC(=O)CCl,CCc1cc(SC#N)cc(C)c1NC(=O)CCl,5.2620000000000005,0.0,1.0,other,Papyrus,0.0
CCc1cc2c(Sc3nc4ccccc4s3)ncnc2s1,CCc1cc2c(Sc3nc4ccccc4s3)ncnc2s1,5.987,0.0,1.0,other,Papyrus,0.0
CCc1cc2cc[nH]c2cc1NC(=O)c1c[nH]c2ccccc2c1=O,CCc1cc2cc[nH]c2cc1NC(=O)c1c[nH]c2ccccc2c1=O,7.698970004336019,0.0005946682738638907,3.0,EC50,"BindingDB,ChEMBL,Papyrus",0.0005946682738638907
CCc1ccc(C2Nc3ccccc3-n3c(-c4ccccc4)c4c(=O)n(C)c(=O)n(C)c4c32)o1,CCc1ccc(C2Nc3ccccc3-n3c(-c4ccccc4)c4c(=O)n(C)c(=O)n(C)c4c32)o1,6.522878745280337,0.0010846940933417174,4.0,IC50,"BindingDB,ChEMBL,Papyrus",0.002
CCc1ccc(N(CC)c2ncnc3[nH]cnc23)cc1,CCc1ccc(N(CC)c2ncnc3[nH]cnc23)cc1,5.74,0.0,1.0,other,Papyrus,0.0
CCc1ccc(NC(=O)c2c[nH]c3ccccc3c2=O)cc1,CCc1ccc(NC(=O)c2c[nH]c3ccccc3c2=O)cc1,6.096910013008056,0.0017840048215910312,3.0,EC50,"BindingDB,ChEMBL,Papyrus",0.0017840048215910312
CCc1ccc(NC(=O)c2c[nH]c3ccccc3c2=O)cc1N,CCc1ccc(NC(=O)c2c[nH]c3ccccc3c2=O)cc1N,5.769551078621726,0.00025918487859128764,3.0,EC50,"BindingDB,ChEMBL,Papyrus",0.00025918487859128764
CCc1ccc(NS(=O)(=O)c2cn(Cc3ccccc3C#N)c3ncccc23)cc1,CCc1ccc(NS(=O)(=O)c2cn(Cc3ccccc3C#N)c3ncccc23)cc1,6.154901959985743,0.0,1.0,EC50,ChEMBL,0.0
CCc1ccc(NS(=O)(=O)c2cn(Cc3ccccn3)c3ncccc23)cc1,CCc1ccc(NS(=O)(=O)c2cn(Cc3ccccn3)c3ncccc23)cc1,6.221848749616356,0.0,1.0,EC50,ChEMBL,0.0
CCc1ccc(Nc2n[n+](-c3ccccc3)c(-c3c(Cl)cccc3Cl)s2)cc1,CCc1ccc(Nc2n[n+](-c3ccccc3)c(-c3c(Cl)cccc3Cl)s2)cc1,5.2620000000000005,0.0,1.0,other,Papyrus,0.0
CCc1cccc(CC)c1NC(=O)c1c[nH]c2ccccc2c1=O,CCc1cccc(CC)c1NC(=O)c1c[nH]c2ccccc2c1=O,5.823908740944319,0.0022567126363947855,3.0,EC50,"BindingDB,ChEMBL,Papyrus",0.0022567126363947855
CCc1ccccc1-c1nc(NS(=O)(=O)c2cccc(N(CC)CCCC(=O)O)n2)ccc1C(F)(F)F,CCc1ccccc1-c1nc(NS(=O)(=O)c2cccc(N(CC)CCCC(=O)O)n2)ccc1C(F)(F)F,8.397940008672037,0.0,1.0,EC50,ChEMBL,0.0
CCc1ccccc1-c1nc(NS(=O)(=O)c2cccc(N(CCCC(=O)O)C(C)C)n2)ccc1C(F)(F)F,CCc1ccccc1-c1nc(NS(=O)(=O)c2cccc(N(CCCC(=O)O)C(C)C)n2)ccc1C(F)(F)F,8.698970004336019,0.0,1.0,EC50,ChEMBL,0.0
CCc1ccccc1C1C(OCc2cc(C(F)(F)F)cnc2OC)C(C(C)(C)C)C(C(=O)O)N1C(=O)C1CCCCO1,CCc1ccccc1C1C(OCc2cc(C(F)(F)F)cnc2OC)C(C(C)(C)C)C(C(=O)O)N1C(=O)C1CCCCO1,7.32,0.0,1.0,EC50,Papyrus,0.0
CCc1ccccc1NC(=O)CN(C)C(=O)Cn1ncc(Cl)c(Cl)c1=O,CCc1ccccc1NC(=O)CN(C)C(=O)Cn1ncc(Cl)c(Cl)c1=O,5.192,0.0,1.0,other,Papyrus,0.0
CCc1ccccc1NC(=O)c1c[nH]c2ccccc2c1=O,CCc1ccccc1NC(=O)c1c[nH]c2ccccc2c1=O,6.698970004336019,0.0005946682738638907,3.0,EC50,"BindingDB,ChEMBL,Papyrus",0.0005946682738638907
CCc1ccccc1[C@H]1[C@@H](OCc2cc(C(F)(F)F)cnc2OC)[C@H](C(C)(C)C)[C@@H](C(=O)O)N1C(=O)[C@@H]1CCCCO1,CCc1ccccc1[C@H]1[C@@H](OCc2cc(C(F)(F)F)cnc2OC)[C@H](C(C)(C)C)[C@@H](C(=O)O)N1C(=O)[C@@H]1CCCCO1,7.318758762624412,0.0,2.0,EC50,"BindingDB,ChEMBL",0.0
CCc1nc(C(=O)NCC(C)(O)C(F)(F)F)c(N)cc1C(F)(F)F,CCc1nc(C(=O)NCC(C)(O)C(F)(F)F)c(N)cc1C(F)(F)F,7.735,0.2099018769377091,6.0,EC50,"BindingDB,ChEMBL,Papyrus",0.516455567970968
CCc1nc(Cl)c(C#N)c2c1CCCC2,CCc1nc(Cl)c(C#N)c2c1CCCC2,5.542000000000001,0.0,1.0,other,Papyrus,0.0
CCc1nccn1C(=O)c1cnn2c(C(F)F)cc(-c3ccc(C)cc3)nc12,CCc1nccn1C(=O)c1cnn2c(C(F)F)cc(-c3ccc(C)cc3)nc12,5.412999999999999,0.0,1.0,other,Papyrus,0.0
CCc1nnc2n1N=C(c1ccc(OC)c(OC)c1)CS2,CCc1nnc2n1N=C(c1ccc(OC)c(OC)c1)CS2,6.026872146400302,0.0,1.0,EC50,ChEMBL,0.0
CCn1c(=O)c(-c2cccc([N+](=O)[O-])c2)nc2ccccc21,CCn1c(=O)c(-c2cccc([N+](=O)[O-])c2)nc2ccccc21,7.187086643357144,0.0016820272419982138,3.0,EC50,"BindingDB,ChEMBL,Papyrus",0.0016820272419982138
CCn1c(=O)c2c(cnn2C)c2ccccc21,CCn1c(=O)c2c(cnn2C)c2ccccc21,5.662000000000001,0.0,1.0,other,Papyrus,0.0
CCn1c(Oc2ccccc2F)nc2c1c(=O)n(C)c(=O)n2C,CCn1c(Oc2ccccc2F)nc2c1c(=O)n(C)c(=O)n2C,5.447,0.0,1.0,other,Papyrus,0.0
CCn1c2ccccc2c2cc(C=NO)ccc21,CCn1c2ccccc2c2cc(C=NO)ccc21,5.471,0.0,1.0,other,Papyrus,0.0
CN(C(=O)Cc1c[nH]c2ccccc12)C(C(=O)Nc1ccc(-n2cc(CCCF)nn2)cc1)c1ccccc1,CN(C(=O)Cc1c[nH]c2ccccc12)C(C(=O)Nc1ccc(-n2cc(CCCF)nn2)cc1)c1ccccc1,5.96,0.0,1.0,EC50,Papyrus,0.0
CN(C(=O)Cc1c[nH]c2ccccc12)C(C(=O)Nc1ccc(F)cc1)c1ccccc1,CN(C(=O)Cc1c[nH]c2ccccc12)C(C(=O)Nc1ccc(F)cc1)c1ccccc1,7.05,0.0,1.0,EC50,Papyrus,0.0
CN(C(=O)Cc1c[nH]c2ccccc12)[C@H](C(=O)Nc1ccc(-n2cc(CCCF)nn2)cc1)c1ccccc1,CN(C(=O)Cc1c[nH]c2ccccc12)[C@H](C(=O)Nc1ccc(-n2cc(CCCF)nn2)cc1)c1ccccc1,5.958607314841775,0.0,1.0,EC50,ChEMBL,0.0
CN(C(=O)Cc1c[nH]c2ccccc12)[C@H](C(=O)Nc1ccc(F)cc1)c1ccccc1,CN(C(=O)Cc1c[nH]c2ccccc12)[C@H](C(=O)Nc1ccc(F)cc1)c1ccccc1,7.045757490560675,0.0,1.0,EC50,ChEMBL,0.0
CN(C(=O)c1cccc(-n2nc(C(F)(F)F)c3c2[C@@H](Oc2ccc(C(=O)O)cc2)CCC3)c1)c1ccc(C2(C(F)(F)F)N=N2)cc1,CN(C(=O)c1cccc(-n2nc(C(F)(F)F)c3c2[C@@H](Oc2ccc(C(=O)O)cc2)CCC3)c1)c1ccc(C2(C(F)(F)F)N=N2)cc1,7.619788758288394,0.0,1.0,EC50,ChEMBL,0.0
CN(C)C(=O)c1cccc(-c2cnc3sc(NCc4ccc5c(c4)OCO5)nn23)c1,CN(C)C(=O)c1cccc(-c2cnc3sc(NCc4ccc5c(c4)OCO5)nn23)c1,5.772,0.0,1.0,other,Papyrus,0.0
CN(C)C=CC(=O)c1ccc2noc(-c3ccccc3)c2c1,CN(C)C=CC(=O)c1ccc2noc(-c3ccccc3)c2c1,5.4510000000000005,0.0,1.0,other,Papyrus,0.0
CN(C)CCCN(C(=O)CCOc1ccccc1)c1nc2c(F)cccc2s1,CN(C)CCCN(C(=O)CCOc1ccccc1)c1nc2c(F)cccc2s1,5.249,0.0,1.0,other,Papyrus,0.0
CN(C)CCCN(C(=O)CCOc1ccccc1)c1nc2ccc(F)cc2s1,CN(C)CCCN(C(=O)CCOc1ccccc1)c1nc2ccc(F)cc2s1,5.597,0.0,1.0,other,Papyrus,0.0
CN(C)CCCN(C(=O)CCS(=O)(=O)c1ccccc1)c1nc2cc3c(cc2s1)OCO3,CN(C)CCCN(C(=O)CCS(=O)(=O)c1ccccc1)c1nc2cc3c(cc2s1)OCO3,5.77,0.0,1.0,other,Papyrus,0.0
CN(C)CCCN(C(=O)CCSc1ccccc1)c1nc2cc3c(cc2s1)OCO3,CN(C)CCCN(C(=O)CCSc1ccccc1)c1nc2cc3c(cc2s1)OCO3,5.024,0.0,1.0,other,Papyrus,0.0
CN(C)CCN1CCN(c2nc(-c3ccccn3)nc3c2CN(CC2CCCCC2)CC3)CC1,CN(C)CCN1CCN(c2nc(-c3ccccn3)nc3c2CN(CC2CCCCC2)CC3)CC1,6.0479398932618995,0.0012073733801421108,6.0,EC50,"BindingDB,ChEMBL,Papyrus",0.0030863834986319867
CN(C)CCN1CCN(c2nc(-c3ccccn3)nc3c2CN(Cc2ccccc2)CC3)CC1,CN(C)CCN1CCN(c2nc(-c3ccccn3)nc3c2CN(Cc2ccccc2)CC3)CC1,5.821891432890133,0.0011106879373835347,7.0,EC50,"BindingDB,ChEMBL,Papyrus",0.42
CN(C)CCN1CCN(c2nc(-c3ccccn3)nc3c2CN(Cc2ccsc2)CC3)CC1,CN(C)CCN1CCN(c2nc(-c3ccccn3)nc3c2CN(Cc2ccsc2)CC3)CC1,6.699480900891103,0.0005150032755033946,6.0,EC50,"BindingDB,ChEMBL,Papyrus",0.0007225168371694316
CN(C)CCn1c(C(C)(C)C)cc2cc(NC(=O)C3(c4ccc5c(c4)OC(F)(F)O5)CC3)c(F)cc21,CN(C)CCn1c(C(C)(C)C)cc2cc(NC(=O)C3(c4ccc5c(c4)OC(F)(F)O5)CC3)c(F)cc21,7.419075024324381,0.0,2.0,EC50,"BindingDB,ChEMBL",0.0
CN(C)S(=O)(=O)NC(=O)c1cc(N2CCC(N3CCOCC3)CC2)c2c(C3CCC3)nn(-c3ccc(F)cc3)c2n1,CN(C)S(=O)(=O)NC(=O)c1cc(N2CCC(N3CCOCC3)CC2)c2c(C3CCC3)nn(-c3ccc(F)cc3)c2n1,7.121087273489223,0.07472410845966616,9.0,EC50,"BindingDB,ChEMBL",0.29675197505091944
CN(C)c1ccc(C(C(=O)NC2CCCCC2)N(Cc2ccco2)C(=O)c2snc(C(N)=O)c2N)cc1,CN(C)c1ccc(C(C(=O)NC2CCCCC2)N(Cc2ccco2)C(=O)c2snc(C(N)=O)c2N)cc1,5.394,0.0,1.0,other,Papyrus,0.0
CN(C)c1ccc(C(C(=O)NCc2ccccc2)N(Cc2ccco2)C(=O)c2snc(C(N)=O)c2N)cc1,CN(C)c1ccc(C(C(=O)NCc2ccccc2)N(Cc2ccco2)C(=O)c2snc(C(N)=O)c2N)cc1,5.511,0.0,1.0,other,Papyrus,0.0
CN(C)c1ccc(Cl)cc1Nc1nc2c(s1)CCCCc1nc(NC(=O)C(C)(C)C)sc1-2,CN(C)c1ccc(Cl)cc1Nc1nc2c(s1)CCCCc1nc(NC(=O)C(C)(C)C)sc1-2,5.6777807052660805,0.0012813104120393288,3.0,IC50,"BindingDB,ChEMBL,Papyrus",0.0012813104120393288
CN(C)c1ccc(Cl)cc1Nc1nc2c(s1)CCCc1nc(NC(=O)C(C)(C)C)sc1-2,CN(C)c1ccc(Cl)cc1Nc1nc2c(s1)CCCc1nc(NC(=O)C(C)(C)C)sc1-2,5.161150909262744,0.0006644777726581294,3.0,IC50,"BindingDB,ChEMBL,Papyrus",0.0006644777726581294
CN(C)c1ccc(Nc2ncnc3ccc(Br)cc23)cc1,CN(C)c1ccc(Nc2ncnc3ccc(Br)cc23)cc1,5.78,0.0,1.0,other,Papyrus,0.0
CN(C)c1ccc2cc(C(=O)N3CCc4[nH]c5ccccc5c4C3)[nH]c2c1,CN(C)c1ccc2cc(C(=O)N3CCc4[nH]c5ccccc5c4C3)[nH]c2c1,6.920818753952375,0.00047270781480375436,3.0,EC50,"BindingDB,ChEMBL,Papyrus",0.00047270781480375436
CN(C)c1cccc(Nc2nc3c(s2)CCCCc2nc(NC(=O)C(C)(C)C)sc2-3)c1,CN(C)c1cccc(Nc2nc3c(s2)CCCCc2nc(NC(=O)C(C)(C)C)sc2-3)c1,5.2839966563652006,0.0023074706283068257,3.0,IC50,"BindingDB,ChEMBL,Papyrus",0.0023074706283068257
CN(C)c1cccc(Nc2nc3c(s2)CCCc2nc(NC(=O)C(C)(C)C)sc2-3)c1,CN(C)c1cccc(Nc2nc3c(s2)CCCc2nc(NC(=O)C(C)(C)C)sc2-3)c1,5.657577319177793,0.0013987354248616152,3.0,IC50,"BindingDB,ChEMBL,Papyrus",0.0013987354248616152
CN(C)c1ccnc2sc3c(=O)n(Cc4ccccc4)cnc3c12,CN(C)c1ccnc2sc3c(=O)n(Cc4ccccc4)cnc3c12,5.896,0.0,1.0,other,Papyrus,0.0
CN(C)c1nc(C(=O)NCC(C)(O)C(F)(F)F)c(N)cc1C(F)(F)F,CN(C)c1nc(C(=O)NCC(C)(O)C(F)(F)F)c(N)cc1C(F)(F)F,7.52,0.10387942224724392,6.0,EC50,"BindingDB,ChEMBL,Papyrus",0.2557802057919755
CN(CCC#N)C(=O)COC(=O)c1ccccc1C(=O)c1ccc(Cl)c([N+](=O)[O-])c1,CN(CCC#N)C(=O)COC(=O)c1ccccc1C(=O)c1ccc(Cl)c([N+](=O)[O-])c1,5.275,0.0,1.0,other,Papyrus,0.0
CN(Cc1ccccc1)S(=O)(=O)c1cc(C(N)=O)c(NC(=O)c2cc[nH]n2)s1,CN(Cc1ccccc1)S(=O)(=O)c1cc(C(N)=O)c(NC(=O)c2cc[nH]n2)s1,7.77,0.0,1.0,EC50,Papyrus,0.0
CN(Cc1ccccc1)S(=O)(=O)c1cc(C(N)=O)c(NC(=O)c2ccn[nH]2)s1,CN(Cc1ccccc1)S(=O)(=O)c1cc(C(N)=O)c(NC(=O)c2ccn[nH]2)s1,7.769551078621726,0.0,2.0,EC50,"BindingDB,ChEMBL",0.0
CN(Cc1ccccc1)c1ncnc(N)c1[N+](=O)[O-],CN(Cc1ccccc1)c1ncnc(N)c1[N+](=O)[O-],5.457000000000001,0.0,1.0,other,Papyrus,0.0
CN(Cc1ccco1)c1ncnc2ccc(-c3ccoc3)cc12,CN(Cc1ccco1)c1ncnc2ccc(-c3ccoc3)cc12,5.093,0.0,1.0,other,Papyrus,0.0
CN(c1cccc(Cl)c1)S(=O)(=O)c1cccc(C(=O)Nc2nc3ccccc3[nH]2)c1,CN(c1cccc(Cl)c1)S(=O)(=O)c1cccc(C(=O)Nc2nc3ccccc3[nH]2)c1,5.207999999999999,0.0,1.0,other,Papyrus,0.0
CN(c1ncnc(N)c1[N+](=O)[O-])C1C=S(O)(O)=CC1,CN(c1ncnc(N)c1[N+](=O)[O-])C1C=S(O)(O)=CC1,5.553999999999999,0.0,1.0,other,Papyrus,0.0
CN(c1ncnc(N)c1[N+](=O)[O-])C1CCCCC1,CN(c1ncnc(N)c1[N+](=O)[O-])C1CCCCC1,5.962999999999999,0.0,1.0,other,Papyrus,0.0
CN1CCC(OC(=O)c2cc3cc(Cl)cc(Cl)c3oc2=O)CC1,CN1CCC(OC(=O)c2cc3cc(Cl)cc(Cl)c3oc2=O)CC1,5.785,0.0,1.0,other,Papyrus,0.0
CN1CCN(CCCNc2nc(-c3ccccn3)nc3c2CN(Cc2ccccc2)CC3)CC1,CN1CCN(CCCNc2nc(-c3ccccn3)nc3c2CN(Cc2ccccc2)CC3)CC1,5.509339913370447,0.0003873302712067326,6.0,EC50,"BindingDB,ChEMBL,Papyrus",0.000992222424372932
CN1CCN(S(=O)(=O)c2ccc(Sc3nnnn3-c3ccccc3)c([N+](=O)[O-])c2)CC1,CN1CCN(S(=O)(=O)c2ccc(Sc3nnnn3-c3ccccc3)c([N+](=O)[O-])c2)CC1,5.686,0.0,1.0,other,Papyrus,0.0
CN1CCN(c2ncnc3scc(-c4ccccc4Cl)c23)CC1,CN1CCN(c2ncnc3scc(-c4ccccc4Cl)c23)CC1,5.41,0.0,1.0,other,Papyrus,0.0
CNC(=O)COC(=O)c1ccccc1C(=O)c1ccc(Cl)c([N+](=O)[O-])c1,CNC(=O)COC(=O)c1ccccc1C(=O)c1ccc(Cl)c([N+](=O)[O-])c1,5.996,0.0,1.0,other,Papyrus,0.0
CNC(=O)c1cc(-c2ccco2)c(C(F)(F)F)cc1N,CNC(=O)c1cc(-c2ccco2)c(C(F)(F)F)cc1N,5.730487055782084,0.00028120178689628573,3.0,EC50,"BindingDB,ChEMBL,Papyrus",0.00028120178689628573
CNC(=O)c1ccc(NC(=O)C2CCN(c3ncnc4sc(C)c(C)c34)CC2)cc1,CNC(=O)c1ccc(NC(=O)C2CCN(c3ncnc4sc(C)c(C)c34)CC2)cc1,5.26,0.0,1.0,other,Papyrus,0.0
CNC(=O)c1nc(-c2ccco2)c(C(F)(F)F)cc1N,CNC(=O)c1nc(-c2ccco2)c(C(F)(F)F)cc1N,5.730487055782084,0.0,1.0,EC50,ChEMBL,0.0
CNC(=O)c1nc(Br)c(C(F)(F)F)cc1N,CNC(=O)c1nc(Br)c(C(F)(F)F)cc1N,6.6020599913279625,0.0011893365477277172,4.0,EC50,"BindingDB,ChEMBL,Papyrus",0.0011893365477277172
CNc1ccc2ncc(-c3ccc(OC)c(OC)c3)n2n1,CNc1ccc2ncc(-c3ccc(OC)c(OC)c3)n2n1,6.272,0.0,1.0,other,Papyrus,0.0
CNc1ccc2ncc(-c3cccc(C(=O)N(C)C)c3)n2n1,CNc1ccc2ncc(-c3cccc(C(=O)N(C)C)c3)n2n1,6.772,0.0,1.0,other,Papyrus,0.0
CNc1nc(-c2sc(NC(=O)C(C)(C)C)nc2C)c(-n2cc(-c3ccccc3)nn2)s1,CNc1nc(-c2sc(NC(=O)C(C)(C)C)nc2C)c(-n2cc(-c3ccccc3)nn2)s1,5.309803919971486,0.00011320685724501784,3.0,EC50,"BindingDB,ChEMBL,Papyrus",0.00011320685724501784
CNc1nc(C(=O)NCC(C)(O)C(F)(F)F)c(N)cc1C(F)(F)F,CNc1nc(C(=O)NCC(C)(O)C(F)(F)F)c(N)cc1C(F)(F)F,6.756883969574062,0.11510593684275008,6.0,EC50,"BindingDB,ChEMBL,Papyrus",0.27972161617143215
CNc1nc(Nc2ccc([N+](=O)[O-])cc2)nc(OCC(F)(F)C(F)F)n1,CNc1nc(Nc2ccc([N+](=O)[O-])cc2)nc(OCC(F)(F)C(F)F)n1,7.154901959985743,0.0,2.0,EC50,"BindingDB,ChEMBL",0.0
CNc1nc(Nc2cccc([N+](=O)[O-])c2)nc(OCC(F)(F)F)n1,CNc1nc(Nc2cccc([N+](=O)[O-])c2)nc(OCC(F)(F)F)n1,6.3979400086720375,0.0,2.0,EC50,"BindingDB,ChEMBL",0.0
CNc1nc(Nc2ccccc2)nc(OC(C(F)(F)F)C(F)(F)F)n1,CNc1nc(Nc2ccccc2)nc(OC(C(F)(F)F)C(F)(F)F)n1,6.920818753952375,0.00047270781480375436,3.0,EC50,"BindingDB,ChEMBL,Papyrus",0.00047270781480375436
CNc1nc(Nc2ccccc2)nc(OCC(F)(F)C(F)F)n1,CNc1nc(Nc2ccccc2)nc(OCC(F)(F)C(F)F)n1,7.455,0.03147359511735177,7.0,EC50,"BindingDB,ChEMBL,Papyrus",0.07827551682359359
COC(=O)C12CC(NC(=O)c3cc4nccc(-c5ccc(OC)c(OC)c5)n4n3)(C1)C2,COC(=O)C12CC(NC(=O)c3cc4nccc(-c5ccc(OC)c(OC)c5)n4n3)(C1)C2,6.508638306165727,0.0,2.0,EC50,"BindingDB,ChEMBL",0.0
COC(=O)C1=C2N(Cc3ccccc3)c3ccccc3C23CC(C(=O)OC)N(C(=O)c2ccc(Br)cc2)C3=NC1C(=O)OC,COC(=O)C1=C2N(Cc3ccccc3)c3ccccc3C23CC(C(=O)OC)N(C(=O)c2ccc(Br)cc2)C3=NC1C(=O)OC,5.246,0.0,1.0,other,Papyrus,0.0
COC(=O)CCC(=O)Nc1nc2c(s1)-c1nc(Nc3cc(Cl)ccc3OC)sc1CCC2,COC(=O)CCC(=O)Nc1nc2c(s1)-c1nc(Nc3cc(Cl)ccc3OC)sc1CCC2,5.055517327849832,0.002588071972588243,3.0,IC50,"BindingDB,ChEMBL,Papyrus",0.002588071972588243
COC(=O)CCC(=O)Nc1nc2c(s1)-c1nc(Nc3cc(Cl)ccc3OC)sc1CCCC2,COC(=O)CCC(=O)Nc1nc2c(s1)-c1nc(Nc3cc(Cl)ccc3OC)sc1CCCC2,5.080921907623926,0.000532263614841753,3.0,IC50,"BindingDB,ChEMBL,Papyrus",0.000532263614841753
COC(=O)N1C(=O)C(c2ccc(OC)cc2)(C(C)C)N1C(=O)OC,COC(=O)N1C(=O)C(c2ccc(OC)cc2)(C(C)C)N1C(=O)OC,5.3260000000000005,0.0,1.0,other,Papyrus,0.0
COC(=O)N1C(=O)C(c2ccccc2)(C(C)C)N1C(=O)OC,COC(=O)N1C(=O)C(c2ccccc2)(C(C)C)N1C(=O)OC,5.371,0.0,1.0,other,Papyrus,0.0
COC(=O)Nc1cc(NC(=O)c2c[nH]c3ccccc3c2=O)ccc1C(C)(C)C,COC(=O)Nc1cc(NC(=O)c2c[nH]c3ccccc3c2=O)ccc1C(C)(C)C,5.455931955649724,0.00234868650070691,3.0,EC50,"BindingDB,ChEMBL,Papyrus",0.00234868650070691
COC(=O)c1c(C)n(-c2ccc(OC)cc2)c2ccc(O)cc12,COC(=O)c1c(C)n(-c2ccc(OC)cc2)c2ccc(O)cc12,5.625,0.0,1.0,other,Papyrus,0.0
COC(=O)c1cc(-c2cccnc2)c(C(F)(F)F)cc1N,COC(=O)c1cc(-c2cccnc2)c(C(F)(F)F)cc1N,6.482804102050026,0.0016189490734174442,3.0,EC50,"BindingDB,ChEMBL,Papyrus",0.0016189490734174442
COC(=O)c1cc(-c2ccco2)c(C(F)(F)F)cc1N,COC(=O)c1cc(-c2ccco2)c(C(F)(F)F)cc1N,6.7447274948966935,0.2019152633216198,10.0,EC50,"BindingDB,ChEMBL,Papyrus",0.993
COC(=O)c1cc(-c2ncco2)c(C(F)(F)F)cc1N,COC(=O)c1cc(-c2ncco2)c(C(F)(F)F)cc1N,6.619788758288394,0.00012196045906007223,3.0,EC50,"BindingDB,ChEMBL,Papyrus",0.00012196045906007223
COC(=O)c1cc(C2CCCO2)c(C(F)(F)F)cc1N,COC(=O)c1cc(C2CCCO2)c(C(F)(F)F)cc1N,6.335358024443875,0.003093456854995703,3.0,EC50,"BindingDB,ChEMBL,Papyrus",0.003093456854995703
COC(=O)c1cc(I)c(C(F)(F)F)cc1N,COC(=O)c1cc(I)c(C(F)(F)F)cc1N,6.441291429466834,0.0007456071503159759,3.0,EC50,"BindingDB,ChEMBL,Papyrus",0.0007456071503159759
COC(=O)c1ccc(-c2ccc(OC)c(C3C4C=CCC(C)C4C(=O)N3Cc3ccccc3)c2)cc1,COC(=O)c1ccc(-c2ccc(OC)c(C3C4C=CCC(C)C4C(=O)N3Cc3ccccc3)c2)cc1,5.62,0.0,1.0,other,Papyrus,0.0
COC(=O)c1ccc(C(F)(F)F)cc1N,COC(=O)c1ccc(C(F)(F)F)cc1N,5.422508200162775,0.0014481100391595956,3.0,EC50,"BindingDB,ChEMBL,Papyrus",0.0014481100391595956
COC(=O)c1ccc(CNC(=O)c2cc3nccc(-c4ccc(OC)c(OC)c4)n3n2)cc1,COC(=O)c1ccc(CNC(=O)c2cc3nccc(-c4ccc(OC)c(OC)c4)n3n2)cc1,6.327902142064283,0.0,2.0,EC50,"BindingDB,ChEMBL",0.0
COC(=O)c1ccc(N)c(-c2nc3ccccc3n(Cc3ccccc3)c2=O)c1,COC(=O)c1ccc(N)c(-c2nc3ccccc3n(Cc3ccccc3)c2=O)c1,6.259637310505756,0.00020939887713389803,3.0,EC50,"BindingDB,ChEMBL,Papyrus",0.00020939887713389803
COC(=O)c1ccc(NC(=O)c2cc3nccc(-c4ccc(OC)c(OC)c4)n3n2)c(Cl)c1,COC(=O)c1ccc(NC(=O)c2cc3nccc(-c4ccc(OC)c(OC)c4)n3n2)c(Cl)c1,5.568636235841013,0.0,2.0,EC50,"BindingDB,ChEMBL",0.0
COC(=O)c1ccc(NC(=O)c2cc3nccc(-c4ccc(OC)c(OC)c4)n3n2)c(F)c1,COC(=O)c1ccc(NC(=O)c2cc3nccc(-c4ccc(OC)c(OC)c4)n3n2)c(F)c1,7.769551078621726,0.0,2.0,EC50,"BindingDB,ChEMBL",0.0
COC(=O)c1ccc(NC(=O)c2cc3nccc(-c4ccc(OC)c(OC)c4)n3n2)cc1,COC(=O)c1ccc(NC(=O)c2cc3nccc(-c4ccc(OC)c(OC)c4)n3n2)cc1,7.853871964321762,0.0,2.0,EC50,"BindingDB,ChEMBL",0.0
COC(=O)c1ccc(NC(=O)c2ccccc2NS(=O)(=O)c2ccccc2)cc1,COC(=O)c1ccc(NC(=O)c2ccccc2NS(=O)(=O)c2ccccc2)cc1,5.343999999999999,0.0,1.0,other,Papyrus,0.0
COC(=O)c1ccc([N+](=O)[O-])c(-c2nc3ccccc3n(Cc3ccccc3)c2=O)c1,COC(=O)c1ccc([N+](=O)[O-])c(-c2nc3ccccc3n(Cc3ccccc3)c2=O)c1,5.00436480540245,0.0025200215740649626,3.0,EC50,"BindingDB,ChEMBL,Papyrus",0.0025200215740649626
COC(=O)c1ccc2c(c1)C(C)(C)C(C=Cc1ccccc1O)=[N+]2C,COC(=O)c1ccc2c(c1)C(C)(C)C(C=Cc1ccccc1O)=[N+]2C,5.231,0.0,1.0,other,Papyrus,0.0
COC(=O)c1cccc(NC(=O)c2cc3nccc(-c4ccc(OC)c(OC)c4)n3n2)c1,COC(=O)c1cccc(NC(=O)c2cc3nccc(-c4ccc(OC)c(OC)c4)n3n2)c1,7.508638306165727,0.0,2.0,EC50,"BindingDB,ChEMBL",0.0
COC(=O)c1ccccc1NC(=O)c1cc2nccc(-c3ccc(OC)c(OC)c3)n2n1,COC(=O)c1ccccc1NC(=O)c1cc2nccc(-c3ccc(OC)c(OC)c3)n2n1,6.086186147616283,0.0,2.0,EC50,"BindingDB,ChEMBL",0.0
COC(=O)c1cn(-c2sc(Nc3cc(Cl)ccc3OC)nc2-c2sc(NC(=O)C(C)(C)C)nc2C)nn1,COC(=O)c1cn(-c2sc(Nc3cc(Cl)ccc3OC)nc2-c2sc(NC(=O)C(C)(C)C)nc2C)nn1,5.337242168318426,0.0015922348637364637,3.0,EC50,"BindingDB,ChEMBL,Papyrus",0.0015922348637364637
COC(=O)c1nc(-c2ccco2)c(C(F)(F)F)cc1N,COC(=O)c1nc(-c2ccco2)c(C(F)(F)F)cc1N,5.277452739459266,0.0036023704036047227,2.0,EC50,"BindingDB,Papyrus",0.0036023704036047227
COC(=O)c1nc(I)c(C(F)(F)F)cc1N,COC(=O)c1nc(I)c(C(F)(F)F)cc1N,6.443697499232712,0.0,1.0,EC50,ChEMBL,0.0
COC1(OC)C=CC(=O)CC1=NC(=O)c1ccccc1OC(C)=O,COC1(OC)C=CC(=O)CC1=NC(=O)c1ccccc1OC(C)=O,5.386,0.0,1.0,other,Papyrus,0.0
COC1CCN(C2CCN(c3cc(C(=O)NS(=O)(=O)N(C)C)nc4c3c(C3CCC3)nn4-c3ccc(F)cc3)CC2)CC1,COC1CCN(C2CCN(c3cc(C(=O)NS(=O)(=O)N(C)C)nc4c3c(C3CCC3)nn4-c3ccc(F)cc3)CC2)CC1,6.161150909262744,0.0,1.0,EC50,ChEMBL,0.0
COC1CCN(c2cc(C(=O)NS(=O)(=O)N(C)C)nc3c2c(C2CCC2)nn3-c2ccc(F)cc2)CC1,COC1CCN(c2cc(C(=O)NS(=O)(=O)N(C)C)nc3c2c(C2CCC2)nn3-c2ccc(F)cc2)CC1,7.002515576700505,0.20679489784421,9.0,EC50,"BindingDB,ChEMBL",0.5379647234001649
COC1CCN(c2cc(C(=O)NS(C)(=O)=O)nc3c2c(C2CCC2)nn3-c2ccccc2)CC1,COC1CCN(c2cc(C(=O)NS(C)(=O)=O)nc3c2c(C2CCC2)nn3-c2ccccc2)CC1,6.88304527325611,0.0,4.0,EC50,"BindingDB,ChEMBL",0.36716127920166114
COCCN(C)c1ccc(-c2cc(C(=O)NS(C)(=O)=O)nc3c2c(C2CCC2)nn3-c2ccccc2)cc1,COCCN(C)c1ccc(-c2cc(C(=O)NS(C)(=O)=O)nc3c2c(C2CCC2)nn3-c2ccccc2)cc1,6.446084784193891,0.0,4.0,EC50,"BindingDB,ChEMBL",0.17104336735217307
COCCN(C)c1ccc(-c2cc(C(=O)NS(C)(=O)=O)nc3c2c(C2CCC2)nn3-c2ccccc2)cn1,COCCN(C)c1ccc(-c2cc(C(=O)NS(C)(=O)=O)nc3c2c(C2CCC2)nn3-c2ccccc2)cn1,6.432363689410391,0.0,4.0,EC50,"BindingDB,ChEMBL",0.23753497148864028
COCCN(C)c1ccc(-c2cc(C(=O)O)nc3c2c(C)nn3-c2ccccc2)cc1,COCCN(C)c1ccc(-c2cc(C(=O)O)nc3c2c(C)nn3-c2ccccc2)cc1,5.82564940252062,0.0,2.0,EC50,"BindingDB,ChEMBL",0.0
COCCN(C)c1ccc(-c2cc(C(=O)O)nc3c2c(C2CCC2)nn3-c2ccccc2)cc1,COCCN(C)c1ccc(-c2cc(C(=O)O)nc3c2c(C2CCC2)nn3-c2ccccc2)cc1,6.3073613497317345,0.0,4.0,EC50,"BindingDB,ChEMBL",0.0584927727615858
COCCN(C)c1ccc(-c2cc(C(=O)O)nc3c2c(C2CCC2)nn3-c2ccccc2)cn1,COCCN(C)c1ccc(-c2cc(C(=O)O)nc3c2c(C2CCC2)nn3-c2ccccc2)cn1,6.2882402623991975,0.0,4.0,EC50,"BindingDB,ChEMBL",0.03933296581121658
COCCNc1ccc(-c2cc(C(=O)O)nc3c2c(C)nn3-c2ccccc2)cc1,COCCNc1ccc(-c2cc(C(=O)O)nc3c2c(C)nn3-c2ccccc2)cc1,5.674074044228534,0.0,2.0,EC50,"BindingDB,ChEMBL",0.0
COCCNc1nc(Oc2cncc(Cl)c2)c2sccc2n1,COCCNc1nc(Oc2cncc(Cl)c2)c2sccc2n1,5.537999999999999,0.0,1.0,other,Papyrus,0.0
COCCS(=O)(=O)NC(=O)c1cc(N2CCC(COC)CC2)c2c(C(C)C)nn(-c3ccc(F)cc3)c2n1,COCCS(=O)(=O)NC(=O)c1cc(N2CCC(COC)CC2)c2c(C(C)C)nn(-c3ccc(F)cc3)c2n1,6.991399828238082,0.0,6.0,IC50,"BindingDB,ChEMBL",0.23594872549841256
COCCS(=O)(=O)NC(=O)c1cc(N2CCC(OC)CC2)c2c(C3CCC3)nn(-c3ccccc3)c2n1,COCCS(=O)(=O)NC(=O)c1cc(N2CCC(OC)CC2)c2c(C3CCC3)nn(-c3ccccc3)c2n1,6.681415302863731,0.0,4.0,IC50,"BindingDB,ChEMBL",0.42645802000579847
COCCn1cc2cccc(C(=O)Nc3cccc(-c4nc5ccccc5[nH]4)c3)c2c1O,COCCn1cc2cccc(C(=O)Nc3cccc(-c4nc5ccccc5[nH]4)c3)c2c1O,5.102,0.0,1.0,other,Papyrus,0.0
COCc1cc([S+](O)c2ccc(Cl)cc2)nc(C)n1,COCc1cc([S+](O)c2ccc(Cl)cc2)nc(C)n1,5.504,0.0,1.0,other,Papyrus,0.0
COCc1nn(-c2ccccc2)c2nc(C(=O)O)cc(-c3ccc(N4CCOCC4)cc3)c12,COCc1nn(-c2ccccc2)c2nc(C(=O)O)cc(-c3ccc(N4CCOCC4)cc3)c12,5.527243550682788,0.0,2.0,EC50,"BindingDB,ChEMBL",0.0
COc1cc(-c2cc(-c3ccc(N4CCOCC4)cc3)c3c(C)nn(-c4ccccc4)c3n2)n[nH]1,COc1cc(-c2cc(-c3ccc(N4CCOCC4)cc3)c3c(C)nn(-c4ccccc4)c3n2)n[nH]1,5.0,0.0,2.0,EC50,"BindingDB,ChEMBL",0.0
COc1cc(-c2cc(C(=O)Nc3ccc(S(=O)(=O)NCc4ccco4)cc3)c3ccccc3n2)cc(OC)c1OC,COc1cc(-c2cc(C(=O)Nc3ccc(S(=O)(=O)NCc4ccco4)cc3)c3ccccc3n2)cc(OC)c1OC,5.402,0.0,1.0,other,Papyrus,0.0
COc1cc(C=C2SC(=O)N(CCNC(=O)c3sc4cc(F)ccc4c3Cl)C2=O)cc(OC)c1OC,COc1cc(C=C2SC(=O)N(CCNC(=O)c3sc4cc(F)ccc4c3Cl)C2=O)cc(OC)c1OC,5.097,0.0,1.0,other,Papyrus,0.0
COc1cc(C=NNC(=O)Nc2cccc3nsnc23)cc(OC)c1OC,COc1cc(C=NNC(=O)Nc2cccc3nsnc23)cc(OC)c1OC,5.597,0.0,1.0,other,Papyrus,0.0
COc1cc(CCc2ccccc2)c(C(=O)O)c(O)c1CC=C(C)CCC=C(C)C,COc1cc(CCc2ccccc2)c(C(=O)O)c(O)c1CC=C(C)CCC=C(C)C,5.202999999999999,0.0,1.0,other,Papyrus,0.0
COc1cc(CN(C)c2ccc(S(=O)(=O)N3CCCC3)cn2)ccc1OC(F)F,COc1cc(CN(C)c2ccc(S(=O)(=O)N3CCCC3)cn2)ccc1OC(F)F,6.343999999999999,0.0,1.0,other,Papyrus,0.0
COc1cc(F)c2[nH]c3c(c2c1)CN(C(=O)c1cc(C(F)(F)F)[nH]n1)CC3,COc1cc(F)c2[nH]c3c(c2c1)CN(C(=O)c1cc(C(F)(F)F)[nH]n1)CC3,6.886056647693163,0.0022766955158615276,3.0,EC50,"BindingDB,ChEMBL,Papyrus",0.0022766955158615276
COc1cc(NC(=O)Cn2ncc(Cl)c(Cl)c2=O)c(C)cc1[N+](=O)[O-],COc1cc(NC(=O)Cn2ncc(Cl)c(Cl)c2=O)c(C)cc1[N+](=O)[O-],5.48,0.0,1.0,other,Papyrus,0.0
COc1cc(NC(=O)c2cc3ccccc3cc2OC)ccc1NC(=O)c1cccs1,COc1cc(NC(=O)c2cc3ccccc3cc2OC)ccc1NC(=O)c1cccs1,5.237,0.0,1.0,other,Papyrus,0.0
COc1cc(NC(=O)c2csc(-c3ccncc3)n2)cc(C(=O)Nc2cccc(C(F)(F)F)c2)c1,COc1cc(NC(=O)c2csc(-c3ccncc3)n2)cc(C(=O)Nc2cccc(C(F)(F)F)c2)c1,5.365,0.0,1.0,other,Papyrus,0.0
COc1cc(O)c(CC=C(C)C)c(O)c1C(=O)CCc1ccc(O)cc1,COc1cc(O)c(CC=C(C)C)c(O)c1C(=O)CCc1ccc(O)cc1,5.301,0.0,1.0,other,Papyrus,0.0
COc1cc(O)cc2cc3c(c(O)c12)C(=O)CC(C)(O)O3,COc1cc(O)cc2cc3c(c(O)c12)C(=O)CC(C)(O)O3,5.38,0.0,1.0,other,Papyrus,0.0
COc1cc2c(Cc3ccccc3)cncc2cc1O,COc1cc2c(Cc3ccccc3)cncc2cc1O,5.192,0.0,1.0,other,Papyrus,0.0
COc1cc2cncc(Cc3ccc(Cl)cc3)c2cc1OC,COc1cc2cncc(Cc3ccc(Cl)cc3)c2cc1OC,5.542000000000001,0.0,1.0,other,Papyrus,0.0
COc1ccc(-c2[nH]ncc2-c2ccc3c(c2)OCCO3)c(O)c1,COc1ccc(-c2[nH]ncc2-c2ccc3c(c2)OCCO3)c(O)c1,6.73,0.0,1.0,other,Papyrus,0.0
COc1ccc(-c2c[nH]nc2-c2ccc(O)cc2O)cc1,COc1ccc(-c2c[nH]nc2-c2ccc(O)cc2O)cc1,5.754,0.0,1.0,other,Papyrus,0.0
COc1ccc(-c2c[nH]nc2-c2ccc(OC)cc2)cc1,COc1ccc(-c2c[nH]nc2-c2ccc(OC)cc2)cc1,5.597,0.0,1.0,other,Papyrus,0.0
COc1ccc(-c2c[nH]nc2-c2ccc(OC)cc2O)cc1,COc1ccc(-c2c[nH]nc2-c2ccc(OC)cc2O)cc1,5.535,0.0,1.0,other,Papyrus,0.0
COc1ccc(-c2c[nH]nc2-c2ccc(OCc3ccc([N+](=O)[O-])cc3)cc2O)cc1,COc1ccc(-c2c[nH]nc2-c2ccc(OCc3ccc([N+](=O)[O-])cc3)cc2O)cc1,5.3260000000000005,0.0,1.0,other,Papyrus,0.0
COc1ccc(-c2c[nH]nc2-c2ccc(OCc3ccccc3)cc2O)cc1,COc1ccc(-c2c[nH]nc2-c2ccc(OCc3ccccc3)cc2O)cc1,5.432,0.0,1.0,other,Papyrus,0.0
COc1ccc(-c2c[nH]nc2-c2ccc(OCc3ccccc3F)cc2O)cc1OC,COc1ccc(-c2c[nH]nc2-c2ccc(OCc3ccccc3F)cc2O)cc1OC,5.447,0.0,1.0,other,Papyrus,0.0
COc1ccc(-c2cc(-c3nc4ccccn4c3NCc3ccccc3)ccc2OC)cc1,COc1ccc(-c2cc(-c3nc4ccccn4c3NCc3ccccc3)ccc2OC)cc1,5.356,0.0,1.0,other,Papyrus,0.0
COc1ccc(-c2cc(=O)oc3c(C)c(O)ccc23)cc1,COc1ccc(-c2cc(=O)oc3c(C)c(O)ccc23)cc1,6.062,0.0,1.0,other,Papyrus,0.0
COc1ccc(-c2cc(=O)oc3c(C)c(OC(=O)c4cccs4)ccc23)cc1,COc1ccc(-c2cc(=O)oc3c(C)c(OC(=O)c4cccs4)ccc23)cc1,5.796,0.0,1.0,other,Papyrus,0.0
COc1ccc(-c2cc(=O)oc3cc(O)ccc23)cc1,COc1ccc(-c2cc(=O)oc3cc(O)ccc23)cc1,5.724,0.0,1.0,other,Papyrus,0.0
COc1ccc(-c2cc(=O)oc3cc(OC(=O)C4CCCCC4)c(Cl)cc23)cc1,COc1ccc(-c2cc(=O)oc3cc(OC(=O)C4CCCCC4)c(Cl)cc23)cc1,6.52,0.0,1.0,other,Papyrus,0.0
COc1ccc(-c2cc(=O)oc3cc(OC(=O)C4CCCCC4)ccc23)cc1,COc1ccc(-c2cc(=O)oc3cc(OC(=O)C4CCCCC4)ccc23)cc1,5.625,0.0,1.0,other,Papyrus,0.0
COc1ccc(-c2cc(C(=O)O)nc3c2c(C)nn3-c2ccc(C)cc2)cc1,COc1ccc(-c2cc(C(=O)O)nc3c2c(C)nn3-c2ccc(C)cc2)cc1,5.383813433124619,0.00011149434346328528,3.0,EC50,"BindingDB,ChEMBL",0.00022298868692657056
COc1ccc(-c2cc(C(=O)O)nc3c2c(C)nn3-c2ccccc2)cc1,COc1ccc(-c2cc(C(=O)O)nc3c2c(C)nn3-c2ccccc2)cc1,5.606424796730413,0.0,2.0,EC50,"BindingDB,ChEMBL",0.0
COc1ccc(-c2cc(C(F)(F)F)nc(S(=O)(=O)CCCC(=O)Nc3cccnc3Cl)n2)cc1OC,COc1ccc(-c2cc(C(F)(F)F)nc(S(=O)(=O)CCCC(=O)Nc3cccnc3Cl)n2)cc1OC,5.8420000000000005,0.0,1.0,other,Papyrus,0.0
COc1ccc(-c2ccnc3cc(C(=O)N4CC(NC(=O)OC(C)(C)C)C4)nn23)cc1OC,COc1ccc(-c2ccnc3cc(C(=O)N4CC(NC(=O)OC(C)(C)C)C4)nn23)cc1OC,6.154901959985743,0.0,2.0,EC50,"BindingDB,ChEMBL",0.0
COc1ccc(-c2ccnc3cc(C(=O)N4CCC(NC(=O)OC(C)(C)C)CC4)nn23)cc1OC,COc1ccc(-c2ccnc3cc(C(=O)N4CCC(NC(=O)OC(C)(C)C)CC4)nn23)cc1OC,6.0915149811213505,0.0,2.0,EC50,"BindingDB,ChEMBL",0.0
COc1ccc(-c2ccnc3cc(C(=O)N4CCN(C(=O)C5CC5)CC4)nn23)cc1OC,COc1ccc(-c2ccnc3cc(C(=O)N4CCN(C(=O)C5CC5)CC4)nn23)cc1OC,5.769551078621726,0.0,2.0,EC50,"BindingDB,ChEMBL",0.0
COc1ccc(-c2ccnc3cc(C(=O)N4CCN(C(=O)OC(C)(C)C)CC4)nn23)cc1OC,COc1ccc(-c2ccnc3cc(C(=O)N4CCN(C(=O)OC(C)(C)C)CC4)nn23)cc1OC,6.568636235841013,0.0,2.0,EC50,"BindingDB,ChEMBL",0.0
COc1ccc(-c2ccnc3cc(C(=O)N4CCN(C(=O)c5ccccc5)C(C)(C)C4)nn23)cc1OC,COc1ccc(-c2ccnc3cc(C(=O)N4CCN(C(=O)c5ccccc5)C(C)(C)C4)nn23)cc1OC,6.698970004336019,0.0,2.0,EC50,"BindingDB,ChEMBL",0.0
COc1ccc(-c2ccnc3cc(C(=O)N4CCN(C(=O)c5ccccc5)C(C)C4)nn23)cc1OC,COc1ccc(-c2ccnc3cc(C(=O)N4CCN(C(=O)c5ccccc5)C(C)C4)nn23)cc1OC,7.64,0.0,1.0,other,Papyrus,0.0
COc1ccc(-c2ccnc3cc(C(=O)N4CCN(C(=O)c5ccccc5)CC4)nn23)cc1OC,COc1ccc(-c2ccnc3cc(C(=O)N4CCN(C(=O)c5ccccc5)CC4)nn23)cc1OC,6.958607314841775,0.0,2.0,EC50,"BindingDB,ChEMBL",0.0
COc1ccc(-c2ccnc3cc(C(=O)N4CCN(C(=O)c5ccccc5)[C@@H](C)C4)nn23)cc1OC,COc1ccc(-c2ccnc3cc(C(=O)N4CCN(C(=O)c5ccccc5)[C@@H](C)C4)nn23)cc1OC,7.052123028963136,0.0,4.0,EC50,"BindingDB,ChEMBL",0.8289400563175118
COc1ccc(-c2ccnc3cc(C(=O)N4CCN(C(=O)c5ccccc5)[C@H](C)C4)nn23)cc1OC,COc1ccc(-c2ccnc3cc(C(=O)N4CCN(C(=O)c5ccccc5)[C@H](C)C4)nn23)cc1OC,6.102372908709558,0.0,2.0,EC50,"BindingDB,ChEMBL",0.0
COc1ccc(-c2ccnc3cc(C(=O)N4CCN(C(C)C)CC4)nn23)cc1OC,COc1ccc(-c2ccnc3cc(C(=O)N4CCN(C(C)C)CC4)nn23)cc1OC,5.221848749616356,0.0,2.0,EC50,"BindingDB,ChEMBL",0.0
COc1ccc(-c2ccnc3cc(C(=O)N4CCN(C)CC4)nn23)cc1OC,COc1ccc(-c2ccnc3cc(C(=O)N4CCN(C)CC4)nn23)cc1OC,5.0915149811213505,0.0,2.0,EC50,"BindingDB,ChEMBL",0.0
COc1ccc(-c2ccnc3cc(C(=O)N4CCN(C5CC5)CC4)nn23)cc1OC,COc1ccc(-c2ccnc3cc(C(=O)N4CCN(C5CC5)CC4)nn23)cc1OC,5.853871964321762,0.0,2.0,EC50,"BindingDB,ChEMBL",0.0
COc1ccc(-c2ccnc3cc(C(=O)N4CCN(Cc5ccccc5)CC4)nn23)cc1OC,COc1ccc(-c2ccnc3cc(C(=O)N4CCN(Cc5ccccc5)CC4)nn23)cc1OC,6.136677139879544,0.0,2.0,EC50,"BindingDB,ChEMBL",0.0
COc1ccc(-c2ccnc3cc(C(=O)N4CCN(c5ccccc5)CC4)nn23)cc1OC,COc1ccc(-c2ccnc3cc(C(=O)N4CCN(c5ccccc5)CC4)nn23)cc1OC,6.075720713938118,0.0,2.0,EC50,"BindingDB,ChEMBL",0.0
COc1ccc(-c2ccnc3cc(C(=O)N4CC[C@@H](NC(=O)OC(C)(C)C)C4)nn23)cc1OC,COc1ccc(-c2ccnc3cc(C(=O)N4CC[C@@H](NC(=O)OC(C)(C)C)C4)nn23)cc1OC,6.431798275933005,0.0,2.0,EC50,"BindingDB,ChEMBL",0.0
COc1ccc(-c2ccnc3cc(C(=O)NC4CCCCC4)nn23)cc1OC,COc1ccc(-c2ccnc3cc(C(=O)NC4CCCCC4)nn23)cc1OC,6.886056647693163,0.0,2.0,EC50,"BindingDB,ChEMBL",0.0
COc1ccc(-c2ccnc3cc(C(=O)NCc4ccc(N5CCOCC5)cc4)nn23)cc1OC,COc1ccc(-c2ccnc3cc(C(=O)NCc4ccc(N5CCOCC5)cc4)nn23)cc1OC,6.1487416512809245,0.0,2.0,EC50,"BindingDB,ChEMBL",0.0
COc1ccc(-c2ccnc3cc(C(=O)N[C@H]4CC[C@@H](C(=O)OC)CC4)nn23)cc1OC,COc1ccc(-c2ccnc3cc(C(=O)N[C@H]4CC[C@@H](C(=O)OC)CC4)nn23)cc1OC,6.229147988357855,0.0,2.0,EC50,"BindingDB,ChEMBL",0.0
COc1ccc(-c2ccnc3cc(C(=O)N[C@H]4CC[C@H](C(=O)OC)CC4)nn23)cc1OC,COc1ccc(-c2ccnc3cc(C(=O)N[C@H]4CC[C@H](C(=O)OC)CC4)nn23)cc1OC,6.7447274948966935,0.0,2.0,EC50,"BindingDB,ChEMBL",0.0
COc1ccc(-c2ccnc3cc(C(=O)Nc4ccc(C(=O)N5CCN(C(=O)OC(C)(C)C)CC5)cc4)nn23)cc1OC,COc1ccc(-c2ccnc3cc(C(=O)Nc4ccc(C(=O)N5CCN(C(=O)OC(C)(C)C)CC5)cc4)nn23)cc1OC,7.769551078621726,0.0,2.0,EC50,"BindingDB,ChEMBL",0.0
COc1ccc(-c2ccnc3cc(C(=O)Nc4ccc(C(=O)N5CCN(C)CC5)cc4)nn23)cc1OC,COc1ccc(cc1OC)-c1ccnc2cc(nn12)C(=O)Nc1ccc(cc1)C(=O)N1CCN(C)CC1,6.5376020021010435,0.0,1.0,EC50,BindingDB,0.0
COc1ccc(-c2ccnc3cc(C(=O)Nc4ccc(C(=O)N5CCN(C)CC5)cc4)nn23)cc1OC.Cl,COc1ccc(-c2ccnc3cc(C(=O)Nc4ccc(C(=O)N5CCN(C)CC5)cc4)nn23)cc1OC.Cl,6.5376020021010435,0.0,1.0,EC50,ChEMBL,0.0
COc1ccc(-c2ccnc3cc(C(=O)Nc4ccc(C(=O)N5CCNCC5)cc4)nn23)cc1OC,COc1ccc(cc1OC)-c1ccnc2cc(nn12)C(=O)Nc1ccc(cc1)C(=O)N1CCNCC1,5.431798275933005,0.0,1.0,EC50,BindingDB,0.0
COc1ccc(-c2ccnc3cc(C(=O)Nc4ccc(C(=O)N5CCNCC5)cc4)nn23)cc1OC.Cl,COc1ccc(-c2ccnc3cc(C(=O)Nc4ccc(C(=O)N5CCNCC5)cc4)nn23)cc1OC.Cl,5.431798275933005,0.0,1.0,EC50,ChEMBL,0.0
COc1ccc(-c2ccnc3cc(C(=O)Nc4ccc(C(=O)N5CCOCC5)cc4)nn23)cc1OC,COc1ccc(-c2ccnc3cc(C(=O)Nc4ccc(C(=O)N5CCOCC5)cc4)nn23)cc1OC,7.522878745280337,0.0,2.0,EC50,"BindingDB,ChEMBL",0.0
COc1ccc(-c2ccnc3cc(C(=O)Nc4ccc(C(=O)NCCNC(=O)OC(C)(C)C)cc4)nn23)cc1OC,COc1ccc(-c2ccnc3cc(C(=O)Nc4ccc(C(=O)NCCNC(=O)OC(C)(C)C)cc4)nn23)cc1OC,7.42021640338319,0.0,2.0,EC50,"BindingDB,ChEMBL",0.0
COc1ccc(-c2ccnc3cc(C(=O)Nc4ccc(C(=O)O)cc4)nn23)cc1OC,COc1ccc(-c2ccnc3cc(C(=O)Nc4ccc(C(=O)O)cc4)nn23)cc1OC,6.508638306165727,0.0,2.0,EC50,"BindingDB,ChEMBL",0.0
COc1ccc(-c2ccnc3cc(C(=O)Nc4ccc(C(=O)O)cc4F)nn23)cc1OC,COc1ccc(-c2ccnc3cc(C(=O)Nc4ccc(C(=O)O)cc4F)nn23)cc1OC,7.376750709602099,0.0,2.0,EC50,"BindingDB,ChEMBL",0.0
COc1ccc(-c2ccnc3cc(C(=O)Nc4ccc(N5CCOCC5)cc4)nn23)cc1OC,COc1ccc(-c2ccnc3cc(C(=O)Nc4ccc(N5CCOCC5)cc4)nn23)cc1OC,8.154901959985743,0.0,2.0,EC50,"BindingDB,ChEMBL",0.0
COc1ccc(-c2ccnc3cc(C(=O)Nc4ccc(OCCN5CCOCC5)cc4)nn23)cc1OC,COc1ccc(-c2ccnc3cc(C(=O)Nc4ccc(OCCN5CCOCC5)cc4)nn23)cc1OC,8.221848749616356,0.0,2.0,EC50,"BindingDB,ChEMBL",0.0
COc1ccc(-c2ccnc3cc(C(=O)Nc4ccccc4)nn23)cc1OC,COc1ccc(-c2ccnc3cc(C(=O)Nc4ccccc4)nn23)cc1OC,7.187086643357144,0.0,2.0,EC50,"BindingDB,ChEMBL",0.0
COc1ccc(-c2cnc(N)nc2-c2ccc(OC)cc2O)cc1,COc1ccc(-c2cnc(N)nc2-c2ccc(OC)cc2O)cc1,5.332000000000001,0.0,1.0,other,Papyrus,0.0
COc1ccc(-c2cnc3c(NC=O)cc(-c4ccc(C(=O)N5CCOCC5)cc4)cn23)cc1OC,COc1ccc(-c2cnc3c(NC=O)cc(-c4ccc(C(=O)N5CCOCC5)cc4)cn23)cc1OC,5.532,0.0,1.0,other,Papyrus,0.0
COc1ccc(-c2cnc3c(NC=O)cc(-c4ccccc4OC)cn23)cc1OC,COc1ccc(-c2cnc3c(NC=O)cc(-c4ccccc4OC)cn23)cc1OC,5.187,0.0,1.0,other,Papyrus,0.0
COc1ccc(-c2cncnc2-c2ccc(OC)cc2O)cc1,COc1ccc(-c2cncnc2-c2ccc(OC)cc2O)cc1,5.358,0.0,1.0,other,Papyrus,0.0
COc1ccc(-c2csc(C(C#N)=Cc3ccc(O)c([N+](=O)[O-])c3)n2)cc1OC,COc1ccc(-c2csc(C(C#N)=Cc3ccc(O)c([N+](=O)[O-])c3)n2)cc1OC,5.55,0.0,1.0,other,Papyrus,0.0
COc1ccc(-c2csc(Nc3oc(O)c4c(OC)c(OC)ccc34)n2)cc1OC,COc1ccc(-c2csc(Nc3oc(O)c4c(OC)c(OC)ccc34)n2)cc1OC,5.506,0.0,1.0,other,Papyrus,0.0
COc1ccc(-c2csc3ncnc(NCCN4CCOCC4)c23)cc1,COc1ccc(-c2csc3ncnc(NCCN4CCOCC4)c23)cc1,5.421,0.0,1.0,other,Papyrus,0.0
COc1ccc(-c2csc3ncnc(NCCO)c23)cc1,COc1ccc(-c2csc3ncnc(NCCO)c23)cc1,5.733,0.0,1.0,other,Papyrus,0.0
COc1ccc(-c2nc(N3CCOCC3)nc3[nH]nc(N)c23)cc1,COc1ccc(-c2nc(N3CCOCC3)nc3[nH]nc(N)c23)cc1,5.16,0.0,1.0,other,Papyrus,0.0
COc1ccc(-c2nc(NC(=O)C3(c4ccc5c(c4)OCO5)CC3)sc2NC(=O)c2ccccc2)cc1,COc1ccc(-c2nc(NC(=O)C3(c4ccc5c(c4)OCO5)CC3)sc2NC(=O)c2ccccc2)cc1,5.7544873321858505,0.002590762445443937,3.0,EC50,"BindingDB,ChEMBL,Papyrus",0.002590762445443937
COc1ccc(-c2nc(NC(=O)c3ccc(OCC(=O)Nc4ccc(F)cc4)c(OC)c3)sc2C)cc1,COc1ccc(-c2nc(NC(=O)c3ccc(OCC(=O)Nc4ccc(F)cc4)c(OC)c3)sc2C)cc1,5.3260000000000005,0.0,1.0,other,Papyrus,0.0
COc1ccc(-c2nc3cc(C(C)C)ccc3o2)cc1NC(=O)c1cccnc1,COc1ccc(-c2nc3cc(C(C)C)ccc3o2)cc1NC(=O)c1cccnc1,5.273,0.0,1.0,other,Papyrus,0.0
COc1ccc(-c2oc3ccc(-c4ccc(OC)nc4)cc3c2C#CC2(O)CCCCC2)cc1,COc1ccc(-c2oc3ccc(-c4ccc(OC)nc4)cc3c2C#CC2(O)CCCCC2)cc1,5.218,0.0,1.0,other,Papyrus,0.0
COc1ccc(-c2oc3ccc(-c4ccc5c(c4)OCO5)cc3c2C#CC2(O)CCCCC2)cc1,COc1ccc(-c2oc3ccc(-c4ccc5c(c4)OCO5)cc3c2C#CC2(O)CCCCC2)cc1,5.573,0.0,1.0,other,Papyrus,0.0
COc1ccc(-n2c(C)c(C(C)=O)c3cc(O)ccc32)cc1,COc1ccc(-n2c(C)c(C(C)=O)c3cc(O)ccc32)cc1,6.511,0.0,1.0,other,Papyrus,0.0
COc1ccc(-n2c(C)cc3cc(OC(C)=O)ccc32)cc1,COc1ccc(-n2c(C)cc3cc(OC(C)=O)ccc32)cc1,5.037,0.0,1.0,other,Papyrus,0.0
COc1ccc(-n2cc(-c3ccccc3)c3c(N4CC(C)OC(C)C4)ncnc32)cc1,COc1ccc(-n2cc(-c3ccccc3)c3c(N4CC(C)OC(C)C4)ncnc32)cc1,5.305,0.0,1.0,other,Papyrus,0.0
COc1ccc(-n2nc(C(=O)NCC(=O)Nc3cc(OC)c(OC)c(OC)c3)c3ccccc3c2=O)cc1Cl,COc1ccc(-n2nc(C(=O)NCC(=O)Nc3cc(OC)c(OC)c(OC)c3)c3ccccc3c2=O)cc1Cl,5.792999999999999,0.0,1.0,other,Papyrus,0.0
COc1ccc(-n2nc(C(=O)NCC(=O)Nc3cc(OC)c(OC)c(OC)c3)c3ccccc3c2=O)cc1OC,COc1ccc(-n2nc(C(=O)NCC(=O)Nc3cc(OC)c(OC)c(OC)c3)c3ccccc3c2=O)cc1OC,5.648,0.0,1.0,other,Papyrus,0.0
COc1ccc(-n2ncc3c(N4CCN(Cc5ccccc5)CC4)ncnc32)cc1,COc1ccc(-n2ncc3c(N4CCN(Cc5ccccc5)CC4)ncnc32)cc1,5.415,0.0,1.0,other,Papyrus,0.0
COc1ccc(-n2nnnc2C(CCSC)N2CCC(n3c(=O)[nH]c4ccccc43)CC2)cc1,COc1ccc(-n2nnnc2C(CCSC)N2CCC(n3c(=O)[nH]c4ccccc43)CC2)cc1,5.188,0.0,1.0,other,Papyrus,0.0
COc1ccc(-n2nnnc2C(CCc2ccccc2)N2CCC(n3c(=O)[nH]c4ccccc43)CC2)cc1,COc1ccc(-n2nnnc2C(CCc2ccccc2)N2CCC(n3c(=O)[nH]c4ccccc43)CC2)cc1,5.204,0.0,1.0,other,Papyrus,0.0
COc1ccc(-n2nnnc2C(c2cccc(OC)c2OC)N2CCC(n3c(=O)[nH]c4ccccc43)CC2)cc1,COc1ccc(-n2nnnc2C(c2cccc(OC)c2OC)N2CCC(n3c(=O)[nH]c4ccccc43)CC2)cc1,5.1770000000000005,0.0,1.0,other,Papyrus,0.0
COc1ccc(-n2nnnc2C(c2cccs2)N2CCC(n3c(=O)[nH]c4ccccc43)CC2)cc1,COc1ccc(-n2nnnc2C(c2cccs2)N2CCC(n3c(=O)[nH]c4ccccc43)CC2)cc1,5.297000000000001,0.0,1.0,other,Papyrus,0.0
COc1ccc(-n2nnnc2S(=O)(=O)Cc2ccc(C(=O)O)cc2)cc1,COc1ccc(-n2nnnc2S(=O)(=O)Cc2ccc(C(=O)O)cc2)cc1,5.979,0.0,1.0,other,Papyrus,0.0
COc1ccc(C(=O)NCCCNc2nc3cc(C)cc(C)c3cc2C#N)cc1,COc1ccc(C(=O)NCCCNc2nc3cc(C)cc(C)c3cc2C#N)cc1,5.3682655272597515,0.0010043500909258517,6.0,EC50,"BindingDB,ChEMBL,Papyrus",0.002452222048312609
COc1ccc(C(=O)NCCNc2nc3c(C)cccc3cc2C#N)cc1OC,COc1ccc(C(=O)NCCNc2nc3c(C)cccc3cc2C#N)cc1OC,5.42021640338319,0.1733300213084259,6.0,EC50,"BindingDB,ChEMBL,Papyrus",0.3
COc1ccc(C(=O)NCCNc2nc3cc(C)cc(C)c3cc2C#N)c(OC)c1,COc1ccc(C(=O)NCCNc2nc3cc(C)cc(C)c3cc2C#N)c(OC)c1,5.37837555455082,0.0009425699235007126,6.0,EC50,"BindingDB,ChEMBL,Papyrus",0.00229787776323474
COc1ccc(C(=O)NCCNc2nc3cc(C)cc(C)c3cc2C#N)cc1,COc1ccc(C(=O)NCCNc2nc3cc(C)cc(C)c3cc2C#N)cc1,5.521435901161594,0.000830057708496742,6.0,EC50,"BindingDB,ChEMBL,Papyrus",0.0020404897211185897
COc1ccc(C(=O)NCCNc2nc3cc(C)cc(C)c3cc2C#N)cc1OC,COc1ccc(C(=O)NCCNc2nc3cc(C)cc(C)c3cc2C#N)cc1OC,5.821891432890133,0.0011106879373835347,6.0,EC50,"BindingDB,ChEMBL,Papyrus",0.0028529044097144545
COc1ccc(C(=O)NCCNc2nc3cc(C)cc(C)c3cc2C#N)nc1,COc1ccc(C(=O)NCCNc2nc3cc(C)cc(C)c3cc2C#N)nc1,5.569318505491347,0.00040485035897766807,6.0,EC50,"BindingDB,ChEMBL,Papyrus",0.0009648749926974521
COc1ccc(C(=O)NCCNc2nc3ccc(C)cc3cc2C#N)cc1OC,COc1ccc(C(=O)NCCNc2nc3ccc(C)cc3cc2C#N)cc1OC,5.4089353929735005,0.1697036782576088,6.0,EC50,"BindingDB,ChEMBL,Papyrus",0.295
COc1ccc(C(=O)Nc2cccc(NC(=O)c3ccc(OC)c(OC)c3)n2)cc1OC,COc1ccc(C(=O)Nc2cccc(NC(=O)c3ccc(OC)c(OC)c3)n2)cc1OC,5.433,0.0,1.0,other,Papyrus,0.0
COc1ccc(C(=O)c2cnc(NC(=O)C3(c4ccc5c(c4)OCO5)CC3)s2)cc1,COc1ccc(C(=O)c2cnc(NC(=O)C3(c4ccc5c(c4)OCO5)CC3)s2)cc1,5.031517051446065,0.0008758700607601124,3.0,EC50,"BindingDB,ChEMBL,Papyrus",0.0008758700607601124
COc1ccc(C(=O)c2sc(NC(=O)C3(c4ccc5c(c4)OCO5)CC3)nc2-c2ccccc2)c(OC)c1,COc1ccc(C(=O)c2sc(NC(=O)C3(c4ccc5c(c4)OCO5)CC3)nc2-c2ccccc2)c(OC)c1,6.3979400086720375,0.0011893365477277172,3.0,EC50,"BindingDB,ChEMBL,Papyrus",0.0011893365477277172
COc1ccc(C(=O)c2sc(NC(=O)C3(c4ccc5c(c4)OCO5)CC3)nc2-c2ccccc2)cc1,COc1ccc(C(=O)c2sc(NC(=O)C3(c4ccc5c(c4)OCO5)CC3)nc2-c2ccccc2)cc1,6.346787486224656,0.0018547456929700055,3.0,EC50,"BindingDB,ChEMBL,Papyrus",0.0018547456929700055
COc1ccc(C(=O)c2sc(NC(=O)C3(c4ccc5c(c4)OCO5)CC3)nc2-c2ccccc2)cc1Cl,COc1ccc(C(=O)c2sc(NC(=O)C3(c4ccc5c(c4)OCO5)CC3)nc2-c2ccccc2)cc1Cl,6.3872161432802645,0.0016072604265245562,3.0,EC50,"BindingDB,ChEMBL,Papyrus",0.0016072604265245562
COc1ccc(C(C(=O)NCC2CCCO2)N(Cc2cccs2)C(=O)c2snc(C(N)=O)c2N)cc1,COc1ccc(C(C(=O)NCC2CCCO2)N(Cc2cccs2)C(=O)c2snc(C(N)=O)c2N)cc1,5.507000000000001,0.0,1.0,other,Papyrus,0.0
COc1ccc(C(C)(C)C)cc1CNC1C(Cc2cc(C(F)(F)F)cnc2OC)N(C(=O)C2CCCCO2)C(C(=O)O)C1C(C)(C)C,COc1ccc(C(C)(C)C)cc1CNC1C(Cc2cc(C(F)(F)F)cnc2OC)N(C(=O)C2CCCCO2)C(C(=O)O)C1C(C)(C)C,6.8,0.0,1.0,EC50,Papyrus,0.0
COc1ccc(C(C)(C)C)cc1CNC1C(c2ccccc2)N(C(=O)C2CCCCC2)C(C(=O)O)C1C(C)(C)C,COc1ccc(C(C)(C)C)cc1CNC1C(c2ccccc2)N(C(=O)C2CCCCC2)C(C(=O)O)C1C(C)(C)C,6.95,0.0,1.0,EC50,Papyrus,0.0
COc1ccc(C(C)(C)C)cc1CNC1C(c2ccccc2)N(C(=O)C2CCCCO2)C(C(=O)O)C1C(C)(C)C,COc1ccc(C(C)(C)C)cc1CNC1C(c2ccccc2)N(C(=O)C2CCCCO2)C(C(=O)O)C1C(C)(C)C,6.49,0.0,1.0,EC50,Papyrus,0.0
COc1ccc(C(C)(C)C)cc1CN[C@H]1[C@H](C(C)(C)C)[C@@H](C(=O)O)N(C(=O)C2CCCCC2)[C@H]1c1ccccc1,COc1ccc(C(C)(C)C)cc1CN[C@H]1[C@H](C(C)(C)C)[C@@H](C(=O)O)N(C(=O)C2CCCCC2)[C@H]1c1ccccc1,6.94692155651658,0.0,2.0,EC50,"BindingDB,ChEMBL",0.0
COc1ccc(C(C)(C)C)cc1CN[C@H]1[C@H](C(C)(C)C)[C@@H](C(=O)O)N(C(=O)[C@@H]2CCCCO2)[C@H]1Cc1cc(C(F)(F)F)cnc1OC,COc1ccc(C(C)(C)C)cc1CN[C@H]1[C@H](C(C)(C)C)[C@@H](C(=O)O)N(C(=O)[C@@H]2CCCCO2)[C@H]1Cc1cc(C(F)(F)F)cnc1OC,6.798602875679548,0.0,2.0,EC50,"BindingDB,ChEMBL",0.0
COc1ccc(C(C)(C)C)cc1CN[C@H]1[C@H](C(C)(C)C)[C@@H](C(=O)O)N(C(=O)[C@@H]2CCCCO2)[C@H]1c1ccccc1,COc1ccc(C(C)(C)C)cc1CN[C@H]1[C@H](C(C)(C)C)[C@@H](C(=O)O)N(C(=O)[C@@H]2CCCCO2)[C@H]1c1ccccc1,6.493494967595128,0.0,2.0,EC50,"BindingDB,ChEMBL",0.0
COc1ccc(C(C)C)cc1CNC1C(c2ccccc2)N(C(=O)C2CCCCC2)C(C(=O)O)C1C(C)(C)C,COc1ccc(C(C)C)cc1CNC1C(c2ccccc2)N(C(=O)C2CCCCC2)C(C(=O)O)C1C(C)(C)C,6.73,0.0,1.0,EC50,Papyrus,0.0
COc1ccc(C(C)C)cc1CN[C@H]1[C@H](C(C)(C)C)[C@@H](C(=O)O)N(C(=O)C2CCCCC2)[C@H]1c1ccccc1,COc1ccc(C(C)C)cc1CN[C@H]1[C@H](C(C)(C)C)[C@@H](C(=O)O)N(C(=O)C2CCCCC2)[C@H]1c1ccccc1,6.72584215073632,0.0,2.0,EC50,"BindingDB,ChEMBL",0.0
COc1ccc(C(F)(F)F)cc1COC1C(c2ccccc2)N(C(=O)C2CCCCC2)C(C(=O)O)C1C(C)(C)C,COc1ccc(C(F)(F)F)cc1COC1C(c2ccccc2)N(C(=O)C2CCCCC2)C(C(=O)O)C1C(C)(C)C,6.02,0.0,6.0,EC50,Papyrus,0.306
COc1ccc(C(F)(F)F)cc1CO[C@@H]1[C@@H](C(C)(C)C)[C@H](C(=O)O)N(C(=O)C2CCCCC2)[C@@H]1c1ccccc1,COc1ccc(C(F)(F)F)cc1CO[C@@H]1[C@@H](C(C)(C)C)[C@H](C(=O)O)N(C(=O)C2CCCCC2)[C@@H]1c1ccccc1,5.918165923108665,0.04066660676010176,6.0,EC50,"BindingDB,ChEMBL",0.04066660676010176
COc1ccc(C(F)(F)F)cc1CO[C@H]1[C@H](C(C)(C)C)[C@@H](C(=O)O)N(C(=O)C2CCCCC2)[C@H]1c1ccccc1,COc1ccc(C(F)(F)F)cc1CO[C@H]1[C@H](C(C)(C)C)[C@@H](C(=O)O)N(C(=O)C2CCCCC2)[C@H]1c1ccccc1,6.236572006437063,0.0,6.0,EC50,"BindingDB,ChEMBL",0.3548013736027711
COc1ccc(C(c2nnnn2-c2ccc(OC)cc2)N2CCC(n3c(=O)[nH]c4ccccc43)CC2)cc1,COc1ccc(C(c2nnnn2-c2ccc(OC)cc2)N2CCC(n3c(=O)[nH]c4ccccc43)CC2)cc1,5.237,0.0,1.0,other,Papyrus,0.0
COc1ccc(C)cc1C1(C(=O)NS(=O)(=O)c2cccc3nc(C)ccc23)CC1c1ccc(C)cc1,COc1ccc(C)cc1C1(C(=O)NS(=O)(=O)c2cccc3nc(C)ccc23)CC1c1ccc(C)cc1,9.096910013008056,0.001784004821590967,3.0,EC50,"BindingDB,ChEMBL,Papyrus",0.001784004821590967
COc1ccc(C)cc1C1(C(=O)NS(=O)(=O)c2cccc3nc(C)ccc23)CC1c1cccc(C(F)(F)F)c1,COc1ccc(C)cc1C1(C(=O)NS(=O)(=O)c2cccc3nc(C)ccc23)CC1c1cccc(C(F)(F)F)c1,9.292429823902063,0.00140285948394012,3.0,EC50,"BindingDB,ChEMBL,Papyrus",0.00140285948394012
COc1ccc(C)cc1C1(C(=O)NS(=O)(=O)c2cccc3nc(C)ccc23)CC1c1cccc(C(F)F)n1,COc1ccc(C)cc1C1(C(=O)NS(=O)(=O)c2cccc3nc(C)ccc23)CC1c1cccc(C(F)F)n1,9.397940008672037,0.0011893365477277814,3.0,EC50,"BindingDB,ChEMBL,Papyrus",0.0011893365477277814
COc1ccc(C)cc1C1(C(=O)NS(=O)(=O)c2cccc3nc(C)ccc23)CC1c1cccc(OC(C)C)n1,COc1ccc(C)cc1C1(C(=O)NS(=O)(=O)c2cccc3nc(C)ccc23)CC1c1cccc(OC(C)C)n1,9.045757490560675,0.0024494139668342165,3.0,EC50,"BindingDB,ChEMBL,Papyrus",0.0024494139668342165
COc1ccc(C)cc1[C@@]1(C(=O)NS(=O)(=O)c2cccc3nc(C)ccc23)C[C@H](c2ccccc2)CO1,COc1ccc(C)cc1[C@@]1(C(=O)NS(=O)(=O)c2cccc3nc(C)ccc23)C[C@H](c2ccccc2)CO1,8.0,0.0,1.0,EC50,ChEMBL,0.0
COc1ccc(C)cc1[C@]1(C(=O)NS(=O)(=O)c2cccc3nc(C)ccc23)C[C@@H](c2ccccc2)CO1,COc1ccc(C)cc1[C@]1(C(=O)NS(=O)(=O)c2cccc3nc(C)ccc23)C[C@@H](c2ccccc2)CO1,7.522878745280337,0.0,1.0,EC50,ChEMBL,0.0
COc1ccc(C)cc1[C@]1(C(=O)NS(=O)(=O)c2cccc3nc(C)ccc23)C[C@@H]1c1cccc(C(F)(F)F)c1,COc1ccc(C)cc1[C@]1(C(=O)NS(=O)(=O)c2cccc3nc(C)ccc23)C[C@@H]1c1cccc(C(F)(F)F)c1,8.301029995663981,0.0,1.0,EC50,ChEMBL,0.0
COc1ccc(C)cc1[C@]1(C(=O)NS(=O)(=O)c2cccc3nc(C)ccc23)C[C@@H]1c1cnc(C(C)C)cn1,COc1ccc(C)cc1[C@]1(C(=O)NS(=O)(=O)c2cccc3nc(C)ccc23)C[C@@H]1c1cnc(C(C)C)cn1,7.522878745280337,0.0,1.0,EC50,ChEMBL,0.0
COc1ccc(C2(C(=O)Nc3ccc4[nH]c(C(C)(C)C)cc4c3)CC2(C)C)cc1,COc1ccc(C2(C(=O)Nc3ccc4[nH]c(C(C)(C)C)cc4c3)CC2(C)C)cc1,5.344381416458778,0.002529611971907328,4.0,EC50,"BindingDB,ChEMBL,Papyrus",0.002529611971907328
COc1ccc(C2(C(=O)Nc3ccc4c(c3)cc(C(C)(C)C)n4CC(O)CO)CC2(C)C)cc1,COc1ccc(C2(C(=O)Nc3ccc4c(c3)cc(C(C)(C)C)n4CC(O)CO)CC2(C)C)cc1,7.41,0.0,1.0,EC50,Papyrus,0.0
COc1ccc(C2(C(=O)Nc3ccc4c(c3)cc(C(C)(C)C)n4C[C@@H](O)CO)CC2(C)C)cc1,COc1ccc(C2(C(=O)Nc3ccc4c(c3)cc(C(C)(C)C)n4C[C@@H](O)CO)CC2(C)C)cc1,7.4079621723997695,0.00019647640120711178,3.0,EC50,"BindingDB,ChEMBL",0.0003929528024145376
COc1ccc(C23CC4CC(CC(C4)C2)C3)cc1CNC1C(c2ccccc2)N(C(=O)C2CCCCC2)C(C(=O)O)C1C(C)(C)C,COc1ccc(C23CC4CC(CC(C4)C2)C3)cc1CNC1C(c2ccccc2)N(C(=O)C2CCCCC2)C(C(=O)O)C1C(C)(C)C,6.87,0.0,1.0,EC50,Papyrus,0.0
COc1ccc(C23CC4CC(CC(C4)C2)C3)cc1CN[C@H]1[C@H](C(C)(C)C)[C@@H](C(=O)O)N(C(=O)C2CCCCC2)[C@H]1c1ccccc1,COc1ccc(C23CC4CC(CC(C4)C2)C3)cc1CN[C@H]1[C@H](C(C)(C)C)[C@@H](C(=O)O)N(C(=O)C2CCCCC2)[C@H]1c1ccccc1,6.866461091629782,0.0,1.0,EC50,ChEMBL,0.0
COc1ccc(C23CC4CC42C3)cc1CNC1C(c2ccccc2)N(C(=O)C2CCCCC2)C(C(=O)O)C1C(C)(C)C,COc1ccc(C23CC4CC42C3)cc1CNC1C(c2ccccc2)N(C(=O)C2CCCCC2)C(C(=O)O)C1C(C)(C)C,6.72,0.0,1.0,EC50,Papyrus,0.0
COc1ccc(C23CC4CC42C3)cc1CN[C@H]1[C@H](C(C)(C)C)[C@@H](C(=O)O)N(C(=O)C2CCCCC2)[C@H]1c1ccccc1,COc1ccc(C23CC4CC42C3)cc1CN[C@H]1[C@H](C(C)(C)C)[C@@H](C(=O)O)N(C(=O)C2CCCCC2)[C@H]1c1ccccc1,6.721246399047171,0.0,2.0,EC50,"BindingDB,ChEMBL",0.0
COc1ccc(C2=Nn3c(nnc3-c3ccccc3OC)SC2)cc1OC1CCCC1,COc1ccc(C2=Nn3c(nnc3-c3ccccc3OC)SC2)cc1OC1CCCC1,6.64,0.0,1.0,other,Papyrus,0.0
COc1ccc(C2=Nn3c(nnc3-c3ccncc3)SC2)cc1,COc1ccc(C2=Nn3c(nnc3-c3ccncc3)SC2)cc1,5.565,0.0,1.0,other,Papyrus,0.0
COc1ccc(C2CC2(C(=O)NS(=O)(=O)c2cccc3nc(C)ccc23)c2cc(C)ccc2OC)cc1,COc1ccc(C2CC2(C(=O)NS(=O)(=O)c2cccc3nc(C)ccc23)c2cc(C)ccc2OC)cc1,9.18045606445813,0.0002633089376696641,3.0,EC50,"BindingDB,ChEMBL,Papyrus",0.0002633089376696641
COc1ccc(C=NNC(=O)c2[nH]c3ccc(Br)cc3c2-c2ccccc2)cc1,COc1ccc(C=NNC(=O)c2[nH]c3ccc(Br)cc3c2-c2ccccc2)cc1,5.032,0.0,1.0,other,Papyrus,0.0
COc1ccc(C=NNc2nc(-c3cccnc3)nc3ccccc23)cc1OC,COc1ccc(C=NNc2nc(-c3cccnc3)nc3ccccc23)cc1OC,5.523,0.0,1.0,other,Papyrus,0.0
COc1ccc(CC2NCC(O)C2OC(C)=O)cc1,COc1ccc(CC2NCC(O)C2OC(C)=O)cc1,6.81,0.0,1.0,other,Papyrus,0.0
COc1ccc(CN(C(=O)CSc2nnc(-c3c[nH]c4ccccc34)o2)c2ccc(F)cc2)cc1OC,COc1ccc(CN(C(=O)CSc2nnc(-c3c[nH]c4ccccc34)o2)c2ccc(F)cc2)cc1OC,5.404,0.0,1.0,other,Papyrus,0.0
COc1ccc(CN(C)C(=O)c2cc(-c3ccc(C)cc3C)nc3ccccc23)c(OC)c1OC,COc1ccc(CN(C)C(=O)c2cc(-c3ccc(C)cc3C)nc3ccccc23)c(OC)c1OC,5.186,0.0,1.0,other,Papyrus,0.0
COc1ccc(CN(CCC(c2ccc(F)cc2)C2CCOC(C)(C)C2)C(=O)c2ccco2)cc1,COc1ccc(CN(CCC(c2ccc(F)cc2)C2CCOC(C)(C)C2)C(=O)c2ccco2)cc1,5.182,0.0,1.0,other,Papyrus,0.0
COc1ccc(CN2CC3CCCN3c3cc(Br)ccc3S2(=O)=O)cc1,COc1ccc(CN2CC3CCCN3c3cc(Br)ccc3S2(=O)=O)cc1,5.012,0.0,1.0,other,Papyrus,0.0
COc1ccc(CN2CCc3nc(-c4ccccn4)nc(N4CCC(C(N)=O)CC4)c3C2)cc1,COc1ccc(CN2CCc3nc(-c4ccccn4)nc(N4CCC(C(N)=O)CC4)c3C2)cc1,5.457989056996664,0.00116776538418796,6.0,EC50,"BindingDB,ChEMBL,Papyrus",0.002909180624017778
COc1ccc(CN2CCc3nc(-c4ccccn4)nc(N4CCN(CC(N)=O)CC4)c3C2)cc1,COc1ccc(CN2CCc3nc(-c4ccccn4)nc(N4CCN(CC(N)=O)CC4)c3C2)cc1,5.63913585950138,0.0005025066054207049,7.0,EC50,"BindingDB,ChEMBL,Papyrus",0.321
COc1ccc(CN2CCc3nc(-c4ccccn4)nc(N4CCN(CCO)CC4)c3C2)cc1,COc1ccc(CN2CCc3nc(-c4ccccn4)nc(N4CCN(CCO)CC4)c3C2)cc1,6.399028468299175,0.0005790145913292455,6.0,EC50,"BindingDB,ChEMBL,Papyrus",0.0015393143667933285
COc1ccc(CN2CCc3nc(-c4ccccn4)nc(NCCCn4ccnc4)c3C2)cc1,COc1ccc(CN2CCc3nc(-c4ccccn4)nc(NCCCn4ccnc4)c3C2)cc1,6.699480900891103,0.0005150032755033946,6.0,EC50,"BindingDB,ChEMBL,Papyrus",0.0007225168371694316
COc1ccc(CNC(=O)C(c2ccc(O)cc2)N(Cc2ccco2)C(=O)c2snc(C(N)=O)c2N)cc1,COc1ccc(CNC(=O)C(c2ccc(O)cc2)N(Cc2ccco2)C(=O)c2snc(C(N)=O)c2N)cc1,5.339,0.0,1.0,other,Papyrus,0.0
COc1ccc(CNc2nn3c(-c4cccc(C(=O)N(C)C)c4)cnc3s2)cc1,COc1ccc(CNc2nn3c(-c4cccc(C(=O)N(C)C)c4)cnc3s2)cc1,5.609,0.0,1.0,other,Papyrus,0.0
COc1ccc(COC(=O)C2C(C)=NC(=O)NC2c2ccc(F)cc2)cc1,COc1ccc(COC(=O)C2C(C)=NC(=O)NC2c2ccc(F)cc2)cc1,5.051,0.0,1.0,other,Papyrus,0.0
COc1ccc(COC(=O)C2C(C)=NC(=O)NC2c2ccc(OC)cc2)cc1,COc1ccc(COC(=O)C2C(C)=NC(=O)NC2c2ccc(OC)cc2)cc1,5.184,0.0,1.0,other,Papyrus,0.0
COc1ccc(COc2cc(-c3cccc(OC)c3)nc3ccc(NC(=O)c4cccnc4)cc23)cc1,COc1ccc(COc2cc(-c3cccc(OC)c3)nc3ccc(NC(=O)c4cccnc4)cc23)cc1,5.37,0.0,1.0,other,Papyrus,0.0
COc1ccc(Cc2nnc(NC(=O)Cc3c(F)cccc3Cl)s2)cc1OC,COc1ccc(Cc2nnc(NC(=O)Cc3c(F)cccc3Cl)s2)cc1OC,6.243363891754152,0.0,2.0,EC50,"BindingDB,ChEMBL",0.0
COc1ccc(Cc2nnc(NC(=O)Cc3cccs3)s2)cc1OC,COc1ccc(Cc2nnc(NC(=O)Cc3cccs3)s2)cc1OC,6.164309428507575,0.0,2.0,EC50,"BindingDB,ChEMBL",0.0
COc1ccc(Cc2nnc(SCc3ccc([N+](=O)[O-])cc3)o2)cc1,COc1ccc(Cc2nnc(SCc3ccc([N+](=O)[O-])cc3)o2)cc1,5.754,0.0,1.0,other,Papyrus,0.0
COc1ccc(Cl)cc1CNC1C(c2ccccc2)N(C(=O)C2CCCCC2)C(C(=O)O)C1C(C)(C)C,COc1ccc(Cl)cc1CNC1C(c2ccccc2)N(C(=O)C2CCCCC2)C(C(=O)O)C1C(C)(C)C,5.82,0.0,5.0,EC50,Papyrus,0.34
COc1ccc(Cl)cc1CN[C@H]1[C@H](C(C)(C)C)[C@@H](C(=O)O)N(C(=O)C2CCCCC2)[C@H]1c1ccccc1,COc1ccc(Cl)cc1CN[C@H]1[C@H](C(C)(C)C)[C@@H](C(=O)O)N(C(=O)C2CCCCC2)[C@H]1c1ccccc1,5.783868204873167,0.048490847626328826,10.0,EC50,"BindingDB,ChEMBL",0.4065586221458814
COc1ccc(Cl)cc1Cc1cc(-c2sc(NC(=O)C(C)(C)C)nc2C)nn1C(=O)N1CCOCC1,COc1ccc(Cl)cc1Cc1cc(-c2sc(NC(=O)C(C)(C)C)nc2C)nn1C(=O)N1CCOCC1,6.0,0.0,3.0,EC50,"BindingDB,ChEMBL,Papyrus",0.0
COc1ccc(Cl)cc1Cc1cc(-c2sc(NC(=O)C(C)(C)C)nc2C)nn1C(=O)NCCO,COc1ccc(Cl)cc1Cc1cc(-c2sc(NC(=O)C(C)(C)C)nc2C)nn1C(=O)NCCO,5.52,4.081813754360663e-06,3.0,EC50,"BindingDB,ChEMBL,Papyrus",4.081813754360663e-06
COc1ccc(Cl)cc1Cn1nc(-c2sc(NC(=O)C(C)(C)C)nc2C)cc1C(=O)N1CCOCC1,COc1ccc(Cl)cc1Cn1nc(-c2sc(NC(=O)C(C)(C)C)nc2C)cc1C(=O)N1CCOCC1,6.0,0.0,3.0,EC50,"BindingDB,ChEMBL,Papyrus",0.0
COc1ccc(Cl)cc1Cn1nc(C(=O)N2CCOCC2)cc1-c1sc(NC(=O)C(C)(C)C)nc1C,COc1ccc(Cl)cc1Cn1nc(C(=O)N2CCOCC2)cc1-c1sc(NC(=O)C(C)(C)C)nc1C,6.0,0.0,3.0,EC50,"BindingDB,ChEMBL,Papyrus",0.0
COc1ccc(Cl)cc1Cn1nc(C(=O)NCCO)cc1-c1sc(NC(=O)C(C)(C)C)nc1C,COc1ccc(Cl)cc1Cn1nc(C(=O)NCCO)cc1-c1sc(NC(=O)C(C)(C)C)nc1C,5.522878745280337,0.0016620443625314717,3.0,EC50,"BindingDB,ChEMBL,Papyrus",0.0016620443625314717
COc1ccc(Cl)cc1Nc1nc(-c2nnc(NC(=O)C(C)(C)C)o2)cs1,COc1ccc(Cl)cc1Nc1nc(-c2nnc(NC(=O)C(C)(C)C)o2)cs1,6.229147988357855,0.000491909150945169,3.0,EC50,"BindingDB,ChEMBL,Papyrus",0.000491909150945169
COc1ccc(Cl)cc1Nc1nc(-c2sc(NC(=O)C(C)(C)C)nc2C)c(-n2cc(-c3ccccc3)nn2)s1,COc1ccc(Cl)cc1Nc1nc(-c2sc(NC(=O)C(C)(C)C)nc2C)c(-n2cc(-c3ccccc3)nn2)s1,6.853871964321762,0.0022354796434619563,3.0,EC50,"BindingDB,ChEMBL,Papyrus",0.0022354796434619563
COc1ccc(Cl)cc1Nc1nc(-c2sc(NC(=O)C(C)(C)C)nc2C)c(-n2cc(CO)nn2)s1,COc1ccc(Cl)cc1Nc1nc(-c2sc(NC(=O)C(C)(C)C)nc2C)c(-n2cc(CO)nn2)s1,5.795880017344075,0.0023786730954546654,5.0,EC50,"BindingDB,ChEMBL,Papyrus",0.0023786730954546654
COc1ccc(Cl)cc1Nc1nc(-c2sc(NC(=O)C(C)(C)C)nc2C)cs1,COc1ccc(Cl)cc1Nc1nc(-c2sc(NC(=O)C(C)(C)C)nc2C)cs1,6.152449686946641,0.0014768708975790073,12.0,EC50,"BindingDB,ChEMBL,Papyrus",0.0464507566405702
COc1ccc(Cl)cc1Nc1nc(-c2sc(NC(=O)c3ccc(F)cc3)nc2C)cs1,COc1ccc(Cl)cc1Nc1nc(-c2sc(NC(=O)c3ccc(F)cc3)nc2C)cs1,5.85,0.0,1.0,EC50,Papyrus,0.0
COc1ccc(Cl)cc1Nc1nc(-c2sc(NC(=O)c3ccc([19F])cc3)nc2C)cs1,COc1ccc(Cl)cc1Nc1nc(-c2sc(NC(=O)c3ccc([19F])cc3)nc2C)cs1,5.853871964321762,0.0,2.0,EC50,"BindingDB,ChEMBL",0.0
COc1ccc(Cl)cc1Nc1nc(-c2sc(NC(=O)c3ccccc3)nc2C)cs1,COc1ccc(Cl)cc1Nc1nc(-c2sc(NC(=O)c3ccccc3)nc2C)cs1,5.958607314841775,0.0008040671509977246,15.0,EC50,"BindingDB,ChEMBL,Papyrus",0.34113072448457604
COc1ccc(Cl)cc1Nc1nc2c(s1)CCCCc1nc(N)sc1-2,COc1ccc(Cl)cc1Nc1nc2c(s1)CCCCc1nc(N)sc1-2,5.036212172654444,0.0021869031376003547,3.0,IC50,"BindingDB,ChEMBL,Papyrus",0.0021869031376003547
COc1ccc(Cl)cc1Nc1nc2c(s1)CCCCc1nc(NC(=O)C(C)(C)C)sc1-2,COc1ccc(Cl)cc1Nc1nc2c(s1)CCCCc1nc(NC(=O)C(C)(C)C)sc1-2,5.3872161432802645,0.0016072604265245562,3.0,IC50,"BindingDB,ChEMBL,Papyrus",0.0016072604265245562
COc1ccc(Cl)cc1Nc1nc2c(s1)CCCCc1nc(NC(=O)C(C)C)sc1-2,COc1ccc(Cl)cc1Nc1nc2c(s1)CCCCc1nc(NC(=O)C(C)C)sc1-2,5.060480747381382,0.00027755963005325705,3.0,IC50,"BindingDB,ChEMBL,Papyrus",0.00027755963005325705
COc1ccc(Cl)cc1Nc1nc2c(s1)CCCCc1nc(NC(=O)C3CC3)sc1-2,COc1ccc(Cl)cc1Nc1nc2c(s1)CCCCc1nc(NC(=O)C3CC3)sc1-2,5.346787486224656,0.0018547456929700055,3.0,IC50,"BindingDB,ChEMBL,Papyrus",0.0018547456929700055
COc1ccc(Cl)cc1Nc1nc2c(s1)CCCCc1nc(NC(=O)c3ccno3)sc1-2,COc1ccc(Cl)cc1Nc1nc2c(s1)CCCCc1nc(NC(=O)c3ccno3)sc1-2,5.180456064458132,0.0002633089376701769,3.0,IC50,"BindingDB,ChEMBL,Papyrus",0.0002633089376701769
COc1ccc(Cl)cc1Nc1nc2c(s1)CCCc1nc(NC(=O)C(C)(C)C)sc1-2,COc1ccc(Cl)cc1Nc1nc2c(s1)CCCc1nc(NC(=O)C(C)(C)C)sc1-2,6.522878745280337,0.2556961628059665,8.0,EC50,"BindingDB,ChEMBL,Papyrus",0.5107278478392747
COc1ccc(Cl)cc1Nc1nc2c(s1)CCCc1nc(NC(=O)C(C)C)sc1-2,COc1ccc(Cl)cc1Nc1nc2c(s1)CCCc1nc(NC(=O)C(C)C)sc1-2,5.236572006437063,0.0019791530063421056,3.0,IC50,"BindingDB,ChEMBL,Papyrus",0.0019791530063421056
COc1ccc(Cl)cc1Nc1nc2c(s1)CCCc1nc(NC(=O)C3CC3)sc1-2,COc1ccc(Cl)cc1Nc1nc2c(s1)CCCc1nc(NC(=O)C3CC3)sc1-2,5.050609993355087,0.000352179827763325,3.0,IC50,"BindingDB,ChEMBL,Papyrus",0.000352179827763325
COc1ccc(Cl)cc1Nc1nc2c(s1)CCCc1nc(NC(=O)c3ccno3)sc1-2,COc1ccc(Cl)cc1Nc1nc2c(s1)CCCc1nc(NC(=O)c3ccno3)sc1-2,5.318758762624412,0.0007166287329239629,3.0,IC50,"BindingDB,ChEMBL,Papyrus",0.0007166287329239629
COc1ccc(Cl)cc1Nc1ncc(-c2sc(NC(=O)C(C)(C)C)nc2C)o1,COc1ccc(Cl)cc1Nc1ncc(-c2sc(NC(=O)C(C)(C)C)nc2C)o1,6.130768280269024,0.00044356682013394464,3.0,EC50,"BindingDB,ChEMBL,Papyrus",0.00044356682013394464
COc1ccc(Cl)cc1Nc1nnc(-c2csc(NC(=O)C(C)(C)C)n2)o1,COc1ccc(Cl)cc1Nc1nnc(-c2csc(NC(=O)C(C)(C)C)n2)o1,6.180456064458132,0.0002633089376701769,3.0,EC50,"BindingDB,ChEMBL,Papyrus",0.0002633089376701769
COc1ccc(N(Cc2cc(=O)[nH]c3ccccc23)C(=O)CCl)cc1,COc1ccc(N(Cc2cc(=O)[nH]c3ccccc23)C(=O)CCl)cc1,5.539,0.0,1.0,other,Papyrus,0.0
COc1ccc(N=Cc2cc3c(cc2O)OC(=N)C(C#N)C3c2ccccc2)cc1,COc1ccc(N=Cc2cc3c(cc2O)OC(=N)C(C#N)C3c2ccccc2)cc1,5.468999999999999,0.0,1.0,other,Papyrus,0.0
COc1ccc(NC(=O)Cn2ncn3nc(-c4ccc(OC)cc4)cc3c2=O)cc1,COc1ccc(NC(=O)Cn2ncn3nc(-c4ccc(OC)cc4)cc3c2=O)cc1,5.175,0.0,1.0,other,Papyrus,0.0
COc1ccc(NC(=O)Nc2nnc(-c3ccncc3)s2)cc1,COc1ccc(NC(=O)Nc2nnc(-c3ccncc3)s2)cc1,5.252000000000001,0.0,1.0,other,Papyrus,0.0
COc1ccc(NC(=O)c2cc(-c3sc(NC(=O)C(C)(C)C)nc3C)n(-c3ccc(Br)cc3)n2)cc1,COc1ccc(NC(=O)c2cc(-c3sc(NC(=O)C(C)(C)C)nc3C)n(-c3ccc(Br)cc3)n2)cc1,5.469288840649538,0.0004189657391629635,6.0,EC50,"BindingDB,ChEMBL,Papyrus",0.0010857733403503043
COc1ccc(NC(=O)c2cc(-c3sc(NC(=O)C(C)(C)C)nc3C)n(Cc3cc(Cl)ccc3OC)n2)cc1,COc1ccc(NC(=O)c2cc(-c3sc(NC(=O)C(C)(C)C)nc3C)n(Cc3cc(Cl)ccc3OC)n2)cc1,6.0,0.0,3.0,EC50,"BindingDB,ChEMBL,Papyrus",0.0
COc1ccc(NC(=O)c2cc3c(-c4ccc(OC)c(OC)c4)nn(C)c3s2)cc1OC,COc1ccc(NC(=O)c2cc3c(-c4ccc(OC)c(OC)c4)nn(C)c3s2)cc1OC,5.218,0.0,1.0,other,Papyrus,0.0
COc1ccc(NC(=O)n2nc(-c3sc(NC(=O)C(C)(C)C)nc3C)cc2Cc2cc(Cl)ccc2OC)cc1,COc1ccc(NC(=O)n2nc(-c3sc(NC(=O)C(C)(C)C)nc3C)cc2Cc2cc(Cl)ccc2OC)cc1,6.0,0.0,3.0,EC50,"BindingDB,ChEMBL,Papyrus",0.0
COc1ccc(Nc2nc(-c3ccccc3)nc3ccccc23)cc1S(=O)(=O)N1CCOCC1,COc1ccc(Nc2nc(-c3ccccc3)nc3ccccc23)cc1S(=O)(=O)N1CCOCC1,5.315,0.0,1.0,other,Papyrus,0.0
COc1ccc(Nc2nc(-c3cccs3)nc3ccccc23)cc1S(=O)(=O)N1CCOCC1,COc1ccc(Nc2nc(-c3cccs3)nc3ccccc23)cc1S(=O)(=O)N1CCOCC1,5.422999999999999,0.0,1.0,other,Papyrus,0.0
COc1ccc(Nc2nccc(-c3cccc(N)c3)n2)cc1,COc1ccc(Nc2nccc(-c3cccc(N)c3)n2)cc1,5.382999999999999,0.0,1.0,other,Papyrus,0.0
COc1ccc(O)c(C(=O)c2cnc3c(c2)c(=O)n(C)c(=O)n3Cc2ccccc2)c1,COc1ccc(O)c(C(=O)c2cnc3c(c2)c(=O)n(C)c(=O)n3Cc2ccccc2)c1,5.22,0.0,1.0,other,Papyrus,0.0
COc1ccc(OC)c(-c2nnc3n2N=C(c2ccc(OC)c(OC4CCCC4)c2)CS3)c1,COc1ccc(OC)c(-c2nnc3n2N=C(c2ccc(OC)c(OC4CCCC4)c2)CS3)c1,5.189,0.0,1.0,other,Papyrus,0.0
COc1ccc(OC)c(-c2nnc3n2N=C(c2ccc(OC)c(OC4CCOC4)c2)CS3)c1,COc1ccc(OC)c(-c2nnc3n2N=C(c2ccc(OC)c(OC4CCOC4)c2)CS3)c1,5.767,0.0,1.0,other,Papyrus,0.0
COc1ccc(OC)c(-c2nnc3n2N=C(c2ccc(OC)c(OCC4CC4)c2)CS3)c1,COc1ccc(OC)c(-c2nnc3n2N=C(c2ccc(OC)c(OCC4CC4)c2)CS3)c1,5.412000000000001,0.0,1.0,other,Papyrus,0.0
COc1ccc(OC)c(C(=O)c2sc(NC(=O)C3(c4ccc5c(c4)OCO5)CC3)nc2-c2ccccc2)c1,COc1ccc(OC)c(C(=O)c2sc(NC(=O)C3(c4ccc5c(c4)OCO5)CC3)nc2-c2ccccc2)c1,6.958607314841775,0.0008040671509977246,3.0,EC50,"BindingDB,ChEMBL,Papyrus",0.0008040671509977246
COc1ccc(OC)c(N(CCN2C(=O)c3ccccc3C2=O)C(=O)CCl)c1,COc1ccc(OC)c(N(CCN2C(=O)c3ccccc3C2=O)C(=O)CCl)c1,5.395,0.0,1.0,other,Papyrus,0.0
COc1ccc(OC)c(Nc2nc(-c3sc(NC(=O)c4ccc(Cl)cc4)nc3C)cs2)c1,COc1ccc(OC)c(Nc2nc(-c3sc(NC(=O)c4ccc(Cl)cc4)nc3C)cs2)c1,5.958607314841775,0.0008040671509977246,3.0,Kd,"BindingDB,ChEMBL,Papyrus",0.0008040671509977246
COc1ccc(OC)c(Nc2ncnc3ccc(Br)cc23)c1,COc1ccc(OC)c(Nc2ncnc3ccc(Br)cc23)c1,5.337000000000001,0.0,1.0,other,Papyrus,0.0
COc1ccc(Oc2cc(NC(=O)c3nn(C)cc3[N+](=O)[O-])cc([N+](=O)[O-])c2)cc1,COc1ccc(Oc2cc(NC(=O)c3nn(C)cc3[N+](=O)[O-])cc([N+](=O)[O-])c2)cc1,5.485,0.0,1.0,other,Papyrus,0.0
COc1ccc(Oc2cccc(C(=O)N3Cc4ccccc4CC3C(=O)Nc3ccc(Cl)cc3)c2)cc1,COc1ccc(Oc2cccc(C(=O)N3Cc4ccccc4CC3C(=O)Nc3ccc(Cl)cc3)c2)cc1,6.78,0.0,1.0,EC50,Papyrus,0.0
COc1ccc(Oc2cccc(C(=O)N3Cc4ccccc4C[C@@H]3C(=O)Nc3ccc(Cl)cc3)c2)cc1,COc1ccc(Oc2cccc(C(=O)N3Cc4ccccc4C[C@@H]3C(=O)Nc3ccc(Cl)cc3)c2)cc1,6.777283528852417,0.0,2.0,EC50,"BindingDB,ChEMBL",0.0
COc1ccc(S(=O)(=O)N(C(C)=O)c2ccc(OC(C)=O)c3ccccc23)cc1[N+](=O)[O-],COc1ccc(S(=O)(=O)N(C(C)=O)c2ccc(OC(C)=O)c3ccccc23)cc1[N+](=O)[O-],5.471,0.0,1.0,other,Papyrus,0.0
COc1ccc(S(=O)(=O)N2CCN(C(C)c3nc(OC4CCCCC4)c4ccccc4n3)CC2)cc1,COc1ccc(S(=O)(=O)N2CCN(C(C)c3nc(OC4CCCCC4)c4ccccc4n3)CC2)cc1,5.657577319177793,0.0013987354248616152,8.0,EC50,"BindingDB,ChEMBL,Papyrus",0.10237296541473001
COc1ccc(S(=O)(=O)N2CCN(c3nc4ccc(C)cc4cc3C#N)CC2)cc1,COc1ccc(S(=O)(=O)N2CCN(c3nc4ccc(C)cc4cc3C#N)CC2)cc1,5.360623199523586,0.0003598044127007903,10.0,EC50,"BindingDB,ChEMBL,Papyrus",0.0688123045804296
COc1ccc(S(=O)(=O)N2c3cc(C)ccc3OCC2C(C)(C)C)cc1,COc1ccc(S(=O)(=O)N2c3cc(C)ccc3OCC2C(C)(C)C)cc1,5.197,0.0,1.0,other,Papyrus,0.0
COc1ccc(S(=O)(=O)NC(=O)c2ccc(-n3ccc(OCC4(C(F)(F)F)CC4)n3)nc2N2C[C@@H](C)CC2(C)C)c(C)c1,COc1ccc(S(=O)(=O)NC(=O)c2ccc(-n3ccc(OCC4(C(F)(F)F)CC4)n3)nc2N2C[C@@H](C)CC2(C)C)c(C)c1,7.096910013008056,0.0,2.0,EC50,"BindingDB,ChEMBL",0.0
COc1ccc(S(=O)(=O)NC(=O)c2ccc(-n3ccc(OCC4(C(F)(F)F)CC4)n3)nc2N2C[C@@H](C)CC2(C)C)c(OC)c1,COc1ccc(S(=O)(=O)NC(=O)c2ccc(-n3ccc(OCC4(C(F)(F)F)CC4)n3)nc2N2C[C@@H](C)CC2(C)C)c(OC)c1,6.609122312673765,0.0,4.0,EC50,"BindingDB,ChEMBL",0.4942464299119894
COc1ccc(S(=O)(=O)c2c(O)[nH]c3cc(C(=O)Nc4ccccc4Cl)ccc3c2=O)cc1,COc1ccc(S(=O)(=O)c2c(O)[nH]c3cc(C(=O)Nc4ccccc4Cl)ccc3c2=O)cc1,5.135,0.0,1.0,other,Papyrus,0.0
COc1ccc(S(=O)(=O)c2cc(C(N)=O)c(NC(=O)C(C)(C)O)s2)cc1,COc1ccc(S(=O)(=O)c2cc(C(N)=O)c(NC(=O)C(C)(C)O)s2)cc1,7.00977105386195,0.000132182114432914,6.0,EC50,"BindingDB,ChEMBL,Papyrus",0.9746745029337317
COc1ccc([N+](=O)[O-])cc1Nc1nc2c(s1)CCCCc1nc(NC(=O)C(C)(C)C)sc1-2,COc1ccc([N+](=O)[O-])cc1Nc1nc2c(s1)CCCCc1nc(NC(=O)C(C)(C)C)sc1-2,6.045757490560675,0.0024494139668338323,3.0,IC50,"BindingDB,ChEMBL,Papyrus",0.0024494139668338323
COc1ccc([N+](=O)[O-])cc1Nc1nc2c(s1)CCCc1nc(NC(=O)C(C)(C)C)sc1-2,COc1ccc([N+](=O)[O-])cc1Nc1nc2c(s1)CCCc1nc(NC(=O)C(C)(C)C)sc1-2,5.443697499232712,0.0021347521773347135,3.0,IC50,"BindingDB,ChEMBL,Papyrus",0.0021347521773347135
COc1ccc2[nH]c(=O)c(CN(Cc3cccnc3)S(=O)(=O)c3ccccc3F)cc2c1,COc1ccc2[nH]c(=O)c(CN(Cc3cccnc3)S(=O)(=O)c3ccccc3F)cc2c1,5.678,0.0,1.0,other,Papyrus,0.0
COc1ccc2[nH]c(=O)c3c(c2c1)OC(C)(C)C=C3,COc1ccc2[nH]c(=O)c3c(c2c1)OC(C)(C)C=C3,5.777,0.0,1.0,other,Papyrus,0.0
COc1ccc2[nH]c3c(c2c1)CC(C)NC3=O,COc1ccc2[nH]c3c(c2c1)CC(C)NC3=O,5.886,0.0,1.0,other,Papyrus,0.0
COc1ccc2[nH]c3c(c2c1)CCN1C(=O)C(CC(=O)NCCC2=CCCCC2)CC(C(=O)N2CCCCC2)C31CCc1ccccc1,COc1ccc2[nH]c3c(c2c1)CCN1C(=O)C(CC(=O)NCCC2=CCCCC2)CC(C(=O)N2CCCCC2)C31CCc1ccccc1,5.092,0.0,1.0,other,Papyrus,0.0
COc1ccc2[nH]c3c(c2c1)CCNC31CCN(Cc2c(F)c(F)c(F)c(F)c2F)CC1,COc1ccc2[nH]c3c(c2c1)CCNC31CCN(Cc2c(F)c(F)c(F)c(F)c2F)CC1,5.6777807052660805,0.0,1.0,EC50,ChEMBL,0.0
COc1ccc2[nH]c3c(c2c1)CCNC31CCN(Cc2c(F)ccc(Cl)c2F)CC1,COc1ccc2[nH]c3c(c2c1)CCNC31CCN(Cc2c(F)ccc(Cl)c2F)CC1,5.823908740944319,0.0,1.0,EC50,ChEMBL,0.0
COc1ccc2[nH]c3c(c2c1)CCNC31CCN(Cc2cc(Cl)ccc2[N+](=O)[O-])CC1,COc1ccc2[nH]c3c(c2c1)CCNC31CCN(Cc2cc(Cl)ccc2[N+](=O)[O-])CC1,5.1487416512809245,0.0,1.0,EC50,ChEMBL,0.0
COc1ccc2[nH]c3c(c2c1)CCNC31CCN(Cc2cc(F)c(F)c(F)c2)CC1,COc1ccc2[nH]c3c(c2c1)CCNC31CCN(Cc2cc(F)c(F)c(F)c2)CC1,5.585026652029182,0.0,1.0,EC50,ChEMBL,0.0
COc1ccc2[nH]c3c(c2c1)CCNC31CCN(Cc2cc(F)c(F)cc2F)CC1,COc1ccc2[nH]c3c(c2c1)CCNC31CCN(Cc2cc(F)c(F)cc2F)CC1,6.159379381312206,0.0,2.0,EC50,ChEMBL,0.08834502788860882
COc1ccc2[nH]c3c(c2c1)CCNC31CCN(Cc2cc(F)cc(Cl)c2)CC1,COc1ccc2[nH]c3c(c2c1)CCNC31CCN(Cc2cc(F)cc(Cl)c2)CC1,5.6020599913279625,0.0,1.0,EC50,ChEMBL,0.0
COc1ccc2[nH]c3c(c2c1)CCNC31CCN(Cc2ccc(Br)c(F)c2)CC1,COc1ccc2[nH]c3c(c2c1)CCNC31CCN(Cc2ccc(Br)c(F)c2)CC1,5.7447274948966935,0.0,1.0,EC50,ChEMBL,0.0
COc1ccc2[nH]c3c(c2c1)CCNC31CCN(Cc2ccc(Br)cc2F)CC1,COc1ccc2[nH]c3c(c2c1)CCNC31CCN(Cc2ccc(Br)cc2F)CC1,5.795880017344075,0.0,1.0,EC50,ChEMBL,0.0
COc1ccc2[nH]c3c(c2c1)CCNC31CCN(Cc2ccc(Cl)cc2Cl)CC1,COc1ccc2[nH]c3c(c2c1)CCNC31CCN(Cc2ccc(Cl)cc2Cl)CC1,5.7447274948966935,0.0,1.0,EC50,ChEMBL,0.0
COc1ccc2[nH]c3c(c2c1)CCNC31CCN(Cc2ccc(F)c(Cl)c2F)CC1,COc1ccc2[nH]c3c(c2c1)CCNC31CCN(Cc2ccc(F)c(Cl)c2F)CC1,5.346787486224656,0.0,1.0,EC50,ChEMBL,0.0
COc1ccc2[nH]c3c(c2c1)CCNC31CCN(Cc2ccc(F)c(F)c2F)CC1,COc1ccc2[nH]c3c(c2c1)CCNC31CCN(Cc2ccc(F)c(F)c2F)CC1,5.3872161432802645,0.0,1.0,EC50,ChEMBL,0.0
COc1ccc2[nH]c3c(c2c1)CCNC31CCN(Cc2ccc(F)cc2F)CC1,COc1ccc2[nH]c3c(c2c1)CCNC31CCN(Cc2ccc(F)cc2F)CC1,5.698970004336019,0.0,1.0,EC50,ChEMBL,0.0
COc1ccc2[nH]c3c(c2c1)CCNC31CCN(Cc2ccc([N+](=O)[O-])cc2F)CC1,COc1ccc2[nH]c3c(c2c1)CCNC31CCN(Cc2ccc([N+](=O)[O-])cc2F)CC1,5.229147988357856,0.0,1.0,EC50,ChEMBL,0.0
COc1ccc2[nH]c3c(c2c1)CCNC31CCN(Cc2ccccc2Cl)CC1,COc1ccc2[nH]c3c(c2c1)CCNC31CCN(Cc2ccccc2Cl)CC1,5.657577319177793,0.0,1.0,EC50,ChEMBL,0.0
COc1ccc2[nH]c3c(c2c1)CCNC3=O,COc1ccc2[nH]c3c(c2c1)CCNC3=O,5.863,0.0,1.0,other,Papyrus,0.0
COc1ccc2[nH]c3c(c2c1)CN(C(=O)c1c[nH]c(C(F)(F)F)n1)CC3,COc1ccc2[nH]c3c(c2c1)CN(C(=O)c1c[nH]c(C(F)(F)F)n1)CC3,5.552841968657781,0.0016408113695983218,3.0,EC50,"BindingDB,ChEMBL,Papyrus",0.0016408113695983218
COc1ccc2[nH]c3c(c2c1)CN(C(=O)c1cc(-c2ccccc2)[nH]n1)CC3,COc1ccc2[nH]c3c(c2c1)CN(C(=O)c1cc(-c2ccccc2)[nH]n1)CC3,6.086186147616283,0.0022019287003881907,3.0,EC50,"BindingDB,ChEMBL,Papyrus",0.0022019287003881907
COc1ccc2[nH]c3c(c2c1)CN(C(=O)c1cc(C(C)C)[nH]n1)CC3,COc1ccc2[nH]c3c(c2c1)CN(C(=O)c1cc(C(C)C)[nH]n1)CC3,5.2441251443275085,0.0023816531879329883,3.0,EC50,"BindingDB,ChEMBL,Papyrus",0.0023816531879329883
COc1ccc2[nH]c3c(c2c1)CN(C(=O)c1cc(C(F)(F)F)[nH]n1)CC3,COc1ccc2[nH]c3c(c2c1)CN(C(=O)c1cc(C(F)(F)F)[nH]n1)CC3,6.455931955649724,0.00234868650070691,3.0,EC50,"BindingDB,ChEMBL,Papyrus",0.00234868650070691
COc1ccc2[nH]c3c(c2c1)CN(C(=O)c1cc(C(F)(F)F)n(C)n1)CC3,COc1ccc2[nH]c3c(c2c1)CN(C(=O)c1cc(C(F)(F)F)n(C)n1)CC3,5.1487416512809245,0.000726507971692909,3.0,EC50,"BindingDB,ChEMBL,Papyrus",0.000726507971692909
COc1ccc2[nH]c3c(c2c1)CN(C(=O)c1cc2ccc(N(C)C)cc2[nH]1)CC3,COc1ccc2[nH]c3c(c2c1)CN(C(=O)c1cc2ccc(N(C)C)cc2[nH]1)CC3,6.823908740944319,0.0022567126363947855,3.0,EC50,"BindingDB,ChEMBL,Papyrus",0.0022567126363947855
COc1ccc2[nH]c3c(c2c1)CN(C(=O)c1ccc(Br)o1)CC3,COc1ccc2[nH]c3c(c2c1)CN(C(=O)c1ccc(Br)o1)CC3,5.431798275933005,0.0010382350939978353,3.0,EC50,"BindingDB,ChEMBL,Papyrus",0.0010382350939978353
COc1ccc2[nH]cc(C(=O)CCl)c2c1,COc1ccc2[nH]cc(C(=O)CCl)c2c1,5.917000000000001,0.0,1.0,other,Papyrus,0.0
COc1ccc2c(=O)cc(-c3ccncc3)oc2c1OC,COc1ccc2c(=O)cc(-c3ccncc3)oc2c1OC,5.401,0.0,1.0,other,Papyrus,0.0
COc1ccc2c(Nc3nc(-c4ccccc4)cs3)oc(O)c2c1OC,COc1ccc2c(Nc3nc(-c4ccccc4)cs3)oc(O)c2c1OC,6.18,0.0,1.0,other,Papyrus,0.0
COc1ccc2c(c1)C(NC(=O)C1(c3ccc4c(c3)OC(F)(F)O4)CC1)CC(c1cccc(C(=O)O)c1)O2,COc1ccc2c(c1)C(NC(=O)C1(c3ccc4c(c3)OC(F)(F)O4)CC1)CC(c1cccc(C(=O)O)c1)O2,6.68,0.0,1.0,EC50,Papyrus,0.0
COc1ccc2c(c1)OC(c1ccc(C(=O)O)cc1)CC2NC(=O)C1(c2ccc3c(c2)OC(F)(F)O3)CC1,COc1ccc2c(c1)OC(c1ccc(C(=O)O)cc1)CC2NC(=O)C1(c2ccc3c(c2)OC(F)(F)O3)CC1,8.05,0.0,1.0,EC50,Papyrus,0.0
COc1ccc2c(c1)OC(c1ccc(OC)c(OC)c1)CC2NC(=O)C1(c2ccc3c(c2)OC(F)(F)O3)CC1,COc1ccc2c(c1)OC(c1ccc(OC)c(OC)c1)CC2NC(=O)C1(c2ccc3c(c2)OC(F)(F)O3)CC1,6.79448500216801,0.13507860534403737,9.0,EC50,"ChEMBL,Papyrus",0.721
COc1ccc2c(c1)OC(c1cccc(C(=O)O)c1)CC2NC(=O)C1(c2ccc3c(c2)OC(F)(F)O3)CC1,COc1ccc2c(c1)OC(c1cccc(C(=O)O)c1)CC2NC(=O)C1(c2ccc3c(c2)OC(F)(F)O3)CC1,6.63,0.0,2.0,EC50,Papyrus,0.01
COc1ccc2c(c1)OC(c1ccccc1)CC2NC(=O)C1(c2ccc3c(c2)OC(F)(F)O3)CC1,COc1ccc2c(c1)OC(c1ccccc1)CC2NC(=O)C1(c2ccc3c(c2)OC(F)(F)O3)CC1,6.348393743112328,0.002271590275200653,2.0,EC50,"ChEMBL,Papyrus",0.002271590275200653
COc1ccc2c(c1)O[C@@H](c1ccc(C(=O)O)cc1)C[C@H]2NC(=O)C1(c2ccc3c(c2)OC(F)(F)O3)CC1,COc1ccc2c(c1)O[C@@H](c1ccc(C(=O)O)cc1)C[C@H]2NC(=O)C1(c2ccc3c(c2)OC(F)(F)O3)CC1,8.045757490560675,0.0,1.0,EC50,ChEMBL,0.0
COc1ccc2c(c1)O[C@@H](c1ccc(OC)c(OC)c1)C[C@H]2NC(=O)C1(c2ccc3c(c2)OC(F)(F)O3)CC1,COc1ccc2c(c1)O[C@@H](c1ccc(OC)c(OC)c1)C[C@H]2NC(=O)C1(c2ccc3c(c2)OC(F)(F)O3)CC1,7.455931955649724,0.0,8.0,EC50,ChEMBL,0.3274991952477526
COc1ccc2c(c1)O[C@@H](c1cccc(C(=O)O)c1)C[C@H]2NC(=O)C1(c2ccc3c(c2)OC(F)(F)O3)CC1,COc1ccc2c(c1)O[C@@H](c1cccc(C(=O)O)c1)C[C@H]2NC(=O)C1(c2ccc3c(c2)OC(F)(F)O3)CC1,6.6290304611354,0.0,2.0,EC50,ChEMBL,0.01306974150565885
COc1ccc2c(c1)O[C@H](c1ccc(OC)c(OC)c1)C[C@@H]2NC(=O)C1(c2ccc3c(c2)OC(F)(F)O3)CC1,COc1ccc2c(c1)O[C@H](c1ccc(OC)c(OC)c1)C[C@@H]2NC(=O)C1(c2ccc3c(c2)OC(F)(F)O3)CC1,5.70446769648675,0.0,4.0,EC50,ChEMBL,0.3412513099752099
COc1ccc2c(c1)[C@H](NC(=O)C1(c3ccc4c(c3)OC(F)(F)O4)CC1)C[C@H](c1cccc(C(=O)O)c1)O2,COc1ccc2c(c1)[C@H](NC(=O)C1(c3ccc4c(c3)OC(F)(F)O4)CC1)C[C@H](c1cccc(C(=O)O)c1)O2,6.6777807052660805,0.0,1.0,EC50,ChEMBL,0.0
COc1ccc2c(c1)[nH]c1c(C)nccc12,COc1ccc2c(c1)[nH]c1c(C)nccc12,5.424,0.0,1.0,other,Papyrus,0.0
COc1ccc2c(c1)c(C(C)=O)c(C)n2-c1ccc(C(C)=O)cc1,COc1ccc2c(c1)c(C(C)=O)c(C)n2-c1ccc(C(C)=O)cc1,5.547999999999999,0.0,1.0,other,Papyrus,0.0
COc1ccc2c(c1)c1c(n2C)CCN(C(=O)c2cc(C(F)(F)F)[nH]n2)C1,COc1ccc2c(c1)c1c(n2C)CCN(C(=O)c2cc(C(F)(F)F)[nH]n2)C1,5.6777807052660805,0.0012813104120393288,3.0,EC50,"BindingDB,ChEMBL,Papyrus",0.0012813104120393288
COc1ccc2c(c1OC)c(O)n1c3ccccc3c(=O)n(-c3ccccc3)c21,COc1ccc2c(c1OC)c(O)n1c3ccccc3c(=O)n(-c3ccccc3)c21,6.045,0.0,1.0,other,Papyrus,0.0
COc1ccc2c3c([nH]c2c1)C1(CCN(Cc2ccc(F)cc2F)CC1)NCC3,COc1ccc2c3c([nH]c2c1)C1(CCN(Cc2ccc(F)cc2F)CC1)NCC3,5.619788758288394,0.0,1.0,EC50,ChEMBL,0.0
COc1ccc2cc(C(N)=O)c(=Nc3ccc(C)cc3)oc2c1,COc1ccc2cc(C(N)=O)c(=Nc3ccc(C)cc3)oc2c1,5.587999999999999,0.0,1.0,other,Papyrus,0.0
COc1ccc2cc3c(N)nn(C(=O)Cc4ccccc4OC)c3nc2c1,COc1ccc2cc3c(N)nn(C(=O)Cc4ccccc4OC)c3nc2c1,5.573,0.0,1.0,other,Papyrus,0.0
COc1ccc2cc3c(N)nn(C(=O)c4ccc(F)cc4)c3nc2c1,COc1ccc2cc3c(N)nn(C(=O)c4ccc(F)cc4)c3nc2c1,5.888999999999999,0.0,1.0,other,Papyrus,0.0
COc1ccc2cc3c(N)nn(C(=O)c4ccccc4[N+](=O)[O-])c3nc2c1,COc1ccc2cc3c(N)nn(C(=O)c4ccccc4[N+](=O)[O-])c3nc2c1,6.268,0.0,1.0,other,Papyrus,0.0
COc1ccc2nc(N3CCN(C(=O)c4ccccc4F)CC3)c(C#N)cc2c1,COc1ccc2nc(N3CCN(C(=O)c4ccccc4F)CC3)c(C#N)cc2c1,5.376750709602099,0.11936757784391817,6.0,EC50,"BindingDB,ChEMBL,Papyrus",0.21
COc1ccc2nc(Nc3nc(=O)cc(CSc4nc5ccccc5[nH]4)[nH]3)nc(C)c2c1,COc1ccc2nc(Nc3nc(=O)cc(CSc4nc5ccccc5[nH]4)[nH]3)nc(C)c2c1,5.224,0.0,1.0,other,Papyrus,0.0
COc1ccc2ncn(-c3ccccc3)c2c1,COc1ccc2ncn(-c3ccccc3)c2c1,5.2620000000000005,0.0,1.0,other,Papyrus,0.0
COc1cccc(-c2ccc3ncnc(NCc4cc(C)cs4)c3c2)c1,COc1cccc(-c2ccc3ncnc(NCc4cc(C)cs4)c3c2)c1,5.412999999999999,0.0,1.0,other,Papyrus,0.0
COc1cccc(-c2ccc3ncnc(NCc4ccc5c(c4)OCO5)c3c2)c1,COc1cccc(-c2ccc3ncnc(NCc4ccc5c(c4)OCO5)c3c2)c1,5.792999999999999,0.0,1.0,other,Papyrus,0.0
COc1cccc(-c2ccc3ncnc(NCc4cccc(C)c4)c3c2)c1,COc1cccc(-c2ccc3ncnc(NCc4cccc(C)c4)c3c2)c1,5.247000000000001,0.0,1.0,other,Papyrus,0.0
COc1cccc(-c2ccc3ncnc(NCc4cccnc4)c3c2)c1,COc1cccc(-c2ccc3ncnc(NCc4cccnc4)c3c2)c1,5.91,0.0,1.0,other,Papyrus,0.0
COc1cccc(-c2ccc3ncnc(NCc4cccs4)c3c2)c1,COc1cccc(-c2ccc3ncnc(NCc4cccs4)c3c2)c1,5.5360000000000005,0.0,1.0,other,Papyrus,0.0
COc1cccc(-c2nnc3n2N=C(C(C)(C)C)CS3)c1,COc1cccc(-c2nnc3n2N=C(C(C)(C)C)CS3)c1,6.355,0.0,1.0,other,Papyrus,0.0
COc1cccc(-c2nnc3sc(C4CCCCC4)nn23)c1,COc1cccc(-c2nnc3sc(C4CCCCC4)nn23)c1,6.086,0.0,1.0,other,Papyrus,0.0
COc1cccc(C(=O)NCCCNc2nc3cc(C)cc(C)c3cc2C#N)c1,COc1cccc(C(=O)NCCCNc2nc3cc(C)cc(C)c3cc2C#N)c1,5.338621174238888,0.0007977161741164719,6.0,EC50,"BindingDB,ChEMBL,Papyrus",0.0019502088753097235
COc1cccc(C(=O)NCCNc2nc3cc(C)cc(C)c3cc2C#N)c1,COc1cccc(C(=O)NCCNc2nc3cc(C)cc(C)c3cc2C#N)c1,5.657577319177793,0.0013987354248616152,17.0,EC50,"BindingDB,ChEMBL,Papyrus",0.356
COc1cccc(C(=O)c2sc(NC(=O)C3(c4ccc5c(c4)OCO5)CC3)nc2-c2ccccc2)c1,COc1cccc(C(=O)c2sc(NC(=O)C3(c4ccc5c(c4)OCO5)CC3)nc2-c2ccccc2)c1,7.0,0.0,3.0,EC50,"BindingDB,ChEMBL,Papyrus",0.0
COc1cccc(C2CC2(C(=O)NS(=O)(=O)c2cccc3nc(C)ccc23)c2cc(C)ccc2OC)c1,COc1cccc(C2CC2(C(=O)NS(=O)(=O)c2cccc3nc(C)ccc23)c2cc(C)ccc2OC)c1,9.075720713938118,0.0024706469597673025,3.0,EC50,"BindingDB,ChEMBL,Papyrus",0.0024706469597673025
COc1cccc(C2Nc3ccccc3-n3c(-c4cccc(C)c4)c4c(=O)n(C)c(=O)n(C)c4c32)c1,COc1cccc(C2Nc3ccccc3-n3c(-c4cccc(C)c4)c4c(=O)n(C)c(=O)n(C)c4c32)c1,5.769551078621726,0.00025918487859128764,3.0,IC50,"BindingDB,ChEMBL,Papyrus",0.00025918487859128764
COc1cccc(C2Nc3ccccc3-n3c(-c4ccccc4)c4c(=O)n(C)c(=O)n(C)c4c32)c1,COc1cccc(C2Nc3ccccc3-n3c(-c4ccccc4)c4c(=O)n(C)c(=O)n(C)c4c32)c1,5.769551078621726,0.00025918487859128764,3.0,IC50,"BindingDB,ChEMBL,Papyrus",0.00025918487859128764
COc1cccc(C2Nc3ccccc3-n3c(-c4ccccc4C)c4c(=O)n(C)c(=O)n(C)c4c32)c1,COc1cccc(C2Nc3ccccc3-n3c(-c4ccccc4C)c4c(=O)n(C)c(=O)n(C)c4c32)c1,5.522878745280337,0.0010846940933417174,4.0,IC50,"BindingDB,ChEMBL,Papyrus",0.002
COc1cccc(C2Nc3ccccc3-n3c(-c4ccccc4F)c4c(=O)n(C)c(=O)n(C)c4c32)c1,COc1cccc(C2Nc3ccccc3-n3c(-c4ccccc4F)c4c(=O)n(C)c(=O)n(C)c4c32)c1,5.698970004336019,0.0005946682738638907,3.0,IC50,"BindingDB,ChEMBL,Papyrus",0.0005946682738638907
COc1cccc(C=Nn2c(C3CCCCC3)n[nH]c2=S)c1,COc1cccc(C=Nn2c(C3CCCCC3)n[nH]c2=S)c1,5.401,0.0,1.0,other,Papyrus,0.0
COc1cccc(CN(C)C(=O)C(CCSC)NS(=O)(=O)c2ccc3c(c2)OCCO3)c1OC,COc1cccc(CN(C)C(=O)C(CCSC)NS(=O)(=O)c2ccc3c(c2)OCCO3)c1OC,5.468999999999999,0.0,1.0,other,Papyrus,0.0
COc1cccc(Cn2c(C)ns/c2=N\C(=N\c2ccccc2)c2ccccc2)c1,COc1cccc(Cn2c(C)ns/c2=N\C(=N\c2ccccc2)c2ccccc2)c1,5.920818753952375,0.0,2.0,EC50,"BindingDB,ChEMBL",0.0
COc1cccc(N2CCN(c3c(C#N)c(C(F)(F)F)nn3C)CC2)c1,COc1cccc(N2CCN(c3c(C#N)c(C(F)(F)F)nn3C)CC2)c1,5.644,0.0,1.0,other,Papyrus,0.0
COc1cccc(NC(=O)CN(C)CC(=O)Nc2ccc(C)c([N+](=O)[O-])c2)c1,COc1cccc(NC(=O)CN(C)CC(=O)Nc2ccc(C)c([N+](=O)[O-])c2)c1,5.207000000000001,0.0,1.0,other,Papyrus,0.0
COc1cccc(NC(=O)Nc2nnc(CC(=O)NCc3ccccc3)s2)c1,COc1cccc(NC(=O)Nc2nnc(CC(=O)NCc3ccccc3)s2)c1,5.292999999999999,0.0,1.0,other,Papyrus,0.0
COc1cccc(NC(=O)Nc2nnc(CC(=O)Nc3ccccc3)s2)c1,COc1cccc(NC(=O)Nc2nnc(CC(=O)Nc3ccccc3)s2)c1,5.311,0.0,1.0,other,Papyrus,0.0
COc1cccc(Nc2ncnc3ccc(Br)cc23)c1,COc1cccc(Nc2ncnc3ccc(Br)cc23)c1,5.9670000000000005,0.0,1.0,other,Papyrus,0.0
COc1cccc(Nc2ncnc3onc(-c4ccc(Cl)cc4)c23)c1,COc1cccc(Nc2ncnc3onc(-c4ccc(Cl)cc4)c23)c1,5.494850021680094,0.002973341369318556,3.0,IC50,"BindingDB,ChEMBL,Papyrus",0.002973341369318556
COc1cccc(OC)c1C(=O)NCCNc1nc2cc(C)cc(C)c2cc1C#N,COc1cccc(OC)c1C(=O)NCCNc1nc2cc(C)cc(C)c2cc1C#N,5.430899271864529,0.0005251999080291438,6.0,EC50,"BindingDB,ChEMBL,Papyrus",0.0012713837462660707
COc1cccc(OC)c1C(=O)Nc1cc(C)nn1-c1nc2ccccc2[nH]1,COc1cccc(OC)c1C(=O)Nc1cc(C)nn1-c1nc2ccccc2[nH]1,5.424,0.0,1.0,other,Papyrus,0.0
COc1cccc(S(=O)(=O)NC(=O)c2ccc(-n3ccc(OCC4(C(F)(F)F)CC4)n3)nc2N2C[C@@H](C)CC2(C)C)c1,COc1cccc(S(=O)(=O)NC(=O)c2ccc(-n3ccc(OCC4(C(F)(F)F)CC4)n3)nc2N2C[C@@H](C)CC2(C)C)c1,7.698970004336019,0.0,2.0,EC50,"BindingDB,ChEMBL",0.0
COc1cccc2c(SCC(=O)NN=Cc3ccccc3)cc(C)nc12,COc1cccc2c(SCC(=O)NN=Cc3ccccc3)cc(C)nc12,5.158,0.0,1.0,other,Papyrus,0.0
COc1cccc2sc(N(CCCN(C)C)C(=O)CCS(=O)(=O)c3ccccc3)nc12,COc1cccc2sc(N(CCCN(C)C)C(=O)CCS(=O)(=O)c3ccccc3)nc12,5.631,0.0,1.0,other,Papyrus,0.0
COc1ccccc1-c1cc(NC=O)c2ncc(-c3ccc(F)cc3)n2c1,COc1ccccc1-c1cc(NC=O)c2ncc(-c3ccc(F)cc3)n2c1,5.388999999999999,0.0,1.0,other,Papyrus,0.0
COc1ccccc1-n1nnnc1S(=O)(=O)Cc1ccc(Cl)cc1,COc1ccccc1-n1nnnc1S(=O)(=O)Cc1ccc(Cl)cc1,5.893,0.0,1.0,other,Papyrus,0.0
COc1ccccc1C(=O)c1sc(NC(=O)C2(c3ccc4c(c3)OCO4)CC2)nc1-c1ccccc1,COc1ccccc1C(=O)c1sc(NC(=O)C2(c3ccc4c(c3)OCO4)CC2)nc1-c1ccccc1,6.853871964321762,0.0022354796434619563,3.0,EC50,"BindingDB,ChEMBL,Papyrus",0.0022354796434619563
COc1ccccc1C1(C)ON(c2ccccc2C(F)(F)F)C1=O,COc1ccccc1C1(C)ON(c2ccccc2C(F)(F)F)C1=O,5.382999999999999,0.0,1.0,other,Papyrus,0.0
COc1ccccc1C=CC(=O)c1c2c(c(C)[nH]c1=O)CCCC2,COc1ccccc1C=CC(=O)c1c2c(c(C)[nH]c1=O)CCCC2,5.532,0.0,1.0,other,Papyrus,0.0
COc1ccccc1CC(=O)Nc1nnc(Cc2ccc(OC)c(OC)c2)s1,COc1ccccc1CC(=O)Nc1nnc(Cc2ccc(OC)c(OC)c2)s1,6.468521082957745,0.0,2.0,EC50,"BindingDB,ChEMBL",0.0
COc1ccccc1Cn1c(=O)c2ccccc2n2c(Sc3ncnc4sccc34)nnc12,COc1ccccc1Cn1c(=O)c2ccccc2n2c(Sc3ncnc4sccc34)nnc12,5.409,0.0,1.0,other,Papyrus,0.0
COc1ccccc1NC(=O)c1cc2c(CO)cnc(C)c2oc1=Nc1ccc(OC)c(OC)c1,COc1ccccc1NC(=O)c1cc2c(CO)cnc(C)c2oc1=Nc1ccc(OC)c(OC)c1,5.023,0.0,1.0,other,Papyrus,0.0
COc1ccccc1NS(=O)(=O)c1cccc(-n2c(O)c(C=Nc3ccccc3C(=O)O)c3ccccc3c2=O)c1,COc1ccccc1NS(=O)(=O)c1cccc(-n2c(O)c(C=Nc3ccccc3C(=O)O)c3ccccc3c2=O)c1,5.256,0.0,1.0,other,Papyrus,0.0
COc1ccccc1Nc1nc(-c2sc(NC(=O)C(C)(C)C)nc2C)cs1,COc1ccccc1Nc1nc(-c2sc(NC(=O)C(C)(C)C)nc2C)cs1,5.958607314841775,0.0008040671509977246,3.0,Kd,"BindingDB,ChEMBL,Papyrus",0.0008040671509977246
COc1ccccc1S(=O)(=O)NC(=O)c1ccc(-n2ccc(OCC3(C(F)(F)F)CC3)n2)nc1N1C[C@@H](C)CC1(C)C,COc1ccccc1S(=O)(=O)NC(=O)c1ccc(-n2ccc(OCC3(C(F)(F)F)CC3)n2)nc1N1C[C@@H](C)CC1(C)C,7.3979400086720375,0.0,2.0,EC50,"BindingDB,ChEMBL",0.0
COc1cncc(-c2cnc3sc(NCCc4ccccn4)nn23)c1,COc1cncc(-c2cnc3sc(NCCc4ccccn4)nn23)c1,5.815,0.0,1.0,other,Papyrus,0.0
COc1nc(C(=O)NCC(C)(O)C(F)(F)F)c(N)cc1C(F)(F)F,COc1nc(C(=O)NCC(C)(O)C(F)(F)F)c(N)cc1C(F)(F)F,7.119186407719209,0.22235308783971955,12.0,EC50,"BindingDB,ChEMBL,Papyrus",0.5293373127929566
COc1nc(C(=O)NCC(O)C(F)(F)F)c(N)cc1C(F)(F)F,COc1nc(C(=O)NCC(O)C(F)(F)F)c(N)cc1C(F)(F)F,7.455931955649724,0.0,3.0,EC50,"BindingDB,ChEMBL",0.0
COc1nc(C(=O)NC[C@@](C)(O)C(F)(F)F)c(N)cc1C(F)(F)F,COc1nc(C(=O)NC[C@@](C)(O)C(F)(F)F)c(N)cc1C(F)(F)F |r|,6.370590400897281,0.0,1.0,EC50,BindingDB,0.0
COc1nc(C(=O)NC[C@](C)(O)C(F)(F)F)c(N)cc1C(F)(F)F,COc1nc(C(=O)NC[C@](C)(O)C(F)(F)F)c(N)cc1C(F)(F)F,7.221848749616356,0.0,18.0,EC50,"BindingDB,ChEMBL",0.44060528915009245
COc1nc(N)c(C#N)c(-c2ccc(N(C)CCC#N)cc2)c1C#N,COc1nc(N)c(C#N)c(-c2ccc(N(C)CCC#N)cc2)c1C#N,5.48,0.0,1.0,other,Papyrus,0.0
COc1ncc(C(C)(C)C)cc1CNC1C(c2ccccc2)N(C(=O)C2CCCCC2)C(C(=O)O)C1C(C)(C)C,COc1ncc(C(C)(C)C)cc1CNC1C(c2ccccc2)N(C(=O)C2CCCCC2)C(C(=O)O)C1C(C)(C)C,6.97,0.0,1.0,EC50,Papyrus,0.0
COc1ncc(C(C)(C)C)cc1CN[C@H]1[C@H](C(C)(C)C)[C@@H](C(=O)O)N(C(=O)C2CCCCC2)[C@H]1c1ccccc1,COc1ncc(C(C)(C)C)cc1CN[C@H]1[C@H](C(C)(C)C)[C@@H](C(=O)O)N(C(=O)C2CCCCC2)[C@H]1c1ccccc1,6.97061622231479,0.0,2.0,EC50,"BindingDB,ChEMBL",0.0
COc1ncc(C(C)(C)C)cc1COC1C(c2ccccc2)N(C(=O)C2CCCCC2)C(C(=O)O)C1C(C)(C)C,COc1ncc(C(C)(C)C)cc1COC1C(c2ccccc2)N(C(=O)C2CCCCC2)C(C(=O)O)C1C(C)(C)C,6.88,0.0,1.0,EC50,Papyrus,0.0
COc1ncc(C(C)(C)C)cc1CO[C@H]1[C@H](C(C)(C)C)[C@@H](C(=O)O)N(C(=O)C2CCCCC2)[C@H]1c1ccccc1,COc1ncc(C(C)(C)C)cc1CO[C@H]1[C@H](C(C)(C)C)[C@@H](C(=O)O)N(C(=O)C2CCCCC2)[C@H]1c1ccccc1,6.87942606879415,0.0,2.0,EC50,"BindingDB,ChEMBL",0.0
COc1ncc(C(C)C)cc1CNC1C(c2ccccc2)N(C(=O)C2CCCCC2)C(C(=O)O)C1C(C)(C)OC,COc1ncc(C(C)C)cc1CNC1C(c2ccccc2)N(C(=O)C2CCCCC2)C(C(=O)O)C1C(C)(C)OC,6.0,0.0,2.0,EC50,Papyrus,0.0
COc1ncc(C(C)C)cc1CN[C@H]1[C@H](C(C)(C)OC)[C@@H](C(=O)O)N(C(=O)C2CCCCC2)[C@H]1c1ccccc1,COc1ncc(C(C)C)cc1CN[C@H]1[C@H](C(C)(C)OC)[C@@H](C(=O)O)N(C(=O)C2CCCCC2)[C@H]1c1ccccc1,6.0,0.0,4.0,EC50,"BindingDB,ChEMBL",0.0
COc1ncc(C(F)(F)F)cc1CNC1C(c2ccccc2)N(C(=O)C2CCCCC2)C(C(=O)O)C1C(C)(C)C,COc1ncc(C(F)(F)F)cc1CNC1C(c2ccccc2)N(C(=O)C2CCCCC2)C(C(=O)O)C1C(C)(C)C,6.68,0.0,1.0,EC50,Papyrus,0.0
COc1ncc(C(F)(F)F)cc1CN[C@H]1[C@H](C(C)(C)C)[C@@H](C(=O)O)N(C(=O)C2CCCCC2)[C@H]1c1ccccc1,COc1ncc(C(F)(F)F)cc1CN[C@H]1[C@H](C(C)(C)C)[C@@H](C(=O)O)N(C(=O)C2CCCCC2)[C@H]1c1ccccc1,6.6777807052660805,0.0,2.0,EC50,"BindingDB,ChEMBL",0.0
COc1ncc(C(F)(F)F)cc1COC1C(c2ccccc2)N(C(=O)C2CCCCC2)C(C(=O)O)C1C(C)(C)C,COc1ncc(C(F)(F)F)cc1COC1C(c2ccccc2)N(C(=O)C2CCCCC2)C(C(=O)O)C1C(C)(C)C,6.82,0.0,1.0,EC50,Papyrus,0.0
COc1ncc(C(F)(F)F)cc1COC1C(c2ccccc2)N(C(=O)C2CCCCO2)C(C(=O)O)C1C(C)(C)C,COc1ncc(C(F)(F)F)cc1COC1C(c2ccccc2)N(C(=O)C2CCCCO2)C(C(=O)O)C1C(C)(C)C,6.565,0.0,2.0,EC50,Papyrus,0.105
COc1ncc(C(F)(F)F)cc1COC1C(c2ccccc2)N(C(=O)OC(C)C)C(C(=O)O)C1C(C)(C)C,COc1ncc(C(F)(F)F)cc1COC1C(c2ccccc2)N(C(=O)OC(C)C)C(C(=O)O)C1C(C)(C)C,6.86,0.0,1.0,EC50,Papyrus,0.0
COc1ncc(C(F)(F)F)cc1COC1C(c2ccccc2C(C)C)N(C(=O)C2CCCCO2)C(C(=O)O)C1C(C)(C)C,COc1ncc(C(F)(F)F)cc1COC1C(c2ccccc2C(C)C)N(C(=O)C2CCCCO2)C(C(=O)O)C1C(C)(C)C,7.46,0.0,1.0,EC50,Papyrus,0.0
COc1ncc(C(F)(F)F)cc1COC1C(c2ccccc2C)N(C(=O)C2CCCCO2)C(C(=O)O)C1C(C)(C)C,COc1ncc(C(F)(F)F)cc1COC1C(c2ccccc2C)N(C(=O)C2CCCCO2)C(C(=O)O)C1C(C)(C)C,6.98,0.0,1.0,EC50,Papyrus,0.0
COc1ncc(C(F)(F)F)cc1COC1C(c2ccccc2C2CC2)N(C(=O)C2CCCCO2)C(C(=O)O)C1C(C)(C)C,COc1ncc(C(F)(F)F)cc1COC1C(c2ccccc2C2CC2)N(C(=O)C2CCCCO2)C(C(=O)O)C1C(C)(C)C,7.18,0.0,1.0,EC50,Papyrus,0.0
COc1ncc(C(F)(F)F)cc1COC1C(c2ccccc2CC(C)C)N(C(=O)C2CCCCO2)C(C(=O)O)C1C(C)(C)C,COc1ncc(C(F)(F)F)cc1COC1C(c2ccccc2CC(C)C)N(C(=O)C2CCCCO2)C(C(=O)O)C1C(C)(C)C,7.28,0.0,1.0,EC50,Papyrus,0.0
COc1ncc(C(F)(F)F)cc1COC1C(c2ccccc2Cl)N(C(=O)C2CCCCO2)C(C(=O)O)C1C(C)(C)C,COc1ncc(C(F)(F)F)cc1COC1C(c2ccccc2Cl)N(C(=O)C2CCCCO2)C(C(=O)O)C1C(C)(C)C,6.65,0.0,1.0,EC50,Papyrus,0.0
COc1ncc(C(F)(F)F)cc1CO[C@H]1[C@H](C(C)(C)C)[C@@H](C(=O)O)N(C(=O)C2CCCCC2)[C@H]1c1ccccc1,COc1ncc(C(F)(F)F)cc1CO[C@H]1[C@H](C(C)(C)C)[C@@H](C(=O)O)N(C(=O)C2CCCCC2)[C@H]1c1ccccc1,6.823908740944319,0.0,2.0,EC50,"BindingDB,ChEMBL",0.0
COc1ncc(C(F)(F)F)cc1CO[C@H]1[C@H](C(C)(C)C)[C@@H](C(=O)O)N(C(=O)OC(C)C)[C@H]1c1ccccc1,COc1ncc(C(F)(F)F)cc1CO[C@H]1[C@H](C(C)(C)C)[C@@H](C(=O)O)N(C(=O)OC(C)C)[C@H]1c1ccccc1,6.863279432843593,0.0,2.0,EC50,"BindingDB,ChEMBL",0.0
COc1ncc(C(F)(F)F)cc1CO[C@H]1[C@H](C(C)(C)C)[C@@H](C(=O)O)N(C(=O)[C@@H]2CCCCO2)[C@H]1c1ccccc1,COc1ncc(C(F)(F)F)cc1CO[C@H]1[C@H](C(C)(C)C)[C@@H](C(=O)O)N(C(=O)[C@@H]2CCCCO2)[C@H]1c1ccccc1,6.671620396561262,0.0,2.0,EC50,"BindingDB,ChEMBL",0.0
COc1ncc(C(F)(F)F)cc1CO[C@H]1[C@H](C(C)(C)C)[C@@H](C(=O)O)N(C(=O)[C@@H]2CCCCO2)[C@H]1c1ccccc1C,COc1ncc(C(F)(F)F)cc1CO[C@H]1[C@H](C(C)(C)C)[C@@H](C(=O)O)N(C(=O)[C@@H]2CCCCO2)[C@H]1c1ccccc1C,6.978810700930062,0.0,2.0,EC50,"BindingDB,ChEMBL",0.0
COc1ncc(C(F)(F)F)cc1CO[C@H]1[C@H](C(C)(C)C)[C@@H](C(=O)O)N(C(=O)[C@@H]2CCCCO2)[C@H]1c1ccccc1C(C)C,COc1ncc(C(F)(F)F)cc1CO[C@H]1[C@H](C(C)(C)C)[C@@H](C(=O)O)N(C(=O)[C@@H]2CCCCO2)[C@H]1c1ccccc1C(C)C,7.455931955649724,0.0,2.0,EC50,"BindingDB,ChEMBL",0.0
COc1ncc(C(F)(F)F)cc1CO[C@H]1[C@H](C(C)(C)C)[C@@H](C(=O)O)N(C(=O)[C@@H]2CCCCO2)[C@H]1c1ccccc1C1CC1,COc1ncc(C(F)(F)F)cc1CO[C@H]1[C@H](C(C)(C)C)[C@@H](C(=O)O)N(C(=O)[C@@H]2CCCCO2)[C@H]1c1ccccc1C1CC1,7.180456064458132,0.0,2.0,EC50,"BindingDB,ChEMBL",0.0
COc1ncc(C(F)(F)F)cc1CO[C@H]1[C@H](C(C)(C)C)[C@@H](C(=O)O)N(C(=O)[C@@H]2CCCCO2)[C@H]1c1ccccc1CC(C)C,COc1ncc(C(F)(F)F)cc1CO[C@H]1[C@H](C(C)(C)C)[C@@H](C(=O)O)N(C(=O)[C@@H]2CCCCO2)[C@H]1c1ccccc1CC(C)C,7.2839966563652006,0.0,2.0,EC50,"BindingDB,ChEMBL",0.0
COc1ncc(C(F)(F)F)cc1CO[C@H]1[C@H](C(C)(C)C)[C@@H](C(=O)O)N(C(=O)[C@@H]2CCCCO2)[C@H]1c1ccccc1Cl,COc1ncc(C(F)(F)F)cc1CO[C@H]1[C@H](C(C)(C)C)[C@@H](C(=O)O)N(C(=O)[C@@H]2CCCCO2)[C@H]1c1ccccc1Cl,6.653647025549361,0.0,2.0,EC50,"BindingDB,ChEMBL",0.0
COc1ncc(C(F)(F)F)cc1CO[C@H]1[C@H](C(C)(C)C)[C@@H](C(=O)O)N(C(=O)[C@H]2CCCCO2)[C@H]1c1ccccc1,COc1ncc(C(F)(F)F)cc1CO[C@H]1[C@H](C(C)(C)C)[C@@H](C(=O)O)N(C(=O)[C@H]2CCCCO2)[C@H]1c1ccccc1,6.460923901207224,0.0,2.0,EC50,"BindingDB,ChEMBL",0.0
COc1ncc(C2CCC2)cc1CNC1C(Cc2cc(C3CCC3)cnc2OC)N(C(=O)C2CCCCO2)C(C(=O)O)C1C(C)(C)C,COc1ncc(C2CCC2)cc1CNC1C(Cc2cc(C3CCC3)cnc2OC)N(C(=O)C2CCCCO2)C(C(=O)O)C1C(C)(C)C,7.39,0.0,1.0,EC50,Papyrus,0.0
COc1ncc(C2CCC2)cc1CNC1C(c2ccccc2)N(C(=O)C2CCCCC2)C(C(=O)O)C1C(C)(C)C,COc1ncc(C2CCC2)cc1CNC1C(c2ccccc2)N(C(=O)C2CCCCC2)C(C(=O)O)C1C(C)(C)C,6.74,0.0,1.0,EC50,Papyrus,0.0
COc1ncc(C2CCC2)cc1CN[C@H]1[C@H](C(C)(C)C)[C@@H](C(=O)O)N(C(=O)C2CCCCC2)[C@H]1c1ccccc1,COc1ncc(C2CCC2)cc1CN[C@H]1[C@H](C(C)(C)C)[C@@H](C(=O)O)N(C(=O)C2CCCCC2)[C@H]1c1ccccc1,6.735182176990463,0.0,2.0,EC50,"BindingDB,ChEMBL",0.0
COc1ncc(C2CCC2)cc1CN[C@H]1[C@H](C(C)(C)C)[C@@H](C(=O)O)N(C(=O)[C@@H]2CCCCO2)[C@H]1Cc1cc(C2CCC2)cnc1OC,COc1ncc(C2CCC2)cc1CN[C@H]1[C@H](C(C)(C)C)[C@@H](C(=O)O)N(C(=O)[C@@H]2CCCCO2)[C@H]1Cc1cc(C2CCC2)cnc1OC,7.3872161432802645,0.0,2.0,EC50,"BindingDB,ChEMBL",0.0
COc1ncc(C2CCCC2)cc1COC1C(c2ccccc2)N(C(=O)C2CCCCC2)C(C(=O)O)C1C(C)(C)C,COc1ncc(C2CCCC2)cc1COC1C(c2ccccc2)N(C(=O)C2CCCCC2)C(C(=O)O)C1C(C)(C)C,6.61,0.0,1.0,EC50,Papyrus,0.0
COc1ncc(C2CCCC2)cc1CO[C@H]1[C@H](C(C)(C)C)[C@@H](C(=O)O)N(C(=O)C2CCCCC2)[C@H]1c1ccccc1,COc1ncc(C2CCCC2)cc1CO[C@H]1[C@H](C(C)(C)C)[C@@H](C(=O)O)N(C(=O)C2CCCCC2)[C@H]1c1ccccc1,6.607303046740334,0.0,2.0,EC50,"BindingDB,ChEMBL",0.0
CS(=O)(=O)NC(=O)c1cc(-c2ccc(N3CCC(C#N)CC3)nc2)c2c(C3CCC3)nn(-c3ccccc3)c2n1,CS(=O)(=O)NC(=O)c1cc(-c2ccc(N3CCC(C#N)CC3)nc2)c2c(C3CCC3)nn(-c3ccccc3)c2n1,6.784918467618308,0.007108623184080282,15.0,EC50,"BindingDB,ChEMBL",0.6670629696103536
CS(=O)(=O)NC(=O)c1cc(-c2ccc(N3CCOCC3)cc2)c2c(C3CCC3)nn(-c3ccccc3)c2n1,CS(=O)(=O)NC(=O)c1cc(-c2ccc(N3CCOCC3)cc2)c2c(C3CCC3)nn(-c3ccccc3)c2n1,6.428132131643469,0.19191204405322368,5.0,EC50,"BindingDB,ChEMBL",0.38862243396822027
CS(=O)(=O)NC(=O)c1cc(N2CCC(C#N)CC2)c2c(C3CCC3)nn(-c3ccccc3)c2n1,CS(=O)(=O)NC(=O)c1cc(N2CCC(C#N)CC2)c2c(C3CCC3)nn(-c3ccccc3)c2n1,6.97469413473523,0.0,6.0,EC50,"BindingDB,ChEMBL",0.3536590617380407
CS(=O)(=O)NC(=O)c1cc(N2CCC(N3CCOCC3)CC2)c2c(C3CCC3)nn(-c3ccc(F)cc3)c2n1,CS(=O)(=O)NC(=O)c1cc(N2CCC(N3CCOCC3)CC2)c2c(C3CCC3)nn(-c3ccc(F)cc3)c2n1,6.931814138253839,0.0,6.0,EC50,"BindingDB,ChEMBL",0.3674010503219994
CS(=O)(=O)NC(=O)c1cc(N2CCC(N3CCOCC3)CC2)c2c(C3CCC3)nn(-c3ccccc3)c2n1,CS(=O)(=O)NC(=O)c1cc(N2CCC(N3CCOCC3)CC2)c2c(C3CCC3)nn(-c3ccccc3)c2n1,6.889288309192481,0.01516101605594208,9.0,EC50,"BindingDB,ChEMBL",0.45477403878359834
CS(=O)(=O)NC(=O)c1cc(N2CCCCC2)c2c(C3CCC3)nn(-c3ccccc3)c2n1,CS(=O)(=O)NC(=O)c1cc(N2CCCCC2)c2c(C3CCC3)nn(-c3ccccc3)c2n1,6.498403337825048,0.0,4.0,EC50,"BindingDB,ChEMBL",0.2566095827272628
CS(=O)(=O)c1ccc2nc(NC(=O)CCS(=O)(=O)c3ccccc3)sc2c1,CS(=O)(=O)c1ccc2nc(NC(=O)CCS(=O)(=O)c3ccccc3)sc2c1,5.312,0.0,1.0,other,Papyrus,0.0
CS(=O)(=O)c1ccc2nc(NC(=O)Nc3cccc(Cl)c3)sc2c1,CS(=O)(=O)c1ccc2nc(NC(=O)Nc3cccc(Cl)c3)sc2c1,5.435,0.0,1.0,other,Papyrus,0.0
CS(=O)(=O)c1ncc(Cl)c(C(=O)Nc2ccc(OC(F)F)cc2)n1,CS(=O)(=O)c1ncc(Cl)c(C(=O)Nc2ccc(OC(F)F)cc2)n1,5.75,0.0,1.0,other,Papyrus,0.0
CS(=O)(O)=Nc1ccc(-c2cnc3cccnn23)cc1,CS(=O)(O)=Nc1ccc(-c2cnc3cccnn23)cc1,5.602,0.0,1.0,other,Papyrus,0.0
CS(=O)(O)=Nc1cccc(-c2cc(NC=O)c3ncc(-c4ccc(F)cc4)n3c2)c1,CS(=O)(O)=Nc1cccc(-c2cc(NC=O)c3ncc(-c4ccc(F)cc4)n3c2)c1,5.62,0.0,1.0,other,Papyrus,0.0
CSc1ccc(C(=O)c2sc(NC(=O)C3(c4ccc5c(c4)OCO5)CC3)nc2-c2ccccc2)cc1,CSc1ccc(C(=O)c2sc(NC(=O)C3(c4ccc5c(c4)OCO5)CC3)nc2-c2ccccc2)cc1,7.0,0.0,3.0,EC50,"BindingDB,ChEMBL,Papyrus",0.0
CSc1cccc(NC(=O)C2(c3ccc4c(c3)OCO4)CC2)c1,CSc1cccc(NC(=O)C2(c3ccc4c(c3)OCO4)CC2)c1,5.098462725229332,0.000889763914755406,6.0,EC50,"BindingDB,ChEMBL,Papyrus",0.002195866681791222
CSc1cccc(Nc2nc(-c3ccc4[nH]c(=O)oc4c3)cs2)c1,CSc1cccc(Nc2nc(-c3ccc4[nH]c(=O)oc4c3)cs2)c1,5.1938200260161125,0.002205493048713688,3.0,EC50,"BindingDB,ChEMBL,Papyrus",0.002205493048713688
CSc1cccc(Nc2nc(-c3cccc(Cl)c3)cs2)c1,CSc1cccc(Nc2nc(-c3cccc(Cl)c3)cs2)c1,5.275724130399211,0.0,2.0,EC50,"BindingDB,ChEMBL",0.0
CSc1cccc(Nc2nc(-c3cccs3)cs2)c1,CSc1cccc(Nc2nc(-c3cccs3)cs2)c1,5.070581074285707,0.0003354833952720262,3.0,EC50,"BindingDB,ChEMBL,Papyrus",0.0003354833952720262
CSc1cccc(Nc2nc(-c3nccs3)cs2)c1,CSc1cccc(Nc2nc(-c3nccs3)cs2)c1,5.022276394711152,0.00131427709926592,3.0,EC50,"BindingDB,ChEMBL,Papyrus",0.00131427709926592
CSc1cccc(Nc2nc(-c3sc(-c4ccccc4)nc3C)cs2)c1,CSc1cccc(Nc2nc(-c3sc(-c4ccccc4)nc3C)cs2)c1,5.2441251443275085,0.0023816531879329883,3.0,EC50,"BindingDB,ChEMBL,Papyrus",0.0023816531879329883
C[C@@H](c1cn(-c2cc(F)ccc2F)nn1)c1cc(-c2cnc(C(F)(F)F)nc2)c2c(N)ncnn12,C[C@@H](c1cn(-c2cc(F)ccc2F)nn1)c1cc(-c2cnc(C(F)(F)F)nc2)c2c(N)ncnn12,7.482037104334842,0.0,4.0,EC50,"BindingDB,ChEMBL",0.07435941164148996
C[C@@H](c1cnn(-c2ccc(F)cc2F)c1)c1c(C#N)c(-c2cnc(C(F)(F)F)nc2)c2c(N)ncnn12,C[C@@H](c1cnn(-c2ccc(F)cc2F)c1)c1c(C#N)c(-c2cnc(C(F)(F)F)nc2)c2c(N)ncnn12,8.842455863455841,0.0,4.0,EC50,"BindingDB,ChEMBL",0.47800446834227006
C[C@@H](c1cnn(-c2ccccc2F)c1)c1c(C#N)c(-c2cnc(C(F)F)nc2)c2c(N)ncnn12,C[C@@H](c1cnn(-c2ccccc2F)c1)c1c(C#N)c(-c2cnc(C(F)F)nc2)c2c(N)ncnn12,8.412289034981088,0.0,2.0,EC50,"BindingDB,ChEMBL",0.0
C[C@@H]1CN(c2cc(-n3ccc(OCCC4(C(F)(F)F)CC4)n3)ncc2C(=O)NS(=O)(=O)c2ccccc2)C(C)(C)C1,C[C@@H]1CN(c2cc(-n3ccc(OCCC4(C(F)(F)F)CC4)n3)ncc2C(=O)NS(=O)(=O)c2ccccc2)C(C)(C)C1,6.233622810503752,0.0,4.0,EC50,"BindingDB,ChEMBL",0.036790058721190226
C[C@@H]1CN(c2nc(-n3ccc(COC4(C)CC4)n3)ccc2C(=O)NS(=O)(=O)c2ccccc2)C(C)(C)C1,C[C@@H]1CN(c2nc(-n3ccc(COC4(C)CC4)n3)ccc2C(=O)NS(=O)(=O)c2ccccc2)C(C)(C)C1,6.259637310505756,0.0,2.0,EC50,"BindingDB,ChEMBL",0.0
C[C@@H]1CN(c2nc(-n3ccc(COCC4(C(F)(F)F)CC4)n3)ccc2C(=O)NS(=O)(=O)c2ccccc2)C(C)(C)C1,C[C@@H]1CN(c2nc(-n3ccc(COCC4(C(F)(F)F)CC4)n3)ccc2C(=O)NS(=O)(=O)c2ccccc2)C(C)(C)C1,7.154901959985743,0.0,2.0,EC50,"BindingDB,ChEMBL",0.0
C[C@@H]1CN(c2nc(-n3ccc(OCC(C)(C)C)n3)ccc2C(=O)NS(=O)(=O)c2ccc[nH]c2=O)C(C)(C)C1,C[C@@H]1CN(c2nc(-n3ccc(OCC(C)(C)C)n3)ccc2C(=O)NS(=O)(=O)c2ccc[nH]c2=O)C(C)(C)C1,6.585026652029182,0.0,2.0,EC50,"BindingDB,ChEMBL",0.0
C[C@@H]1CN(c2nc(-n3ccc(OCC(C)(C)C)n3)ccc2C(=O)NS(=O)(=O)c2ccccc2)C(C)(C)C1,C[C@@H]1CN(c2nc(-n3ccc(OCC(C)(C)C)n3)ccc2C(=O)NS(=O)(=O)c2ccccc2)C(C)(C)C1,6.920818753952375,0.0,2.0,EC50,"BindingDB,ChEMBL",0.0
C[C@@H]1CN(c2nc(-n3ccc(OCC(C)(C)C)n3)ccc2C(=O)NS(=O)(=O)c2cccnc2N)C(C)(C)C1,C[C@@H]1CN(c2nc(-n3ccc(OCC(C)(C)C)n3)ccc2C(=O)NS(=O)(=O)c2cccnc2N)C(C)(C)C1,7.221848749616356,0.0,3.0,EC50,"BindingDB,ChEMBL",0.0
C[C@@H]1CN(c2nc(-n3ccc(OCC(C4CC4)C4CC4)n3)ccc2C(=O)NS(=O)(=O)c2ccccc2)C(C)(C)C1,C[C@@H]1CN(c2nc(-n3ccc(OCC(C4CC4)C4CC4)n3)ccc2C(=O)NS(=O)(=O)c2ccccc2)C(C)(C)C1,7.154901959985743,0.0,2.0,EC50,"BindingDB,ChEMBL",0.0
C[C@@H]1CN(c2nc(-n3ccc(OCC(O)C4(C(F)(F)F)CC4)n3)ccc2C(=O)NS(=O)(=O)c2ccccc2)C(C)(C)C1,C[C@@H]1CN(c2nc(-n3ccc(OCC(O)C4(C(F)(F)F)CC4)n3)ccc2C(=O)NS(=O)(=O)c2ccccc2)C(C)(C)C1,6.349675172451415,0.12733276549062797,3.0,EC50,"BindingDB,ChEMBL",0.25466553098125594
C[C@@H]1CN(c2nc(-n3ccc(OCC4(C(F)(F)F)CC4)n3)ccc2C(=O)NS(=N)(=O)c2ccccc2)C(C)(C)C1,C[C@@H]1CN(c2nc(-n3ccc(OCC4(C(F)(F)F)CC4)n3)ccc2C(=O)NS(=N)(=O)c2ccccc2)C(C)(C)C1,6.259637310505756,0.0,2.0,EC50,"BindingDB,ChEMBL",0.0
C[C@@H]1CN(c2nc(-n3ccc(OCC4(C(F)(F)F)CC4)n3)ccc2C(=O)NS(=O)(=O)c2ccc(C#N)cc2)C(C)(C)C1,C[C@@H]1CN(c2nc(-n3ccc(OCC4(C(F)(F)F)CC4)n3)ccc2C(=O)NS(=O)(=O)c2ccc(C#N)cc2)C(C)(C)C1,6.414136773173384,0.0,4.0,EC50,"BindingDB,ChEMBL",0.21849523548391636
C[C@@H]1CN(c2nc(-n3ccc(OCC4(C(F)(F)F)CC4)n3)ccc2C(=O)NS(=O)(=O)c2ccc(O)cc2)C(C)(C)C1,C[C@@H]1CN(c2nc(-n3ccc(OCC4(C(F)(F)F)CC4)n3)ccc2C(=O)NS(=O)(=O)c2ccc(O)cc2)C(C)(C)C1,6.590228032229065,0.0,4.0,EC50,"BindingDB,ChEMBL",0.4675258822558141
C[C@@H]1CN(c2nc(-n3ccc(OCC4(C(F)(F)F)CC4)n3)ccc2C(=O)NS(=O)(=O)c2cccc(F)c2)C(C)(C)C1,C[C@@H]1CN(c2nc(-n3ccc(OCC4(C(F)(F)F)CC4)n3)ccc2C(=O)NS(=O)(=O)c2cccc(F)c2)C(C)(C)C1,7.301029995663981,0.0,2.0,EC50,"BindingDB,ChEMBL",0.0
C[C@@H]1CN(c2nc(-n3ccc(OCC4(C(F)(F)F)CC4)n3)ccc2C(=O)NS(=O)(=O)c2ccccc2)C(C)(C)C1,C[C@@H]1CN(c2nc(-n3ccc(OCC4(C(F)(F)F)CC4)n3)ccc2C(=O)NS(=O)(=O)c2ccccc2)C(C)(C)C1,7.3979400086720375,0.0,3.0,EC50,"BindingDB,ChEMBL",0.0
C[C@@H]1CN(c2nc(-n3ccc(OCC4(C(F)(F)F)CC4)n3)ccc2C(=O)NS(=O)(=O)c2ccccc2F)C(C)(C)C1,C[C@@H]1CN(c2nc(-n3ccc(OCC4(C(F)(F)F)CC4)n3)ccc2C(=O)NS(=O)(=O)c2ccccc2F)C(C)(C)C1,7.522878745280337,0.0,2.0,EC50,"BindingDB,ChEMBL",0.0
C[C@@H]1CN(c2nc(-n3ccc(OCC4(C(F)(F)F)CC4)n3)ccc2C(=O)NS(=O)(=O)c2ccccc2O)C(C)(C)C1,C[C@@H]1CN(c2nc(-n3ccc(OCC4(C(F)(F)F)CC4)n3)ccc2C(=O)NS(=O)(=O)c2ccccc2O)C(C)(C)C1,6.259637310505756,0.0,2.0,EC50,"BindingDB,ChEMBL",0.0
C[C@@H]1CN(c2nc(-n3ccc(OCC4(C(F)(F)F)CCC4)n3)ccc2C(=O)NS(=O)(=O)c2ccccc2)C(C)(C)C1,C[C@@H]1CN(c2nc(-n3ccc(OCC4(C(F)(F)F)CCC4)n3)ccc2C(=O)NS(=O)(=O)c2ccccc2)C(C)(C)C1,7.3979400086720375,0.0,3.0,EC50,"BindingDB,ChEMBL",0.0
C[C@@H]1CN(c2nc(-n3ccc(OCC4(C(F)F)CC4)n3)ccc2C(=O)NS(=O)(=O)c2ccccc2)C(C)(C)C1,C[C@@H]1CN(c2nc(-n3ccc(OCC4(C(F)F)CC4)n3)ccc2C(=O)NS(=O)(=O)c2ccccc2)C(C)(C)C1,7.301029995663981,0.0,2.0,EC50,"BindingDB,ChEMBL",0.0
C[C@@H]1CN(c2nc(-n3ccc(OCC4C(C)(C)C4(C)C)n3)ccc2C(=O)NS(=O)(=O)c2ccc(O)cc2)C(C)(C)C1,C[C@@H]1CN(c2nc(-n3ccc(OCC4C(C)(C)C4(C)C)n3)ccc2C(=O)NS(=O)(=O)c2ccc(O)cc2)C(C)(C)C1,7.096910013008056,0.0,2.0,EC50,"BindingDB,ChEMBL",0.0
C[C@@H]1CN(c2nc(-n3ccc(OCC4C(C)(C)C4(C)C)n3)ccc2C(=O)NS(=O)(=O)c2cccc(F)c2)C(C)(C)C1,C[C@@H]1CN(c2nc(-n3ccc(OCC4C(C)(C)C4(C)C)n3)ccc2C(=O)NS(=O)(=O)c2cccc(F)c2)C(C)(C)C1,7.698970004336019,0.0,2.0,EC50,"BindingDB,ChEMBL",0.0
C[C@@H]1CN(c2nc(-n3ccc(OCC4C(C)(C)C4(C)C)n3)ccc2C(=O)NS(=O)(=O)c2ccccc2)C(C)(C)C1,C[C@@H]1CN(c2nc(-n3ccc(OCC4C(C)(C)C4(C)C)n3)ccc2C(=O)NS(=O)(=O)c2ccccc2)C(C)(C)C1,7.045757490560675,0.0,2.0,EC50,"BindingDB,ChEMBL",0.0
C[C@@H]1CN(c2nc(-n3ccc(OCC4C5(CC5)C45CC5)n3)ccc2C(=O)NS(=O)(=O)c2ccccc2)C(C)(C)C1,C[C@@H]1CN(c2nc(-n3ccc(OCC4C5(CC5)C45CC5)n3)ccc2C(=O)NS(=O)(=O)c2ccccc2)C(C)(C)C1,6.780333653084869,0.0,4.0,EC50,"BindingDB,ChEMBL",0.7363758295534484
C[C@@H]1CN(c2nc(-n3ccc(OCC4CC4)n3)ccc2C(=O)NS(=O)(=O)c2cccnc2N)C(C)(C)C1,C[C@@H]1CN(c2nc(-n3ccc(OCC4CC4)n3)ccc2C(=O)NS(=O)(=O)c2cccnc2N)C(C)(C)C1,6.3979400086720375,0.0,2.0,EC50,"BindingDB,ChEMBL",0.0
C[C@@H]1CN(c2nc(-n3ccc(OCC4CC45CC5)n3)ccc2C(=O)NS(=O)(=O)c2ccccc2)C(C)(C)C1,C[C@@H]1CN(c2nc(-n3ccc(OCC4CC45CC5)n3)ccc2C(=O)NS(=O)(=O)c2ccccc2)C(C)(C)C1,6.259637310505756,0.0,2.0,EC50,"BindingDB,ChEMBL",0.0
C[C@@H]1CN(c2nc(-n3ccc(OCC4CCC4)n3)ccc2C(=O)NS(=O)(=O)c2cccnc2N)C(C)(C)C1,C[C@@H]1CN(c2nc(-n3ccc(OCC4CCC4)n3)ccc2C(=O)NS(=O)(=O)c2cccnc2N)C(C)(C)C1,6.6777807052660805,0.0,2.0,EC50,"BindingDB,ChEMBL",0.0
C[C@@H]1CN(c2nc(-n3ccc(OCC4C[C@@H]5CC[C@@H]4C5)n3)ccc2C(=O)NS(=O)(=O)c2ccccc2)C(C)(C)C1,C[C@@H]1CN(c2nc(-n3ccc(OCC4C[C@@H]5CC[C@@H]4C5)n3)ccc2C(=O)NS(=O)(=O)c2ccccc2)C(C)(C)C1,7.096910013008056,0.0,2.0,EC50,"BindingDB,ChEMBL",0.0
C[C@@H]1CN(c2nc(-n3ccc(OCCC(C4CC4)C4CC4)n3)ccc2C(=O)NS(=O)(=O)c2ccccc2)C(C)(C)C1,C[C@@H]1CN(c2nc(-n3ccc(OCCC(C4CC4)C4CC4)n3)ccc2C(=O)NS(=O)(=O)c2ccccc2)C(C)(C)C1,7.301029995663981,0.0,2.0,EC50,"BindingDB,ChEMBL",0.0
C[C@@H]1CN(c2nc(-n3ccc(OCCC4(C(F)(F)F)CC4)n3)ccc2C(=O)NS(=O)(=O)c2ccc(O)cc2)C(C)(C)C1,C[C@@H]1CN(c2nc(-n3ccc(OCCC4(C(F)(F)F)CC4)n3)ccc2C(=O)NS(=O)(=O)c2ccc(O)cc2)C(C)(C)C1,7.522878745280337,0.0,2.0,EC50,"BindingDB,ChEMBL",0.0
C[C@@H]1CN(c2nc(-n3ccc(OCCC4(C(F)(F)F)CC4)n3)ccc2C(=O)NS(=O)(=O)c2cccc(F)c2)C(C)(C)C1,C[C@@H]1CN(c2nc(-n3ccc(OCCC4(C(F)(F)F)CC4)n3)ccc2C(=O)NS(=O)(=O)c2cccc(F)c2)C(C)(C)C1,7.301029995663981,0.0,3.0,EC50,"BindingDB,ChEMBL",0.0
C[C@@H]1CN(c2nc(-n3ccc(OCCC4(C(F)(F)F)CC4)n3)ccc2C(=O)NS(=O)(=O)c2ccccc2)C(C)(C)C1,C[C@@H]1CN(c2nc(-n3ccc(OCCC4(C(F)(F)F)CC4)n3)ccc2C(=O)NS(=O)(=O)c2ccccc2)C(C)(C)C1,7.522878745280337,0.0,3.0,EC50,"BindingDB,ChEMBL",0.0
C[C@@H]1CN(c2nc(-n3ccc(OCCC4(C(F)(F)F)CC4)n3)ccc2C(=O)NS(=O)(=O)c2ccccc2Cl)C(C)(C)C1,C[C@@H]1CN(c2nc(-n3ccc(OCCC4(C(F)(F)F)CC4)n3)ccc2C(=O)NS(=O)(=O)c2ccccc2Cl)C(C)(C)C1,7.301029995663981,0.0,2.0,EC50,"BindingDB,ChEMBL",0.0
C[C@@H]1CN(c2nc(-n3ccc(O[C@H]4C[C@@H]4C(F)(F)F)n3)ccc2C(=O)NS(=O)(=O)c2ccccc2)C(C)(C)C1,C[C@@H]1CN(c2nc(-n3ccc(O[C@H]4C[C@@H]4C(F)(F)F)n3)ccc2C(=O)NS(=O)(=O)c2ccccc2)C(C)(C)C1,6.259637310505756,0.0,2.0,EC50,"BindingDB,ChEMBL",0.0
C[C@@H]1CN(c2nc(-n3ccc(O[C@H]4C[C@H]4C(F)(F)F)n3)ccc2C(=O)NS(=O)(=O)c2ccccc2)C(C)(C)C1,C[C@@H]1CN(c2nc(-n3ccc(O[C@H]4C[C@H]4C(F)(F)F)n3)ccc2C(=O)NS(=O)(=O)c2ccccc2)C(C)(C)C1,6.259637310505756,0.0,2.0,EC50,"BindingDB,ChEMBL",0.0
C[C@@H]1CN(c2nc(-n3ccc(O[C@H]4C[C@H]5CC[C@@H]4C5)n3)ccc2C(=O)NS(=O)(=O)c2ccccc2)C(C)(C)C1,C[C@@H]1CN(c2nc(-n3ccc(O[C@H]4C[C@H]5CC[C@@H]4C5)n3)ccc2C(=O)NS(=O)(=O)c2ccccc2)C(C)(C)C1,7.154901959985743,0.0,2.0,EC50,"BindingDB,ChEMBL",0.0
C[C@@H]1CN(c2nc(-n3nc(OCCC4(C(F)(F)F)CC4)cc3F)ccc2C(=O)NS(=O)(=O)c2ccccc2)C(C)(C)C1,C[C@@H]1CN(c2nc(-n3nc(OCCC4(C(F)(F)F)CC4)cc3F)ccc2C(=O)NS(=O)(=O)c2ccccc2)C(C)(C)C1,7.3979400086720375,0.0,2.0,EC50,"BindingDB,ChEMBL",0.0
C[C@@](O)(CNC(=O)c1nc(-c2ccc(F)cc2)c(C(F)(F)F)cc1N)C(F)(F)F,C[C@@](O)(CNC(=O)c1nc(-c2ccc(F)cc2)c(C(F)(F)F)cc1N)C(F)(F)F,7.221848749616356,0.0,3.0,EC50,"BindingDB,ChEMBL",0.0
C[C@@](O)(CNC(=O)c1nc(Br)c(C(F)(F)F)cc1N)C(F)(F)F,C[C@@](O)(CNC(=O)c1nc(Br)c(C(F)(F)F)cc1N)C(F)(F)F,7.748651242028323,0.10643017563727906,5.0,EC50,"BindingDB,ChEMBL",0.21286035127455813
C[C@@](O)(CNC(=O)c1nc(C(F)(F)F)c(C(F)(F)F)cc1N)C(F)(F)F,C[C@@](O)(CNC(=O)c1nc(C(F)(F)F)c(C(F)(F)F)cc1N)C(F)(F)F,8.0,0.0,2.0,EC50,"BindingDB,ChEMBL",0.0
C[C@H](O)CNC(=O)c1ncc(S(=O)(=O)c2ccc(OC(F)(F)F)cc2)cc1N,C[C@H](O)CNC(=O)c1ncc(S(=O)(=O)c2ccc(OC(F)(F)F)cc2)cc1N,7.851667404869234,0.0,6.0,EC50,"BindingDB,ChEMBL",0.40969371267684257
C[C@H](c1cn(-c2cc(F)ccc2F)nn1)c1cc(-c2cnc(C(F)(F)F)nc2)c2c(N)ncnn12,C[C@H](c1cn(-c2cc(F)ccc2F)nn1)c1cc(-c2cnc(C(F)(F)F)nc2)c2c(N)ncnn12,7.644180730883825,0.0,4.0,EC50,"BindingDB,ChEMBL",0.08365650058592423
C[C@H](c1cnn(-c2ccc(F)cc2F)c1)c1c(C#N)c(-c2cnc(C(F)(F)F)nc2)c2c(N)ncnn12,C[C@H](c1cnn(-c2ccc(F)cc2F)c1)c1c(C#N)c(-c2cnc(C(F)(F)F)nc2)c2c(N)ncnn12,7.78577061324221,0.0,4.0,EC50,"BindingDB,ChEMBL",0.37178524510927746
C[C@H](c1cnn(-c2ccccc2F)c1)c1c(C#N)c(-c2cnc(C(F)F)nc2)c2c(N)ncnn12,C[C@H](c1cnn(-c2ccccc2F)c1)c1c(C#N)c(-c2cnc(C(F)F)nc2)c2c(N)ncnn12,9.397940008672037,0.0,2.0,EC50,"BindingDB,ChEMBL",0.0
C[C@H]1CN(c2nc(-n3ccc(OCCC4(C(F)(F)F)CC4)n3)ccc2C(=O)NS(=O)(=O)c2ccccc2)C(C)(C)C1,C[C@H]1CN(c2nc(-n3ccc(OCCC4(C(F)(F)F)CC4)n3)ccc2C(=O)NS(=O)(=O)c2ccccc2)C(C)(C)C1,6.259637310505756,0.0,2.0,EC50,"BindingDB,ChEMBL",0.0
C[C@H]1NC(=O)N[C@H]1CCCCCC(=O)NCCOCCOCCOCCn1cc(-c2ccc(O[C@H]3CCCc4c(C(F)(F)F)nn(-c5cccc(C(=O)N(C)c6ccc(C7(C(F)(F)F)N=N7)cc6)c5)c43)cc2)nn1,C[C@H]1NC(=O)N[C@H]1CCCCCC(=O)NCCOCCOCCOCCn1cc(-c2ccc(O[C@H]3CCCc4c(C(F)(F)F)nn(-c5cccc(C(=O)N(C)c6ccc(C7(C(F)(F)F)N=N7)cc6)c5)c43)cc2)nn1,6.318758762624412,0.0,1.0,EC50,ChEMBL,0.0
C[C@H]1NC(=O)N[C@H]1CCCCCC(=O)NCCOCCOCCOCCn1cc(CCC2(CCNC(=O)c3ccc(O[C@H]4CCCc5c(C(F)(F)F)nn(-c6cccc(C(=O)N(C)c7ccc8c(c7)OC(F)(F)O8)c6)c54)cc3)N=N2)nn1,C[C@H]1NC(=O)N[C@H]1CCCCCC(=O)NCCOCCOCCOCCn1cc(CCC2(CCNC(=O)c3ccc(O[C@H]4CCCc5c(C(F)(F)F)nn(-c6cccc(C(=O)N(C)c7ccc8c(c7)OC(F)(F)O8)c6)c54)cc3)N=N2)nn1,6.913640169325252,0.0,1.0,EC50,ChEMBL,0.0
C[C@](O)(CNC(=O)c1nc(-c2ccc(F)cc2)c(C(F)(F)F)cc1N)C(F)(F)F,C[C@](O)(CNC(=O)c1nc(-c2ccc(F)cc2)c(C(F)(F)F)cc1N)C(F)(F)F,7.3979400086720375,0.0,3.0,EC50,"BindingDB,ChEMBL",0.0
C[C@](O)(CNC(=O)c1nc(Br)c(C(F)(F)F)cc1N)C(F)(F)F,C[C@](O)(CNC(=O)c1nc(Br)c(C(F)(F)F)cc1N)C(F)(F)F,7.484295767874189,0.16654376197066373,16.0,EC50,"BindingDB,ChEMBL",0.4243364347803027
C[C@](O)(CNC(=O)c1nc(C(F)(F)F)c(C(F)(F)F)cc1N)C(F)(F)F,C[C@](O)(CNC(=O)c1nc(C(F)(F)F)c(C(F)(F)F)cc1N)C(F)(F)F,8.05854562117252,0.018085147748670257,7.0,EC50,"BindingDB,ChEMBL",0.04848002873411163
C[C@]1(C(=O)O)N=C2c3ccccc3C=CN2[C@](C)(O)[C@@H]1O,C[C@]1(C(=O)O)N=C2c3ccccc3C=CN2[C@](C)(O)[C@@H]1O,7.823908740944319,0.0,1.0,IC50,ChEMBL,0.0
C[C@]1(C(=O)O)N=C2c3ccccc3C=CN2[C@](C)(O)[C@H]1O,C[C@]1(C(=O)O)N=C2c3ccccc3C=CN2[C@](C)(O)[C@H]1O,7.823908740944319,0.0,1.0,IC50,ChEMBL,0.0
C[n+]1c2cc(N)ccc2cc2ccc(N)cc21,C[n+]1c2cc(N)ccc2cc2ccc(N)cc12,5.243363891754152,0.0,1.0,IC50,BindingDB,0.0
Cc1[nH]nc(C(=O)Nc2sc3c(c2C(N)=O)CC(C)(C)OC3(C)C)c1Cl,Cc1[nH]nc(C(=O)Nc2sc3c(c2C(N)=O)CC(C)(C)OC3(C)C)c1Cl,7.33,0.0,2.0,EC50,Papyrus,0.63
Cc1[nH]nc2nc(SCC(=O)NCCC3=CCCCC3)n(-c3ccc(Br)cc3)c(=N)c12,Cc1[nH]nc2nc(SCC(=O)NCCC3=CCCCC3)n(-c3ccc(Br)cc3)c(=N)c12,5.082,0.0,1.0,other,Papyrus,0.0
Cc1[nH]nc2ncc(C(=O)c3ccccc3O)cc12,Cc1[nH]nc2ncc(C(=O)c3ccccc3O)cc12,5.775,0.0,1.0,other,Papyrus,0.0
Cc1c(-c2ccccc2)oc2c(C(=O)N3CCN(c4ccc([N+](=O)[O-])cc4)CC3)cccc2c1=O,Cc1c(-c2ccccc2)oc2c(C(=O)N3CCN(c4ccc([N+](=O)[O-])cc4)CC3)cccc2c1=O,6.069,0.0,1.0,other,Papyrus,0.0
Cc1c(C(=O)c2cccc3ccccc23)c2cccc3c2n1C(CN1CCOCC1)CO3,Cc1c(C(=O)c2cccc3ccccc23)c2cccc3c2n1C(CN1CCOCC1)CO3,5.102,0.0,1.0,other,Papyrus,0.0
Cc1c(C=O)c(C=O)c(C)n1Cc1ccccc1,Cc1c(C=O)c(C=O)c(C)n1Cc1ccccc1,5.785,0.0,1.0,other,Papyrus,0.0
Cc1c(Cl)cccc1NC(=O)COC(=O)c1c2c(nc3ccccc13)CCN(Cc1ccccc1)C2,Cc1c(Cl)cccc1NC(=O)COC(=O)c1c2c(nc3ccccc13)CCN(Cc1ccccc1)C2,5.164,0.0,1.0,other,Papyrus,0.0
Cc1c(N2C(=O)/C(=C/c3ccc(C(=O)O)cc3)SC2=S)cccc1C(F)(F)F,Cc1c(N2C(=O)/C(=C/c3ccc(C(=O)O)cc3)SC2=S)cccc1C(F)(F)F,5.086186147616283,0.0,2.0,IC50,"BindingDB,ChEMBL",0.0
Cc1c(N2C(=O)C(=Cc3ccc(C(=O)O)cc3)SC2=S)cccc1C(F)(F)F,Cc1c(N2C(=O)C(=Cc3ccc(C(=O)O)cc3)SC2=S)cccc1C(F)(F)F,5.09,0.0,1.0,IC50,Papyrus,0.0
Cc1c(O)ccc2c(-c3ccccc3)cc(=O)oc12,Cc1c(O)ccc2c(-c3ccccc3)cc(=O)oc12,5.4,0.0,1.0,other,Papyrus,0.0
Cc1c(S(=O)(=O)NC(=O)c2ccc(-n3ccc(OCC(C)(C)C(F)(F)F)n3)nc2N2C[C@@H](C)CC2(C)C)cnn1C,Cc1c(S(=O)(=O)NC(=O)c2ccc(-n3ccc(OCC(C)(C)C(F)(F)F)n3)nc2N2C[C@@H](C)CC2(C)C)cnn1C,6.769551078621726,0.0,1.0,EC50,ChEMBL,0.0
Cc1c([N+](=O)[O-])c2ccc(O)cc2n1-c1ccccc1,Cc1c([N+](=O)[O-])c2ccc(O)cc2n1-c1ccccc1,6.07,0.0,1.0,other,Papyrus,0.0
Cc1c2cnn1CCC[C@@H]1CN(c3nc(-n4ccc(OCCC5(C(F)(F)F)CC5)n4)ccc3C(=O)NS2(=O)=O)C(C)(C)C1,Cc1c2cnn1CCC[C@@H]1CN(c3nc(ccc3C(=O)NS2(=O)=O)-n2ccc(OCCC3(CC3)C(F)(F)F)n2)C(C)(C)C1 |r|,5.698970004336019,0.0,1.0,EC50,BindingDB,0.0
Cc1c2cnn1CCC[C@H]1CN(c3nc(-n4ccc(OCC(C)(C)C(F)(F)F)n4)ccc3C(=O)NS2(=O)=O)C(C)(C)C1,Cc1c2cnn1CCC[C@H]1CN(c3nc(ccc3C(=O)NS2(=O)=O)-n2ccc(OCC(C)(C)C(F)(F)F)n2)C(C)(C)C1 |r|,5.698970004336019,0.0,1.0,EC50,BindingDB,0.0
Cc1c[nH]nc1C(=O)Nc1sc2c(c1C(N)=O)CC(C)(C)OC2(C)C,Cc1c[nH]nc1C(=O)Nc1sc2c(c1C(N)=O)CC(C)(C)OC2(C)C,7.805,0.0,2.0,EC50,Papyrus,0.895
Cc1cc(=O)[nH]c(-n2nc(-c3cccs3)cc2NC(=O)C2(c3ccc(Cl)cc3)CCCC2)n1,Cc1cc(=O)[nH]c(-n2nc(-c3cccs3)cc2NC(=O)C2(c3ccc(Cl)cc3)CCCC2)n1,5.165579296318468,0.0,2.0,EC50,"BindingDB,ChEMBL",0.0
Cc1cc(C#N)ccc1S(=O)(=O)NC(=O)c1ccc(-n2ccc(OCC3(C(F)(F)F)CC3)n2)nc1N1C[C@@H](C)CC1(C)C,Cc1cc(C#N)ccc1S(=O)(=O)NC(=O)c1ccc(-n2ccc(OCC3(C(F)(F)F)CC3)n2)nc1N1C[C@@H](C)CC1(C)C,6.259637310505756,0.0,2.0,EC50,"BindingDB,ChEMBL",0.0
Cc1cc(C(=O)Nc2sc3c(c2C(N)=O)CC(C)(C)OC3(C)C)[nH]n1,Cc1cc(C(=O)Nc2sc3c(c2C(N)=O)CC(C)(C)OC3(C)C)[nH]n1,7.473028323846581,0.5841102572280624,5.0,EC50,"ChEMBL,Papyrus",0.9566166604898618
Cc1cc(C)c(C#N)c(SCC(=O)c2ccc(Cl)cc2Cl)n1,Cc1cc(C)c(C#N)c(SCC(=O)c2ccc(Cl)cc2Cl)n1,5.22,0.0,1.0,other,Papyrus,0.0
Cc1cc(C)c(O)c(CN(C)Cc2cc(Cl)cc(Cl)c2O)c1,Cc1cc(C)c(O)c(CN(C)Cc2cc(Cl)cc(Cl)c2O)c1,5.358,0.0,1.0,other,Papyrus,0.0
Cc1cc(C)c2cc(C#N)c(NCCCNC(=O)c3cccnc3)nc2c1,Cc1cc(C)c2cc(C#N)c(NCCCNC(=O)c3cccnc3)nc2c1,5.521435901161594,0.000830057708496742,6.0,EC50,"BindingDB,ChEMBL,Papyrus",0.0020404897211185897
Cc1cc(C)c2cc(C#N)c(NCCCNC(=O)c3ccncc3)nc2c1,Cc1cc(C)c2cc(C#N)c(NCCCNC(=O)c3ccncc3)nc2c1,5.086186147616283,0.0,2.0,EC50,"BindingDB,ChEMBL",0.0
Cc1cc(C)c2cc(C#N)c(NCCNC(=O)c3cccnc3)nc2c1,Cc1cc(C)c2cc(C#N)c(NCCNC(=O)c3cccnc3)nc2c1,5.569318505491347,0.00040485035897766807,6.0,EC50,"BindingDB,ChEMBL,Papyrus",0.0009648749926974521
Cc1cc(C)c2cc(C#N)c(NCCNC(=O)c3ccncc3)nc2c1,Cc1cc(C)c2cc(C#N)c(NCCNC(=O)c3ccncc3)nc2c1,5.138349349118762,0.0009561340902905616,6.0,EC50,"BindingDB,ChEMBL,Papyrus",0.002364860985227476
Cc1cc(C)c2cc(C#N)c(NCCNC(=O)c3cnccn3)nc2c1,Cc1cc(C)c2cc(C#N)c(NCCNC(=O)c3cnccn3)nc2c1,5.171957130681529,0.001131529403999144,6.0,EC50,"BindingDB,ChEMBL,Papyrus",0.0027832665023287684
Cc1cc(C)c2nc(C(F)(F)F)c(C#N)c(N)c2c1,Cc1cc(C)c2nc(C(F)(F)F)c(C#N)c(N)c2c1,6.082000000000001,0.0,1.0,other,Papyrus,0.0
Cc1cc(C)cc(/N=C2/NC(=O)/C(=C/c3ccc(O)cc3)S2)c1,Cc1cc(C)cc(/N=C2/NC(=O)/C(=C/c3ccc(O)cc3)S2)c1,6.478861916295964,0.0,2.0,EC50,"BindingDB,ChEMBL",0.0
Cc1cc(C)nc(Sc2ncnc(N)c2[N+](=O)[O-])n1,Cc1cc(C)nc(Sc2ncnc(N)c2[N+](=O)[O-])n1,5.292999999999999,0.0,1.0,other,Papyrus,0.0
Cc1cc(C2Nc3ccccc3-n3c(-c4ccccc4)c4c(=O)n(C)c(=O)n(C)c4c32)oc1C,Cc1cc(C2Nc3ccccc3-n3c(-c4ccccc4)c4c(=O)n(C)c(=O)n(C)c4c32)oc1C,5.769551078621726,0.00025918487859128764,3.0,IC50,"BindingDB,ChEMBL,Papyrus",0.00025918487859128764
Cc1cc(F)c2[nH]c3c(c2c1)CN(C(=O)c1cc(C(F)(F)F)[nH]n1)CC3,Cc1cc(F)c2[nH]c3c(c2c1)CN(C(=O)c1cc(C(F)(F)F)[nH]n1)CC3,6.638272163982407,0.000997566589872573,3.0,EC50,"BindingDB,ChEMBL,Papyrus",0.000997566589872573
Cc1cc(N2CCOCC2)c2c(N)c(Br)cc(C)c2n1,Cc1cc(N2CCOCC2)c2c(N)c(Br)cc(C)c2n1,6.1370000000000005,0.0,1.0,other,Papyrus,0.0
Cc1cc2c(cc1C)-n1c(-c3ccccc3)c3c(=O)n(C)c(=O)n(C)c3c1C(c1ccc(O)cc1)N2,Cc1cc2c(cc1C)-n1c(-c3ccccc3)c3c(=O)n(C)c(=O)n(C)c3c1C(c1ccc(O)cc1)N2,5.823908740944319,0.0022567126363947855,3.0,IC50,"BindingDB,ChEMBL,Papyrus",0.0022567126363947855
Cc1cc2cc(CCNC(=O)C(=O)c3c[nH]c4ccccc34)c(=O)[nH]c2cc1C,Cc1cc2cc(CCNC(=O)C(=O)c3c[nH]c4ccccc34)c(=O)[nH]c2cc1C,5.242999999999999,0.0,1.0,other,Papyrus,0.0
Cc1cc2nn1CCC[C@H]1CN(c3nc(-n4ccc(OCCC5(C(F)(F)F)CC5)n4)ccc3C(=O)NS2(=O)=O)C(C)(C)C1,Cc1cc2nn1CCC[C@H]1CN(c3nc(ccc3C(=O)NS2(=O)=O)-n2ccc(OCCC3(CC3)C(F)(F)F)n2)C(C)(C)C1 |r|,5.698970004336019,0.0,1.0,EC50,BindingDB,0.0
Cc1ccc(-c2c(C#N)c(N)n3c(nc4ccccc43)c2C#N)cc1,Cc1ccc(-c2c(C#N)c(N)n3c(nc4ccccc43)c2C#N)cc1,5.539,0.0,1.0,other,Papyrus,0.0
Cc1ccc(-c2cc(C(=O)N(C)Cc3cnn(C)c3C)c3cc(Br)ccc3n2)cc1,Cc1ccc(-c2cc(C(=O)N(C)Cc3cnn(C)c3C)c3cc(Br)ccc3n2)cc1,5.254,0.0,1.0,other,Papyrus,0.0
Cc1ccc(-c2cccc(C(F)(F)F)c2)c(OC2(C(=O)NS(=O)(=O)c3cccc(N4CCC(N)(C(F)(F)F)CC4)n3)CC2)c1,Cc1ccc(-c2cccc(C(F)(F)F)c2)c(OC2(C(=O)NS(=O)(=O)c3cccc(N4CCC(N)(C(F)(F)F)CC4)n3)CC2)c1,7.096910013008056,0.0,1.0,EC50,ChEMBL,0.0
Cc1ccc(-c2n[nH]c(=S)n2N=Cc2ccncc2)cc1,Cc1ccc(-c2n[nH]c(=S)n2N=Cc2ccncc2)cc1,5.58,0.0,1.0,other,Papyrus,0.0
Cc1ccc(-c2nc(C(=O)NCC(C)(O)C(F)(F)F)c(N)cc2C(F)(F)F)cn1,Cc1ccc(-c2nc(C(=O)NCC(C)(O)C(F)(F)F)c(N)cc2C(F)(F)F)cn1,7.292429823902063,0.0,3.0,EC50,"BindingDB,ChEMBL",0.0
Cc1ccc(-c2nc(C(=O)NCC(O)(C(F)(F)F)C(F)(F)F)c(N)cc2C(F)(F)F)cn1,Cc1ccc(-c2nc(C(=O)NCC(O)(C(F)(F)F)C(F)(F)F)c(N)cc2C(F)(F)F)cn1,6.939302159646388,0.0,3.0,EC50,"BindingDB,ChEMBL",0.0
Cc1ccc(-c2onc3ccc(C(=O)C=CN(C)C)cc23)cc1,Cc1ccc(-c2onc3ccc(C(=O)C=CN(C)C)cc23)cc1,5.027,0.0,1.0,other,Papyrus,0.0
Cc1ccc(-n2cc(-c3ccccc3)c3c(N4CCOCC4)ncnc32)cc1,Cc1ccc(-n2cc(-c3ccccc3)c3c(N4CCOCC4)ncnc32)cc1,5.457000000000001,0.0,1.0,other,Papyrus,0.0
Cc1ccc(-n2cc(C3(c4ccc5c(c4)OC(F)(F)O5)CC3)nn2)cc1-c1cccc(C(=O)O)c1,Cc1ccc(-n2cc(C3(c4ccc5c(c4)OC(F)(F)O5)CC3)nn2)cc1-c1cccc(C(=O)O)c1,6.180456064458132,0.0,1.0,IC50,ChEMBL,0.0
Cc1ccc(-n2nnnc2Sc2ccc(S(=O)(=O)NCCN(C)C)cc2[N+](=O)[O-])cc1,Cc1ccc(-n2nnnc2Sc2ccc(S(=O)(=O)NCCN(C)C)cc2[N+](=O)[O-])cc1,5.577000000000001,0.0,1.0,other,Papyrus,0.0
Cc1ccc(C(=O)Nc2cccc(C(F)(F)F)c2)cc1NC(=O)c1ccno1,Cc1ccc(C(=O)Nc2cccc(C(F)(F)F)c2)cc1NC(=O)c1ccno1,6.202999999999999,0.0,1.0,other,Papyrus,0.0
Cc1ccc(C(=O)Nc2cccc(C(F)(F)F)c2)cc1NC(=O)c1cnnc2ccccc12,Cc1ccc(C(=O)Nc2cccc(C(F)(F)F)c2)cc1NC(=O)c1cnnc2ccccc12,5.192,0.0,1.0,other,Papyrus,0.0
Cc1ccc(C(=O)Nc2cccc(C(F)(F)F)c2)cc1NC(=O)c1nccnc1N,Cc1ccc(C(=O)Nc2cccc(C(F)(F)F)c2)cc1NC(=O)c1nccnc1N,5.089,0.0,1.0,other,Papyrus,0.0
Cc1ccc(C(=O)Nc2sc3c(c2C(N)=O)CCCC3)s1,Cc1ccc(C(=O)Nc2sc3c(c2C(N)=O)CCCC3)s1,6.18787620213404,0.0030035037457800734,2.0,EC50,"ChEMBL,Papyrus",0.0030035037457800734
Cc1ccc(C(=O)Nc2sc3c(c2C(N)=O)CCOC3)s1,Cc1ccc(C(=O)Nc2sc3c(c2C(N)=O)CCOC3)s1,6.109510201505156,0.0006926796742389199,2.0,EC50,"ChEMBL,Papyrus",0.0006926796742389199
Cc1ccc(C(=O)c2cc([N+](=O)[O-])ccc2N2CCCCC2)c(C)c1,Cc1ccc(C(=O)c2cc([N+](=O)[O-])ccc2N2CCCCC2)c(C)c1,5.164,0.0,1.0,other,Papyrus,0.0
Cc1ccc(C(=O)c2cnc(NC(=O)C3(c4ccc5c(c4)OCO5)CC3)s2)cc1,Cc1ccc(C(=O)c2cnc(NC(=O)C3(c4ccc5c(c4)OCO5)CC3)s2)cc1,5.590066876668706,3.861126267996302e-05,3.0,EC50,"BindingDB,ChEMBL,Papyrus",3.861126267996302e-05
Cc1ccc(C(C(=O)NCc2ccccc2)N(Cc2cccs2)C(=O)c2ccc3c(c2)OCCO3)cc1,Cc1ccc(C(C(=O)NCc2ccccc2)N(Cc2cccs2)C(=O)c2ccc3c(c2)OCCO3)cc1,5.517,0.0,1.0,other,Papyrus,0.0
Cc1ccc(C)c(S(=O)(=O)N(C(=O)c2ccncc2)c2ccc(OC(=O)c3ccncc3)cc2)c1,Cc1ccc(C)c(S(=O)(=O)N(C(=O)c2ccncc2)c2ccc(OC(=O)c3ccncc3)cc2)c1,5.625,0.0,1.0,other,Papyrus,0.0
Cc1ccc(C2CCCCC2)c(OC2(C(=O)NS(=O)(=O)c3cccc(N4CCC(N)(C(F)(F)F)CC4)n3)CC2)c1,Cc1ccc(C2CCCCC2)c(OC2(C(=O)NS(=O)(=O)c3cccc(N4CCC(N)(C(F)(F)F)CC4)n3)CC2)c1,8.397940008672037,0.0,1.0,EC50,ChEMBL,0.0
Cc1ccc(C2CCCCC2)c(OC2(C(=O)NS(=O)(=O)c3cccc(N4CCOC[C@@H]4C)n3)CC2)c1,Cc1ccc(C2CCCCC2)c(OC2(C(=O)NS(=O)(=O)c3cccc(N4CCOC[C@@H]4C)n3)CC2)c1,7.096910013008056,0.0,1.0,EC50,ChEMBL,0.0
Cc1ccc(C2CCCCCC2)c(OC2(C(=O)NS(=O)(=O)c3cccc(N)n3)CC2)c1,Cc1ccc(C2CCCCCC2)c(OC2(C(=O)NS(=O)(=O)c3cccc(N)n3)CC2)c1,8.698970004336019,0.0,1.0,EC50,ChEMBL,0.0
Cc1ccc(C2Nc3cc(C)c(C)cc3-n3c(-c4ccccc4)c4c(=O)n(C)c(=O)n(C)c4c32)o1,Cc1ccc(C2Nc3cc(C)c(C)cc3-n3c(-c4ccccc4)c4c(=O)n(C)c(=O)n(C)c4c32)o1,6.096910013008056,0.0017840048215910312,3.0,IC50,"BindingDB,ChEMBL,Papyrus",0.0017840048215910312
Cc1ccc(C2Nc3cc(C)c(C)cc3-n3c(-c4ccccc4F)c4c(=O)n(C)c(=O)n(C)c4c32)o1,Cc1ccc(C2Nc3cc(C)c(C)cc3-n3c(-c4ccccc4F)c4c(=O)n(C)c(=O)n(C)c4c32)o1,5.823908740944319,0.0022567126363947855,3.0,IC50,"BindingDB,ChEMBL,Papyrus",0.0022567126363947855
Cc1ccc(C2Nc3ccccc3-n3c(-c4ccccc4)c4c(=O)n(C)c(=O)n(C)c4c32)o1,Cc1ccc(C2Nc3ccccc3-n3c(-c4ccccc4)c4c(=O)n(C)c(=O)n(C)c4c32)o1,6.801029995663981,0.0005946682738638907,12.0,IC50,"BindingDB,ChEMBL,Papyrus",0.4404899762508177
Cc1ccc(C2Nc3ccccc3-n3c(-c4ccccc4)c4c(=O)n(C)c(=O)n(C)c4c32)s1,Cc1ccc(C2Nc3ccccc3-n3c(-c4ccccc4)c4c(=O)n(C)c(=O)n(C)c4c32)s1,5.769551078621726,0.00025918487859128764,3.0,IC50,"BindingDB,ChEMBL,Papyrus",0.00025918487859128764
Cc1ccc(C2Nc3ccccc3-n3c(-c4ccccc4C)c4c(=O)n(C)c(=O)n(C)c4c32)o1,Cc1ccc(C2Nc3ccccc3-n3c(-c4ccccc4C)c4c(=O)n(C)c(=O)n(C)c4c32)o1,6.096910013008056,0.0017840048215910312,3.0,IC50,"BindingDB,ChEMBL,Papyrus",0.0017840048215910312
Cc1ccc(C2Oc3cc([N+](=O)[O-])c(Cl)cc3-n3c(-c4ccccc4)c4c(=O)n(C)c(=O)n(C)c4c32)o1,Cc1ccc(C2Oc3cc([N+](=O)[O-])c(Cl)cc3-n3c(-c4ccccc4)c4c(=O)n(C)c(=O)n(C)c4c32)o1,6.769551078621726,0.00025918487859128764,3.0,IC50,"BindingDB,ChEMBL,Papyrus",0.00025918487859128764
Cc1ccc(C2Oc3ccc([N+](=O)[O-])cc3-n3c(-c4ccccc4)c4c(=O)n(C)c(=O)n(C)c4c32)o1,Cc1ccc(C2Oc3ccc([N+](=O)[O-])cc3-n3c(-c4ccccc4)c4c(=O)n(C)c(=O)n(C)c4c32)o1,7.301029995663981,0.1726104124830238,7.0,IC50,"BindingDB,ChEMBL,Papyrus",0.42572070254911626
Cc1ccc(C2Oc3ccccc3-n3c(-c4ccccc4)c4c(=O)n(C)c(=O)n(C)c4c32)o1,Cc1ccc(C2Oc3ccccc3-n3c(-c4ccccc4)c4c(=O)n(C)c(=O)n(C)c4c32)o1,6.823908740944319,0.0011020120980155328,4.0,IC50,"BindingDB,ChEMBL,Papyrus",0.002
Cc1ccc(C2c3c4c(c(-c5ccccc5)n3-c3ccccc3N2C)c(=O)n(C)c(=O)n4C)o1,Cc1ccc(C2c3c4c(c(-c5ccccc5)n3-c3ccccc3N2C)c(=O)n(C)c(=O)n4C)o1,6.0,0.0,3.0,IC50,"BindingDB,ChEMBL,Papyrus",0.0
Cc1ccc(C2c3c4c(c(-c5ccccc5)n3-c3ccccc3N2N=O)c(=O)n(C)c(=O)n4C)o1,Cc1ccc(C2c3c4c(c(-c5ccccc5)n3-c3ccccc3N2N=O)c(=O)n(C)c(=O)n4C)o1,5.698970004336019,0.0005946682738638907,3.0,IC50,"BindingDB,ChEMBL,Papyrus",0.0005946682738638907
Cc1ccc(CCC(=O)Nc2ncc(Cc3cccc(Cl)c3Cl)s2)o1,Cc1ccc(CCC(=O)Nc2ncc(Cc3cccc(Cl)c3Cl)s2)o1,5.052,0.0,1.0,other,Papyrus,0.0
Cc1ccc(CNc2ncnc(N)c2[N+](=O)[O-])cc1,Cc1ccc(CNc2ncnc(N)c2[N+](=O)[O-])cc1,5.193,0.0,1.0,other,Papyrus,0.0
Cc1ccc(CNc2ncnc3ccc(-c4ccc(CO)o4)cc23)o1,Cc1ccc(CNc2ncnc3ccc(-c4ccc(CO)o4)cc23)o1,6.047000000000001,0.0,1.0,other,Papyrus,0.0
Cc1ccc(CNc2ncnc3ccc(-c4ccoc4C)cc23)o1,Cc1ccc(CNc2ncnc3ccc(-c4ccoc4C)cc23)o1,6.419,0.0,1.0,other,Papyrus,0.0
Cc1ccc(CSc2nccc(-c3c(C)nc4ccccn34)n2)cc1,Cc1ccc(CSc2nccc(-c3c(C)nc4ccccn34)n2)cc1,5.497999999999999,0.0,1.0,other,Papyrus,0.0
Cc1ccc(Cl)cc1-c1cc(C(=O)NCc2cc(C(F)(F)F)cc(C(F)(F)F)c2)[nH]n1,Cc1ccc(Cl)cc1-c1cc(C(=O)NCc2cc(C(F)(F)F)cc(C(F)(F)F)c2)[nH]n1,5.05,0.0,1.0,other,Papyrus,0.0
Cc1ccc(F)c2[nH]c3c(c12)C(C)N(C(=O)c1cc(C(F)(F)F)[nH]n1)CC3,Cc1ccc(F)c2[nH]c3c(c12)C(C)N(C(=O)c1cc(C(F)(F)F)[nH]n1)CC3,7.522878745280337,0.12867910358424894,5.0,EC50,"BindingDB,ChEMBL,Papyrus",0.172
Cc1ccc(F)c2[nH]c3c(c12)C1CCC(C3)N1C(=O)c1cc(C(F)(F)F)[nH]n1,Cc1ccc(F)c2[nH]c3c(c12)C1CCC(C3)N1C(=O)c1cc(C(F)(F)F)[nH]n1,5.886056647693163,0.11197324666189078,4.0,EC50,"BindingDB,ChEMBL,Papyrus",0.19
Cc1ccc(F)c2[nH]c3c(c12)CCN(C(=O)c1cc(C(F)(F)F)[nH]n1)CC3,Cc1ccc(F)c2[nH]c3c(c12)CCN(C(=O)c1cc(C(F)(F)F)[nH]n1)CC3,5.638272163982407,0.000997566589872573,3.0,EC50,"BindingDB,ChEMBL,Papyrus",0.000997566589872573
Cc1ccc(F)c2[nH]c3c(c12)CN(C(=O)c1cc(C(F)(F)F)[nH]n1)C(C)(C)C3,Cc1ccc(F)c2[nH]c3c(c12)CN(C(=O)c1cc(C(F)(F)F)[nH]n1)C(C)(C)C3,5.718966632752273,0.0005966148586468374,3.0,EC50,"BindingDB,ChEMBL,Papyrus",0.0005966148586468374
Cc1ccc(F)c2[nH]c3c(c12)CN(C(=O)c1cc(C(F)(F)F)[nH]n1)C(C)C3,Cc1ccc(F)c2[nH]c3c(c12)CN(C(=O)c1cc(C(F)(F)F)[nH]n1)C(C)C3,7.657577319177793,0.0013987354248616152,5.0,EC50,"BindingDB,ChEMBL,Papyrus",0.8290000000000001
Cc1ccc(F)c2[nH]c3c(c12)CN(C(=O)c1cc(C(F)(F)F)[nH]n1)CC3,Cc1ccc(F)c2[nH]c3c(c12)CN(C(=O)c1cc(C(F)(F)F)[nH]n1)CC3,7.221848749616356,0.001067376088667581,3.0,EC50,"BindingDB,ChEMBL,Papyrus",0.001067376088667581
Cc1ccc(F)c2[nH]c3c(c12)CN(C(=O)c1cc(C(F)(F)F)[nH]n1)[C@@H](C)C3,Cc1ccc(F)c2[nH]c3c(c12)CN(C(=O)c1cc(C(F)(F)F)[nH]n1)[C@@H](C)C3,5.958607314841775,0.0,2.0,EC50,"BindingDB,ChEMBL",0.0
Cc1ccc(F)c2[nH]c3c(c12)CN(C(=O)c1cc(C(F)(F)F)[nH]n1)[C@H](C)C3,Cc1ccc(F)c2[nH]c3c(c12)CN(C(=O)c1cc(C(F)(F)F)[nH]n1)[C@H](C)C3,7.769551078621726,0.0,2.0,EC50,"BindingDB,ChEMBL",0.0
Cc1ccc(F)c2[nH]c3c(c12)[C@@H](C)N(C(=O)c1cc(C(F)(F)F)[nH]n1)CC3,Cc1ccc(F)c2[nH]c3c(c12)[C@@H](C)N(C(=O)c1cc(C(F)(F)F)[nH]n1)CC3,7.301029995663981,0.0,2.0,EC50,"BindingDB,ChEMBL",0.0
Cc1ccc(F)c2[nH]c3c(c12)[C@@H]1CC[C@H](C3)N1C(=O)c1cc(C(F)(F)F)[nH]n1,Cc1ccc(F)c2[nH]c3c(c12)[C@@H]1CC[C@H](C3)N1C(=O)c1cc(C(F)(F)F)[nH]n1,6.267606240177032,0.0,2.0,EC50,"BindingDB,ChEMBL",0.0
Cc1ccc(F)c2[nH]c3c(c12)[C@H](C)N(C(=O)c1cc(C(F)(F)F)[nH]n1)CC3,Cc1ccc(F)c2[nH]c3c(c12)[C@H](C)N(C(=O)c1cc(C(F)(F)F)[nH]n1)CC3,7.096910013008056,0.0,2.0,EC50,"BindingDB,ChEMBL",0.0
Cc1ccc(F)c2c3c([nH]c12)CCN(C(=O)c1cc(C(F)(F)F)[nH]n1)C3,Cc1ccc(F)c2c3c([nH]c12)CCN(C(=O)c1cc(C(F)(F)F)[nH]n1)C3,6.026872146400302,0.0018058671177716523,3.0,EC50,"BindingDB,ChEMBL,Papyrus",0.0018058671177716523
Cc1ccc(F)cc1-c1nc(NS(=O)(=O)c2cccc(N3CCC[C@@](C)(CC(=O)O)C3)n2)ccc1C(F)(F)F,Cc1ccc(F)cc1-c1nc(NS(=O)(=O)c2cccc(N3CCC[C@@](C)(CC(=O)O)C3)n2)ccc1C(F)(F)F,8.698970004336019,0.0,1.0,EC50,ChEMBL,0.0
Cc1ccc(N=Cc2cc3c(cc2O)OC(=N)C(C#N)C3c2ccccc2)cc1,Cc1ccc(N=Cc2cc3c(cc2O)OC(=N)C(C#N)C3c2ccccc2)cc1,5.684,0.0,1.0,other,Papyrus,0.0
Cc1ccc(NC(=O)C2(c3ccc4c(c3)OC(F)(F)O4)CC2)nc1-c1cccc(C(=O)O)c1,Cc1ccc(NC(=O)C2(c3ccc4c(c3)OC(F)(F)O4)CC2)nc1-c1cccc(C(=O)O)c1,5.585026652029182,0.002902138902170652,14.0,EC50,"BindingDB,ChEMBL,Papyrus",0.6755822676664114
Cc1ccc(NC(=O)C=Cc2ccco2)nc1,Cc1ccc(NC(=O)C=Cc2ccco2)nc1,5.082,0.0,1.0,other,Papyrus,0.0
Cc1ccc(NC(=O)CSc2ncnc3ccccc23)cc1S(=O)(=O)N1CCOCC1,Cc1ccc(NC(=O)CSc2ncnc3ccccc23)cc1S(=O)(=O)N1CCOCC1,5.382999999999999,0.0,1.0,other,Papyrus,0.0
Cc1ccc(NC(=O)Nc2cccc([N+](=O)[O-])c2)cc1F,Cc1ccc(NC(=O)Nc2cccc([N+](=O)[O-])c2)cc1F,5.207999999999999,0.0,1.0,other,Papyrus,0.0
Cc1ccc(NC(=O)Nc2nnc(-c3ccncc3)s2)cc1,Cc1ccc(NC(=O)Nc2nnc(-c3ccncc3)s2)cc1,5.257000000000001,0.0,1.0,other,Papyrus,0.0
Cc1ccc(NC(=O)Nc2nnc(-c3ccncc3)s2)cc1C,Cc1ccc(NC(=O)Nc2nnc(-c3ccncc3)s2)cc1C,5.461,0.0,1.0,other,Papyrus,0.0
Cc1ccc(NC(=O)c2[nH]cnc2C(=O)NCCCNC(=O)c2nc[nH]c2C(=O)Nc2ccc(C)cc2)cc1,Cc1ccc(NC(=O)c2[nH]cnc2C(=O)NCCCNC(=O)c2nc[nH]c2C(=O)Nc2ccc(C)cc2)cc1,5.417999999999999,0.0,1.0,other,Papyrus,0.0
Cc1ccc(NC(=O)c2c[nH]c3ccccc3c2=O)cc1N,Cc1ccc(NC(=O)c2c[nH]c3ccccc3c2=O)cc1N,5.221848749616356,0.001067376088667581,3.0,EC50,"BindingDB,ChEMBL,Papyrus",0.001067376088667581
Cc1ccc(NC(=O)c2cc(C(=O)c3cc(Cl)ccc3O)cn(-c3ccc(C)cc3)c2=O)cc1,Cc1ccc(NC(=O)c2cc(C(=O)c3cc(Cl)ccc3O)cn(-c3ccc(C)cc3)c2=O)cc1,5.027,0.0,1.0,other,Papyrus,0.0
Cc1ccc(NC(=O)c2ccccc2NS(=O)(=O)c2ccc(Cl)s2)cc1S(=O)(=O)N1CCOCC1,Cc1ccc(NC(=O)c2ccccc2NS(=O)(=O)c2ccc(Cl)s2)cc1S(=O)(=O)N1CCOCC1,5.474,0.0,1.0,other,Papyrus,0.0
Cc1ccc(Nc2nc(-c3sc(NC(=O)c4ccc(Cl)cc4)nc3C)cs2)cc1,Cc1ccc(Nc2nc(-c3sc(NC(=O)c4ccc(Cl)cc4)nc3C)cs2)cc1,5.958607314841775,0.0008040671509977246,3.0,Kd,"BindingDB,ChEMBL,Papyrus",0.0008040671509977246
Cc1ccc(Nc2nc3nonc3[nH]c2=O)cc1Cl,Cc1ccc(Nc2nc3nonc3[nH]c2=O)cc1Cl,5.327999999999999,0.0,1.0,other,Papyrus,0.0
Cc1ccc(S(=O)(=O)CC(CN2CCCCC2)N2CCCCC2)cc1,Cc1ccc(S(=O)(=O)CC(CN2CCCCC2)N2CCCCC2)cc1,5.164,0.0,1.0,other,Papyrus,0.0
Cc1ccc(S(=O)(=O)N=C(CCl)N2CCOCC2)cc1,Cc1ccc(S(=O)(=O)N=C(CCl)N2CCOCC2)cc1,5.622999999999999,0.0,1.0,other,Papyrus,0.0
Cc1ccc(S(=O)(=O)NC(=O)c2ccc(-n3ccc(OCC4(C(F)(F)F)CC4)n3)nc2N2C[C@@H](C)CC2(C)C)cc1,Cc1ccc(S(=O)(=O)NC(=O)c2ccc(-n3ccc(OCC4(C(F)(F)F)CC4)n3)nc2N2C[C@@H](C)CC2(C)C)cc1,7.154901959985743,0.0,2.0,EC50,"BindingDB,ChEMBL",0.0
Cc1ccc(S(=O)(=O)Nc2ccc3cc([N+](=O)[O-])ccc3c2[N+](=O)[O-])cc1,Cc1ccc(S(=O)(=O)Nc2ccc3cc([N+](=O)[O-])ccc3c2[N+](=O)[O-])cc1,5.499,0.0,1.0,other,Papyrus,0.0
Cc1ccc(S(=O)(=O)Nc2cccc3cccnc23)c([N+](=O)[O-])c1,Cc1ccc(S(=O)(=O)Nc2cccc3cccnc23)c([N+](=O)[O-])c1,5.547000000000001,0.0,1.0,other,Papyrus,0.0
Cc1ccc(S(=O)(=O)Nc2cccc3ncccc23)s1,Cc1ccc(S(=O)(=O)Nc2cccc3ncccc23)s1,5.83,0.0,1.0,other,Papyrus,0.0
Cc1ccc(S(=O)(=O)Nc2nc3ccccc3nc2C2CCOCC2)cc1,Cc1ccc(S(=O)(=O)Nc2nc3ccccc3nc2C2CCOCC2)cc1,6.031517051446065,0.0,2.0,EC50,"BindingDB,ChEMBL",0.0
Cc1ccc(S(=O)(=O)Nc2nc3ccccc3nc2Nc2cccc(S(=O)(=O)N3CCCC3)c2)cc1,Cc1ccc(S(=O)(=O)Nc2nc3ccccc3nc2Nc2cccc(S(=O)(=O)N3CCCC3)c2)cc1,5.447,0.0,1.0,other,Papyrus,0.0
Cc1ccc(S(=O)(=O)n2cc(-c3ccccc3)c3ccccc32)cc1,Cc1ccc(S(=O)(=O)n2cc(-c3ccccc3)c3ccccc32)cc1,5.257000000000001,0.0,1.0,other,Papyrus,0.0
Cc1ccc(Sc2c(C=O)c3ccccc3n2C)cc1,Cc1ccc(Sc2c(C=O)c3ccccc3n2C)cc1,5.699,0.0,1.0,other,Papyrus,0.0
Cc1ccc2[nH]c3c(c2c1)CN(C(=O)c1cc(C(F)(F)F)[nH]n1)CC3,Cc1ccc2[nH]c3c(c2c1)CN(C(=O)c1cc(C(F)(F)F)[nH]n1)CC3,6.568636235841013,0.0007873696043024246,3.0,EC50,"BindingDB,ChEMBL,Papyrus",0.0007873696043024246
Cc1ccc2[nH]cc(C(=O)CCl)c2c1,Cc1ccc2[nH]cc(C(=O)CCl)c2c1,5.635,0.0,1.0,other,Papyrus,0.0
Cc1ccc2c3c([nH]c2c1)CCN(C(=O)c1cc(C(F)(F)F)[nH]n1)C3,Cc1ccc2c3c([nH]c2c1)CCN(C(=O)c1cc(C(F)(F)F)[nH]n1)C3,6.698970004336019,0.0005946682738638907,3.0,EC50,"BindingDB,ChEMBL,Papyrus",0.0005946682738638907
Cc1ccc2nc(C(F)(F)F)c(C#N)c(N)c2c1,Cc1ccc2nc(C(F)(F)F)c(C#N)c(N)c2c1,5.487,0.0,1.0,other,Papyrus,0.0
Cc1ccc2occ(C=NNC(=O)c3ccccc3Br)c(=O)c2c1,Cc1ccc2occ(C=NNC(=O)c3ccccc3Br)c(=O)c2c1,5.303,0.0,1.0,other,Papyrus,0.0
Cc1ccc2occ(C=NNC(=O)c3ccccc3C)c(=O)c2c1,Cc1ccc2occ(C=NNC(=O)c3ccccc3C)c(=O)c2c1,5.8660000000000005,0.0,1.0,other,Papyrus,0.0
Cc1cccc(-c2c3c(=O)n(C)c(=O)n(C)c3c3n2-c2ccccc2NC3c2ccc(C)o2)c1,Cc1cccc(-c2c3c(=O)n(C)c(=O)n(C)c3c3n2-c2ccccc2NC3c2ccc(C)o2)c1,6.154901959985743,0.0017886542361915479,4.0,IC50,"BindingDB,ChEMBL,Papyrus",0.002
Cc1cccc(-c2c3c(=O)n(C)c(=O)n(C)c3c3n2-c2ccccc2NC3c2ccc(O)cc2)c1,Cc1cccc(-c2c3c(=O)n(C)c(=O)n(C)c3c3n2-c2ccccc2NC3c2ccc(O)cc2)c1,5.769551078621726,0.00025918487859128764,3.0,IC50,"BindingDB,ChEMBL,Papyrus",0.00025918487859128764
Cc1cccc(-c2c3c(=O)n(C)c(=O)n(C)c3c3n2-c2ccccc2NC3c2cccc(F)c2)c1,Cc1cccc(-c2c3c(=O)n(C)c(=O)n(C)c3c3n2-c2ccccc2NC3c2cccc(F)c2)c1,5.096910013008056,0.0017840048215910312,3.0,IC50,"BindingDB,ChEMBL,Papyrus",0.0017840048215910312
Cc1cccc(-c2c3c(=O)n(C)c(=O)n(C)c3c3n2-c2ccccc2NC3c2cccc([N+](=O)[O-])c2F)c1,Cc1cccc(-c2c3c(=O)n(C)c(=O)n(C)c3c3n2-c2ccccc2NC3c2cccc([N+](=O)[O-])c2F)c1,5.698970004336019,0.0005946682738638907,3.0,IC50,"BindingDB,ChEMBL,Papyrus",0.0005946682738638907
Cc1cccc(-c2c3c(=O)n(C)c(=O)n(C)c3c3n2-c2ccccc2NC3c2ccccc2F)c1,Cc1cccc(-c2c3c(=O)n(C)c(=O)n(C)c3c3n2-c2ccccc2NC3c2ccccc2F)c1,5.6020599913279625,0.0011893365477277172,3.0,IC50,"BindingDB,ChEMBL,Papyrus",0.0011893365477277172
Cc1cccc(-c2c3c(=O)n(C)c(=O)n(C)c3c3n2-c2ccccc2OC3c2ccc(C)o2)c1,Cc1cccc(-c2c3c(=O)n(C)c(=O)n(C)c3c3n2-c2ccccc2OC3c2ccc(C)o2)c1,6.221848749616356,0.0004900258194778266,4.0,IC50,"BindingDB,ChEMBL,Papyrus",0.001
Cc1cccc(-c2c3c(=O)n(C)c(=O)n(C)c3c3n2-c2ccccc2OC3c2ccc(Cl)o2)c1,Cc1cccc(-c2c3c(=O)n(C)c(=O)n(C)c3c3n2-c2ccccc2OC3c2ccc(Cl)o2)c1,6.431798275933005,0.0004608848248080809,4.0,IC50,"BindingDB,ChEMBL,Papyrus",0.001
Cc1cccc(C2Nc3ccccc3-n3c(-c4ccccc4C)c4c(=O)n(C)c(=O)n(C)c4c32)c1,Cc1cccc(C2Nc3ccccc3-n3c(-c4ccccc4C)c4c(=O)n(C)c(=O)n(C)c4c32)c1,5.522878745280337,0.0010846940933417174,4.0,IC50,"BindingDB,ChEMBL,Papyrus",0.002
Cc1cccc(CNc2ncnc3ccc(-c4ccoc4)cc23)c1,Cc1cccc(CNc2ncnc3ccc(-c4ccoc4)cc23)c1,6.824,0.0,1.0,other,Papyrus,0.0
Cc1cccc(CS(=O)(=O)c2ncc(Cl)c(C(=O)NCc3ccccc3)n2)c1,Cc1cccc(CS(=O)(=O)c2ncc(Cl)c(C(=O)NCc3ccccc3)n2)c1,5.607,0.0,1.0,other,Papyrus,0.0
Cc1cccc(N(Cc2cc(=O)[nH]c3ccccc23)C(=O)CCl)c1,Cc1cccc(N(Cc2cc(=O)[nH]c3ccccc23)C(=O)CCl)c1,5.91,0.0,1.0,other,Papyrus,0.0
Cc1cccc(N2C(=O)/C(=C/c3ccc(C(=O)O)cc3)SC2=S)c1,Cc1cccc(N2C(=O)/C(=C/c3ccc(C(=O)O)cc3)SC2=S)c1,5.301029995663981,0.0,2.0,IC50,"BindingDB,ChEMBL",0.0
Cc1cccc(N2C(=O)/C(=C/c3ccc(C(=O)O)cc3)SC2=S)c1C,Cc1cccc(N2C(=O)/C(=C/c3ccc(C(=O)O)cc3)SC2=S)c1C,5.154901959985743,0.0,2.0,IC50,"BindingDB,ChEMBL",0.0
Cc1cccc(N2C(=O)C(=Cc3ccc(C(=O)O)cc3)SC2=S)c1,Cc1cccc(N2C(=O)C(=Cc3ccc(C(=O)O)cc3)SC2=S)c1,5.3,0.0,2.0,IC50,Papyrus,0.001
Cc1cccc(N2C(=O)C(=Cc3ccc(C(=O)O)cc3)SC2=S)c1C,Cc1cccc(N2C(=O)C(=Cc3ccc(C(=O)O)cc3)SC2=S)c1C,5.158,0.0,2.0,IC50,Papyrus,0.002
Cc1cccc(N2CCN(C(=O)CCn3c(=S)[nH]c4cc5c(cc4c3=O)OCO5)CC2C)c1,Cc1cccc(N2CCN(C(=O)CCn3c(=S)[nH]c4cc5c(cc4c3=O)OCO5)CC2C)c1,5.207999999999999,0.0,1.0,other,Papyrus,0.0
Cc1cccc(N=c2oc3cc(O)ccc3cc2C(N)=O)c1,Cc1cccc(N=c2oc3cc(O)ccc3cc2C(N)=O)c1,5.558,0.0,1.0,other,Papyrus,0.0
Cc1cccc(NC(=O)Nc2ccc(C#N)cc2)n1,Cc1cccc(NC(=O)Nc2ccc(C#N)cc2)n1,5.75,0.0,1.0,other,Papyrus,0.0
Cc1cccc(NC(=O)c2[nH]cnc2C(=O)NCCCNC(=O)c2nc[nH]c2C(=O)Nc2cccc(C)c2)c1,Cc1cccc(NC(=O)c2[nH]cnc2C(=O)NCCCNC(=O)c2nc[nH]c2C(=O)Nc2cccc(C)c2)c1,5.39,0.0,1.0,other,Papyrus,0.0
Cc1cccc(NC(=O)c2cc(-c3ccc(C)s3)nc3ccccc23)n1,Cc1cccc(NC(=O)c2cc(-c3ccc(C)s3)nc3ccccc23)n1,5.279,0.0,1.0,other,Papyrus,0.0
Cc1cccc(NC(=O)c2nc(S(=O)(=O)Cc3ccccc3)ncc2Cl)c1,Cc1cccc(NC(=O)c2nc(S(=O)(=O)Cc3ccccc3)ncc2Cl)c1,5.6,0.0,1.0,other,Papyrus,0.0
Cc1cccc(NS(=O)(=O)c2ccc(-c3cnc(C4CC4)o3)cc2)c1C,Cc1cccc(NS(=O)(=O)c2ccc(-c3cnc(C4CC4)o3)cc2)c1C,5.196000000000001,0.0,1.0,other,Papyrus,0.0
Cc1cccc(Nc2ncnc3ccc(Br)cc23)c1,Cc1cccc(Nc2ncnc3ccc(Br)cc23)c1,5.406000000000001,0.0,1.0,other,Papyrus,0.0
Cc1cccc(Nc2ncnc3onc(-c4ccc(Cl)cc4)c23)c1C,Cc1cccc(Nc2ncnc3onc(-c4ccc(Cl)cc4)c23)c1C,5.4089353929735005,0.0006146511533308252,3.0,IC50,"BindingDB,ChEMBL,Papyrus",0.0006146511533308252
Cc1cccc(Nc2ncnc3onc(-c4ccc(F)cc4)c23)c1C,Cc1cccc(Nc2ncnc3onc(-c4ccc(F)cc4)c23)c1C,5.4089353929735005,0.0006146511533308252,3.0,IC50,"BindingDB,ChEMBL,Papyrus",0.0006146511533308252
Cc1cccc(S(=O)(=O)NC(=O)c2ccc(-n3ccc(OCC4(C(F)(F)F)CC4)n3)nc2N2C[C@@H](C)CC2(C)C)c1,Cc1cccc(S(=O)(=O)NC(=O)c2ccc(-n3ccc(OCC4(C(F)(F)F)CC4)n3)nc2N2C[C@@H](C)CC2(C)C)c1,7.522878745280337,0.0,2.0,EC50,"BindingDB,ChEMBL",0.0
Cc1cccc2[nH]c3c(c12)CN(C(=O)c1cc(C(F)(F)F)[nH]n1)CC3,Cc1cccc2[nH]c3c(c12)CN(C(=O)c1cc(C(F)(F)F)[nH]n1)CC3,6.318758762624412,0.0007166287329239629,3.0,EC50,"BindingDB,ChEMBL,Papyrus",0.0007166287329239629
Cc1cccc2c3c([nH]c12)CCN(C(=O)c1cc(C(F)(F)F)[nH]n1)C3,Cc1cccc2c3c([nH]c12)CCN(C(=O)c1cc(C(F)(F)F)[nH]n1)C3,5.943095148663527,0.0017869849140691616,3.0,EC50,"BindingDB,ChEMBL,Papyrus",0.0017869849140691616
Cc1cccc2sc(N(CCCN(C)C)C(=O)CCS(=O)(=O)c3ccccc3)nc12,Cc1cccc2sc(N(CCCN(C)C)C(=O)CCS(=O)(=O)c3ccccc3)nc12,5.492000000000001,0.0,1.0,other,Papyrus,0.0
Cc1ccccc1-c1c2c(=O)n(C)c(=O)n(C)c2c2n1-c1ccccc1NC2c1cccc([N+](=O)[O-])c1,Cc1ccccc1-c1c2c(=O)n(C)c(=O)n(C)c2c2n1-c1ccccc1NC2c1cccc([N+](=O)[O-])c1,5.698970004336019,0.0005946682738638907,3.0,IC50,"BindingDB,ChEMBL,Papyrus",0.0005946682738638907
Cc1ccccc1-c1c2c(=O)n(C)c(=O)n(C)c2c2n1-c1ccccc1NC2c1ccccc1,Cc1ccccc1-c1c2c(=O)n(C)c(=O)n(C)c2c2n1-c1ccccc1NC2c1ccccc1,5.301029995663981,0.0005946682738638907,3.0,IC50,"BindingDB,ChEMBL,Papyrus",0.0005946682738638907
Cc1ccccc1-c1nc(NS(=O)(=O)c2cccc(N3CCC[C@H](CC(=O)O)C3)n2)ccc1C(F)(F)F,Cc1ccccc1-c1nc(NS(=O)(=O)c2cccc(N3CCC[C@H](CC(=O)O)C3)n2)ccc1C(F)(F)F,7.0,0.0,1.0,EC50,ChEMBL,0.0
Cc1ccccc1C(=O)N1CCN(c2ccc(NC(=O)CSc3ccc(Cl)cc3)cc2)CC1,Cc1ccccc1C(=O)N1CCN(c2ccc(NC(=O)CSc3ccc(Cl)cc3)cc2)CC1,6.056,0.0,1.0,other,Papyrus,0.0
Cc1ccccc1C(=O)N1CCN(c2ccc(NC(=O)c3cccc(OC(C)C)c3)cc2)CC1,Cc1ccccc1C(=O)N1CCN(c2ccc(NC(=O)c3cccc(OC(C)C)c3)cc2)CC1,5.174,0.0,1.0,other,Papyrus,0.0
Cc1ccccc1NC1C(c2ccccc2C(C)C)N(C(=O)C2CCCCO2)C(C(=O)O)C1C(C)(C)C,Cc1ccccc1NC1C(c2ccccc2C(C)C)N(C(=O)C2CCCCO2)C(C(=O)O)C1C(C)(C)C,7.66,0.0,1.0,EC50,Papyrus,0.0
Cc1ccccc1N[C@H]1[C@H](C(C)(C)C)[C@@H](C(=O)O)N(C(=O)[C@@H]2CCCCO2)[C@H]1c1ccccc1C(C)C,Cc1ccccc1N[C@H]1[C@H](C(C)(C)C)[C@@H](C(=O)O)N(C(=O)[C@@H]2CCCCO2)[C@H]1c1ccccc1C(C)C,7.657577319177793,0.0,2.0,EC50,"BindingDB,ChEMBL",0.0
Cc1ccccc1S(=O)(=O)NC(=O)c1ccc(-n2ccc(OCC3(C(F)(F)F)CC3)n2)nc1N1C[C@@H](C)CC1(C)C,Cc1ccccc1S(=O)(=O)NC(=O)c1ccc(-n2ccc(OCC3(C(F)(F)F)CC3)n2)nc1N1C[C@@H](C)CC1(C)C,7.522878745280337,0.0,2.0,EC50,"BindingDB,ChEMBL",0.0
Cc1ccccc1S(=O)(=O)NC(=O)c1ccc(-n2ccc(OCC3(C(F)(F)F)CCC3)n2)nc1N1C[C@@H](C)CC1(C)C,Cc1ccccc1S(=O)(=O)NC(=O)c1ccc(-n2ccc(OCC3(C(F)(F)F)CCC3)n2)nc1N1C[C@@H](C)CC1(C)C,7.301029995663981,0.0,2.0,EC50,"BindingDB,ChEMBL",0.0
Cc1ccccc1S(=O)(=O)NC(=O)c1ccc(-n2ccc(OCC3C(C)(C)C3(C)C)n2)nc1N1C[C@@H](C)CC1(C)C,Cc1ccccc1S(=O)(=O)NC(=O)c1ccc(-n2ccc(OCC3C(C)(C)C3(C)C)n2)nc1N1C[C@@H](C)CC1(C)C,7.698970004336019,0.0,2.0,EC50,"BindingDB,ChEMBL",0.0
Cc1ccccc1S(=O)(=O)NC(=O)c1ccc(-n2ccc(OCCC3(C(F)(F)F)CC3)n2)nc1N1C[C@@H](C)CC1(C)C,Cc1ccccc1S(=O)(=O)NC(=O)c1ccc(-n2ccc(OCCC3(C(F)(F)F)CC3)n2)nc1N1C[C@@H](C)CC1(C)C,7.698970004336019,0.0,2.0,EC50,"BindingDB,ChEMBL",0.0
Cc1cccnc1Nc1nc2c(s1)CCCCc1nc(NC(=O)C(C)(C)C)sc1-2,Cc1cccnc1Nc1nc2c(s1)CCCCc1nc(NC(=O)C(C)(C)C)sc1-2,5.2839966563652006,0.0023074706283068257,3.0,IC50,"BindingDB,ChEMBL,Papyrus",0.0023074706283068257
Cc1cccnc1Nc1nc2c(s1)CCCc1nc(NC(=O)C(C)(C)C)sc1-2,Cc1cccnc1Nc1nc2c(s1)CCCc1nc(NC(=O)C(C)(C)C)sc1-2,5.142667503568732,0.0015400839034719123,3.0,IC50,"BindingDB,ChEMBL,Papyrus",0.0015400839034719123
Cc1ccnc(NC(=O)CSc2cc(=O)n(C)c3ccccc23)c1,Cc1ccnc(NC(=O)CSc2cc(=O)n(C)c3ccccc23)c1,5.1,0.0,1.0,other,Papyrus,0.0
Cc1ccnc(NC(=O)Cc2ccc(-c3ccccc3)cc2)c1,Cc1ccnc(NC(=O)Cc2ccc(-c3ccccc3)cc2)c1,5.043,0.0,1.0,other,Papyrus,0.0
Cc1ccnc(Nc2nc(-c3sc(C)nc3C)cs2)c1,Cc1ccnc(Nc2nc(-c3sc(C)nc3C)cs2)c1,5.292000000000001,0.0,1.0,other,Papyrus,0.0
Cc1ccsc1CN(C)c1ncnc2ccc(-c3ccoc3)cc12,Cc1ccsc1CN(C)c1ncnc2ccc(-c3ccoc3)cc12,6.425,0.0,1.0,other,Papyrus,0.0
Cc1cnc(C=O)c2cccc([N+](=O)[O-])c12,Cc1cnc(C=O)c2cccc([N+](=O)[O-])c12,5.475,0.0,1.0,other,Papyrus,0.0
Cc1cnc(NC(=O)CCCc2nc3ccccc3s2)s1,Cc1cnc(NC(=O)CCCc2nc3ccccc3s2)s1,5.374,0.0,1.0,other,Papyrus,0.0
Cc1cnc(NC(O)c2cc(O)n(-c3cccc(Cl)c3)c2)s1,Cc1cnc(NC(O)c2cc(O)n(-c3cccc(Cl)c3)c2)s1,5.497999999999999,0.0,1.0,other,Papyrus,0.0
Cc1csc(CNc2ncnc3ccc(-c4ccoc4)cc23)c1,Cc1csc(CNc2ncnc3ccc(-c4ccoc4)cc23)c1,6.523,0.0,1.0,other,Papyrus,0.0
Cc1n[nH]c(C(=O)Nc2sc3c(c2C(N)=O)CC(C)(C)OC3(C)C)c1Cl,Cc1n[nH]c(C(=O)Nc2sc3c(c2C(N)=O)CC(C)(C)OC3(C)C)c1Cl,7.329877119216034,0.0,2.0,EC50,ChEMBL,0.8891587697274114
Cc1nc(-n2nc(-c3ccccc3)cc2NC(=O)C(C)(C)Oc2ccc(Cl)cc2)[nH]c(=O)c1C,Cc1nc(-n2nc(-c3ccccc3)cc2NC(=O)C(C)(C)Oc2ccc(Cl)cc2)[nH]c(=O)c1C,5.219682687859849,0.0,2.0,EC50,"BindingDB,ChEMBL",0.0
Cc1nc(-n2nc(-c3cccs3)cc2NC(=O)C2(c3ccc(Cl)cc3)CCCC2)[nH]c(=O)c1C,Cc1nc(-n2nc(-c3cccs3)cc2NC(=O)C2(c3ccc(Cl)cc3)CCCC2)[nH]c(=O)c1C,5.747146969020107,0.0,2.0,EC50,"BindingDB,ChEMBL",0.0
Cc1nc(C(=O)NCC(C)(O)C(F)(F)F)c(N)cc1C(F)(F)F,Cc1nc(C(=O)NCC(C)(O)C(F)(F)F)c(N)cc1C(F)(F)F,6.619788758288394,0.00012196045906007223,3.0,EC50,"BindingDB,ChEMBL,Papyrus",0.00012196045906007223
Cc1nc(N)c(C#N)c(-c2cccnc2)c1-c1ccccc1,Cc1nc(N)c(C#N)c(-c2cccnc2)c1-c1ccccc1,5.352,0.0,1.0,other,Papyrus,0.0
Cc1nc(N2CCC(C(N)=O)CC2)c2c(-c3cccs3)csc2n1,Cc1nc(N2CCC(C(N)=O)CC2)c2c(-c3cccs3)csc2n1,5.4910000000000005,0.0,1.0,other,Papyrus,0.0
Cc1nc(NC(=O)C(C)(C)C)sc1-c1cc(C(=O)NCc2ccccc2)nn1Cc1ccccc1,Cc1nc(NC(=O)C(C)(C)C)sc1-c1cc(C(=O)NCc2ccccc2)nn1Cc1ccccc1,6.1249387366083,0.0028513809102586763,3.0,EC50,"BindingDB,ChEMBL,Papyrus",0.0028513809102586763
Cc1nc(NC(=O)C(C)(C)C)sc1-c1cc(Cc2ccccc2)n(C(=O)NCc2ccccc2)n1,Cc1nc(NC(=O)C(C)(C)C)sc1-c1cc(Cc2ccccc2)n(C(=O)NCc2ccccc2)n1,6.119998611678231,0.00013919033531304,3.0,EC50,"BindingDB,ChEMBL,Papyrus",0.00013919033531304
Cc1nc(NC(=O)C(C)(C)C)sc1-c1nc(N)sc1-n1cc(-c2ccccc2)nn1,Cc1nc(NC(=O)C(C)(C)C)sc1-c1nc(N)sc1-n1cc(-c2ccccc2)nn1,5.823908740944319,0.0022567126363947855,3.0,EC50,"BindingDB,ChEMBL,Papyrus",0.0022567126363947855
Cc1nc(NC(=O)c2ccc(Cl)cc2)sc1-c1csc(Nc2ccc(Cl)cc2)n1,Cc1nc(NC(=O)c2ccc(Cl)cc2)sc1-c1csc(Nc2ccc(Cl)cc2)n1,5.958607314841775,0.0008040671509977246,3.0,Kd,"BindingDB,ChEMBL,Papyrus",0.0008040671509977246
Cc1nc(NC(=O)c2ccc(F)cc2)sc1-c1csc(Nc2cc(N(C)C)ccc2Cl)n1,Cc1nc(NC(=O)c2ccc(F)cc2)sc1-c1csc(Nc2cc(N(C)C)ccc2Cl)n1,5.85,0.0,1.0,EC50,Papyrus,0.0
Cc1nc(NC(=O)c2ccc([19F])cc2)sc1-c1csc(Nc2cc(N(C)C)ccc2Cl)n1,Cc1nc(NC(=O)c2ccc([19F])cc2)sc1-c1csc(Nc2cc(N(C)C)ccc2Cl)n1,5.853871964321762,0.0,2.0,EC50,"BindingDB,ChEMBL",0.0
Cc1nc(NC(=O)c2ccc([N+](=O)[O-])cc2)sc1-c1csc(Nc2ccc(Cl)cc2)n1,Cc1nc(NC(=O)c2ccc([N+](=O)[O-])cc2)sc1-c1csc(Nc2ccc(Cl)cc2)n1,6.096910013008056,0.0017840048215910312,3.0,Kd,"BindingDB,ChEMBL,Papyrus",0.0017840048215910312
Cc1nc([N+](=O)[O-])c(Sc2nc3cc([N+](=O)[O-])ccc3[nH]2)n1Cc1ccccc1,Cc1nc([N+](=O)[O-])c(Sc2nc3cc([N+](=O)[O-])ccc3[nH]2)n1Cc1ccccc1,5.456,0.0,1.0,other,Papyrus,0.0
Cc1nc([N+](=O)[O-])c(Sc2nc3ccccc3n2C)n1Cc1ccccc1,Cc1nc([N+](=O)[O-])c(Sc2nc3ccccc3n2C)n1Cc1ccccc1,5.393,0.0,1.0,other,Papyrus,0.0
Cc1nc2c3ccccc3cc[n+]2c(C)c1[O-],Cc1nc2c3ccccc3cc[n+]2c(C)c1[O-],7.795880017344075,0.0,2.0,IC50,"BindingDB,ChEMBL",0.0
Cc1nc2cccc[n+]2c(C)c1[O-],Cc1nc2cccc[n+]2c(C)c1[O-],8.301029995663981,0.0,2.0,IC50,"BindingDB,ChEMBL",0.0
Cc1nc2sc(C(N)=O)c(N)c2c2c1CCCC2,Cc1nc2sc(C(N)=O)c(N)c2c2c1CCCC2,5.928,0.0,1.0,other,Papyrus,0.0
Cc1ncc(CC(=O)n2cc(C(=O)c3cc(Cl)ccc3O)cn2)s1,Cc1ncc(CC(=O)n2cc(C(=O)c3cc(Cl)ccc3O)cn2)s1,5.121,0.0,1.0,other,Papyrus,0.0
Cc1ncc(CO)c2c1Oc1nc(-c3ccccc3F)nc(SCC(=O)N(C)c3ccccc3)c1C2,Cc1ncc(CO)c2c1Oc1nc(-c3ccccc3F)nc(SCC(=O)N(C)c3ccccc3)c1C2,5.38,0.0,1.0,other,Papyrus,0.0
Cc1ncccc1CNC(=O)c1ccc2c(c1)CC[C@@H]1C[C@@](O)(CCC(F)(F)F)CC[C@@]21Cc1ccccc1,Cc1ncccc1CNC(=O)c1ccc2c(c1)CC[C@@H]1C[C@@](O)(CCC(F)(F)F)CC[C@@]21Cc1ccccc1,6.3979400086720375,0.0,2.0,EC50,"BindingDB,ChEMBL",0.0
Cc1nn(-c2ccc(F)cc2)c2nc(C(=O)NS(C)(=O)=O)cc(-c3ccc(N4CCOCC4)cc3)c12,Cc1nn(-c2ccc(F)cc2)c2nc(C(=O)NS(C)(=O)=O)cc(-c3ccc(N4CCOCC4)cc3)c12,5.8996294548824375,0.0,1.0,EC50,ChEMBL,0.0
Cc1nn(-c2ccc(F)cc2)c2nc(C(=O)O)cc(-c3ccc(N4CCOCC4)cc3)c12,Cc1nn(-c2ccc(F)cc2)c2nc(C(=O)O)cc(-c3ccc(N4CCOCC4)cc3)c12,6.087379994504759,0.00056278482035969,3.0,EC50,"BindingDB,ChEMBL",0.00112556964071938
Cc1nn(-c2cccc(F)c2)c2nc(C(=O)O)cc(-c3ccc(N4CCOCC4)cc3)c12,Cc1nn(-c2cccc(F)c2)c2nc(C(=O)O)cc(-c3ccc(N4CCOCC4)cc3)c12,6.029653123769907,0.0,2.0,EC50,"BindingDB,ChEMBL",0.0
Cc1nn(-c2ccccc2)c(Cl)c1C(=O)N1CCN(c2ncnc3c2cnn3-c2ccccc2)CC1,Cc1nn(-c2ccccc2)c(Cl)c1C(=O)N1CCN(c2ncnc3c2cnn3-c2ccccc2)CC1,5.497999999999999,0.0,1.0,other,Papyrus,0.0
Cc1nn(-c2ccccc2)c(N2CCCC2)c1C=NNC(=O)c1cc(-c2ccccc2)nc2ccccc12,Cc1nn(-c2ccccc2)c(N2CCCC2)c1C=NNC(=O)c1cc(-c2ccccc2)nc2ccccc12,5.25,0.0,1.0,other,Papyrus,0.0
Cc1nn(-c2ccccc2)c2nc(C(=O)NC#N)cc(-c3ccc(N4CCOCC4)cc3)c12,Cc1nn(-c2ccccc2)c2nc(C(=O)NC#N)cc(-c3ccc(N4CCOCC4)cc3)c12,5.525929496784956,0.0,2.0,EC50,"BindingDB,ChEMBL",0.0
Cc1nn(-c2ccccc2)c2nc(C(=O)NCC(F)(F)F)cc(-c3ccc(N4CCOCC4)cc3)c12,Cc1nn(-c2ccccc2)c2nc(C(=O)NCC(F)(F)F)cc(-c3ccc(N4CCOCC4)cc3)c12,5.0,0.0,2.0,EC50,"BindingDB,ChEMBL",0.0
Cc1nn(-c2ccccc2)c2nc(C(=O)NS(C)(=O)=O)cc(-c3ccc(N4CCOCC4)cc3)c12,Cc1nn(-c2ccccc2)c2nc(C(=O)NS(C)(=O)=O)cc(-c3ccc(N4CCOCC4)cc3)c12,5.898596649444669,0.0,2.0,EC50,"BindingDB,ChEMBL",0.0
Cc1nn(-c2ccccc2)c2nc(C(=O)O)cc(-c3ccc(N(C)C4CCOCC4)cc3)c12,Cc1nn(-c2ccccc2)c2nc(C(=O)O)cc(-c3ccc(N(C)C4CCOCC4)cc3)c12,6.151810883008602,0.0,2.0,EC50,"BindingDB,ChEMBL",0.0
Cc1nn(-c2ccccc2)c2nc(C(=O)O)cc(-c3ccc(N4CCC(O)CC4)cc3)c12,Cc1nn(-c2ccccc2)c2nc(C(=O)O)cc(-c3ccc(N4CCC(O)CC4)cc3)c12,5.537152964168326,0.0,2.0,EC50,"BindingDB,ChEMBL",0.0
Cc1nn(-c2ccccc2)c2nc(C(=O)O)cc(-c3ccc(N4CCOCC4)cc3)c12,Cc1nn(-c2ccccc2)c2nc(C(=O)O)cc(-c3ccc(N4CCOCC4)cc3)c12,5.892027515306836,0.0003594530395232456,3.0,EC50,"BindingDB,ChEMBL",0.0007189060790461772
Cc1nn(-c2ccccc2)c2nc(C(=O)O)cc(-c3ccc(N4CCOCC4)nc3)c12,Cc1nn(-c2ccccc2)c2nc(C(=O)O)cc(-c3ccc(N4CCOCC4)nc3)c12,5.576590272266906,0.0,2.0,EC50,"BindingDB,ChEMBL",0.0
Cc1nn(-c2ccccc2)c2nc(C(C)(C)O)cc(-c3ccc(N4CCOCC4)cc3)c12,Cc1nn(-c2ccccc2)c2nc(C(C)(C)O)cc(-c3ccc(N4CCOCC4)cc3)c12,5.0,0.0,2.0,EC50,"BindingDB,ChEMBL",0.0
Cc1nn(-c2ccccc2)c2nc(C(C)O)cc(-c3ccc(N4CCOCC4)cc3)c12,Cc1nn(-c2ccccc2)c2nc(C(C)O)cc(-c3ccc(N4CCOCC4)cc3)c12,5.0,0.0,2.0,EC50,"BindingDB,ChEMBL",0.0
Cc1nn(-c2ccccc2)c2nc(CC(=O)O)cc(-c3ccc(N4CCOCC4)cc3)c12,Cc1nn(-c2ccccc2)c2nc(CC(=O)O)cc(-c3ccc(N4CCOCC4)cc3)c12,5.0,0.0,2.0,EC50,"BindingDB,ChEMBL",0.0
Cc1nn(-c2ccccc2)c2nc(CO)cc(-c3ccc(N4CCOCC4)cc3)c12,Cc1nn(-c2ccccc2)c2nc(CO)cc(-c3ccc(N4CCOCC4)cc3)c12,5.0,0.0,2.0,EC50,"BindingDB,ChEMBL",0.0
Cc1nn(-c2ccccn2)c2c1-c1nc(N)ncc1CC2,Cc1nn(-c2ccccn2)c2c1-c1nc(N)ncc1CC2,5.17,0.0,1.0,other,Papyrus,0.0
Cc1nn(-c2nccs2)c2c1C(=O)CC(C)(C)C2Br,Cc1nn(-c2nccs2)c2c1C(=O)CC(C)(C)C2Br,5.292000000000001,0.0,1.0,other,Papyrus,0.0
Cc1nn(C)c(C)c1S(=O)(=O)NC(=O)c1ccc(-n2ccc(OCC(C)(C)C(F)(F)F)n2)nc1N1C[C@@H](C)CC1(C)C,Cc1nn(C)c(C)c1S(=O)(=O)NC(=O)c1ccc(-n2ccc(OCC(C)(C)C(F)(F)F)n2)nc1N1C[C@@H](C)CC1(C)C,7.045757490560675,0.0,1.0,EC50,ChEMBL,0.0
Cc1nn(C)cc1S(=O)(=O)NC(=O)c1ccc(-n2ccc(OCC(C)(C)C(F)(F)F)n2)nc1N1CC(C)CC1(C)C,Cc1nn(C)cc1S(=O)(=O)NC(=O)c1ccc(-n2ccc(OCC(C)(C)C(F)(F)F)n2)nc1N1CC(C)CC1(C)C,7.15,0.0,1.0,other,Papyrus,0.0
Cc1nn(C)cc1S(=O)(=O)NC(=O)c1ccc(-n2ccc(OCC(C)(C)C(F)(F)F)n2)nc1N1C[C@@H](C)CC1(C)C,Cc1nn(C)cc1S(=O)(=O)NC(=O)c1ccc(-n2ccc(OCC(C)(C)C(F)(F)F)n2)nc1N1C[C@@H](C)CC1(C)C,7.154901959985743,0.0,1.0,EC50,ChEMBL,0.0
Cc1nn(C)cc1S(=O)(=O)NC(=O)c1ccc(-n2ccc(OCC3(C(F)(F)F)CC3)n2)nc1N1C[C@@H](C)CC1(C)C,Cc1nn(C)cc1S(=O)(=O)NC(=O)c1ccc(-n2ccc(OCC3(C(F)(F)F)CC3)n2)nc1N1C[C@@H](C)CC1(C)C,6.657577319177793,0.0,1.0,EC50,ChEMBL,0.0
Cc1nn(C)cc1S(=O)(=O)NC(=O)c1ccc(-n2ccc(OCC3(C(F)(F)F)CCC3)n2)nc1N1C[C@@H](C)CC1(C)C,Cc1nn(C)cc1S(=O)(=O)NC(=O)c1ccc(-n2ccc(OCC3(C(F)(F)F)CCC3)n2)nc1N1C[C@@H](C)CC1(C)C,6.886056647693163,0.0,1.0,EC50,ChEMBL,0.0
Cc1nn(C)cc1S(=O)(=O)NC(=O)c1ccc(-n2ccc(OCCC3(C(F)(F)F)CC3)n2)nc1N1C[C@@H](C)CC1(C)C,Cc1nn(C)cc1S(=O)(=O)NC(=O)c1ccc(-n2ccc(OCCC3(C(F)(F)F)CC3)n2)nc1N1C[C@@H](C)CC1(C)C,6.886056647693163,0.0,1.0,EC50,ChEMBL,0.0
Cc1nn(C2CC2)c2nc(C(=O)O)cc(-c3ccc(N4CCOCC4)cc3)c12,Cc1nn(C2CC2)c2nc(C(=O)O)cc(-c3ccc(N4CCOCC4)cc3)c12,5.0,0.0,2.0,EC50,"BindingDB,ChEMBL",0.0
Cc1nn(C2CCCCC2)c2nc(C(=O)O)cc(-c3ccc(N4CCOCC4)cc3)c12,Cc1nn(C2CCCCC2)c2nc(C(=O)O)cc(-c3ccc(N4CCOCC4)cc3)c12,5.714217726220605,0.0,2.0,EC50,"BindingDB,ChEMBL",0.0
Cc1nn(C2CCN(C)CC2)c2nc(C(=O)O)cc(-c3ccc(N4CCOCC4)cc3)c12,Cc1nn(C2CCN(C)CC2)c2nc(C(=O)O)cc(-c3ccc(N4CCOCC4)cc3)c12,5.0,0.0,2.0,EC50,"BindingDB,ChEMBL",0.0
Cc1nn(C2CCOCC2)c2nc(C(=O)O)cc(-c3ccc(N4CCOCC4)cc3)c12,Cc1nn(C2CCOCC2)c2nc(C(=O)O)cc(-c3ccc(N4CCOCC4)cc3)c12,5.0,0.0,2.0,EC50,"BindingDB,ChEMBL",0.0
Cc1nn2cc1S(=O)(=O)NC(=O)c1ccc(-n3ccc(OCC(C)(C)C(F)(F)F)n3)nc1N1CC(CCC2)CC1(C)C,Cc1nn2CCCC3CN(c4nc(ccc4C(=O)NS(=O)(=O)c1c2)-n1ccc(OCC(C)(C)C(F)(F)F)n1)C(C)(C)C3,5.698970004336019,0.0,1.0,EC50,BindingDB,0.0
Cc1nn2cc1S(=O)(=O)NC(=O)c1ccc(-n3ccc(OCCC4(C(F)(F)F)CC4)n3)nc1N1CC(CCC2)CC1(C)C,Cc1nn2CCCC3CN(c4nc(ccc4C(=O)NS(=O)(=O)c1c2)-n1ccc(OCCC2(CC2)C(F)(F)F)n1)C(C)(C)C3,5.698970004336019,0.0,1.0,EC50,BindingDB,0.0
Cc1nnc(NC(=O)Nc2ccc(Cl)c(Cl)c2)s1,Cc1nnc(NC(=O)Nc2ccc(Cl)c(Cl)c2)s1,5.556,0.0,1.0,other,Papyrus,0.0
Cc1nnc(SCC(=O)N2CCC(c3noc4ccc(F)cc34)CC2)s1,Cc1nnc(SCC(=O)N2CCC(c3noc4ccc(F)cc34)CC2)s1,5.928,0.0,1.0,other,Papyrus,0.0
Cc1nnc(Sc2nc3ccccc3o2)c2ccccc12,Cc1nnc(Sc2nc3ccccc3o2)c2ccccc12,5.182,0.0,1.0,other,Papyrus,0.0
Cc1ns/c(=N\C(=N\c2ccccc2)c2ccccc2)n1Cc1cccc(O)c1,Cc1ns/c(=N\C(=N\c2ccccc2)c2ccccc2)n1Cc1cccc(O)c1,5.795880017344075,0.0,2.0,EC50,"BindingDB,ChEMBL",0.0
Cc1ns/c(=N\C(=N\c2ccccc2)c2ccccc2)n1Cc1ccccc1,Cc1ns/c(=N\C(=N\c2ccccc2)c2ccccc2)n1Cc1ccccc1,5.585026652029182,0.0,2.0,EC50,"BindingDB,ChEMBL",0.0
Cc1sc(NC(=O)C2(c3ccc4c(c3)OC(F)(F)O4)CC2)nc1-c1ccc(Br)cc1,Cc1sc(NC(=O)C2(c3ccc4c(c3)OC(F)(F)O4)CC2)nc1-c1ccc(Br)cc1,5.420102145426883,6.0868440309025115e-05,6.0,EC50,"BindingDB,ChEMBL,Papyrus",0.00016158515141829154
Cc1sc(NC(=O)C2(c3ccc4c(c3)OC(F)(F)O4)CC2)nc1-c1cccc(Cl)c1,Cc1sc(NC(=O)C2(c3ccc4c(c3)OC(F)(F)O4)CC2)nc1-c1cccc(Cl)c1,5.268815977238738,0.0006873616168609601,6.0,EC50,"BindingDB,ChEMBL,Papyrus",0.001710826559570185
Cc1sc(NC(=O)C2(c3ccc4c(c3)OCO4)CC2)nc1-c1ccc(Br)cc1,Cc1sc(NC(=O)C2(c3ccc4c(c3)OCO4)CC2)nc1-c1ccc(Br)cc1,5.720623281343046,0.00037590151602431404,6.0,EC50,"BindingDB,ChEMBL,Papyrus",0.0008812215081288915
Cc1sc(NC(=O)C2(c3ccc4c(c3)OCO4)CC2)nc1-c1ccc(C(=O)O)cc1,Cc1sc(NC(=O)C2(c3ccc4c(c3)OCO4)CC2)nc1-c1ccc(C(=O)O)cc1,5.538803373026826,0.0006915258871605868,6.0,EC50,"BindingDB,ChEMBL,Papyrus",0.0016989950566823906
Cc1sc(NC(=O)C2(c3ccc4c(c3)OCO4)CC2)nc1-c1ccc(Cl)cc1,Cc1sc(NC(=O)C2(c3ccc4c(c3)OCO4)CC2)nc1-c1ccc(Cl)cc1,5.538803373026826,0.0006915258871605868,6.0,EC50,"BindingDB,ChEMBL,Papyrus",0.0016989950566823906
Cc1sc(NC(=O)C2(c3ccc4c(c3)OCO4)CC2)nc1-c1ccc(F)cc1,Cc1sc(NC(=O)C2(c3ccc4c(c3)OCO4)CC2)nc1-c1ccc(F)cc1,6.0479398932618995,0.0012073733801421108,6.0,EC50,"BindingDB,ChEMBL,Papyrus",0.0030863834986319867
Cc1sc(NC(=O)C2(c3ccc4c(c3)OCO4)CC2)nc1-c1ccc(O)cc1,Cc1sc(NC(=O)C2(c3ccc4c(c3)OCO4)CC2)nc1-c1ccc(O)cc1,5.409492895823896,0.0003002905423109037,6.0,EC50,"BindingDB,ChEMBL,Papyrus",0.0007884280920912375
Cc1sc(NC(=O)C2(c3ccc4c(c3)OCO4)CC2)nc1-c1cccc(Cl)c1,Cc1sc(NC(=O)C2(c3ccc4c(c3)OCO4)CC2)nc1-c1cccc(Cl)c1,5.63913585950138,0.0005025066054207049,6.0,EC50,"BindingDB,ChEMBL,Papyrus",0.001221449916691427
Cc1sc(NC(=O)C2(c3ccc4c(c3)OCO4)CC2)nc1-c1cccc(O)c1,Cc1sc(NC(=O)C2(c3ccc4c(c3)OCO4)CC2)nc1-c1cccc(O)c1,5.920410177937011,0.00025147283604207144,6.0,EC50,"BindingDB,ChEMBL,Papyrus",0.0005778137421875514
Cc1sc(NC(=O)C2(c3ccc4c(c3)OCO4)CC2)nc1-c1ccccc1,Cc1sc(NC(=O)C2(c3ccc4c(c3)OCO4)CC2)nc1-c1ccccc1,5.797940446073639,0.0011934583327438456,6.0,EC50,"BindingDB,ChEMBL,Papyrus",0.002913886253652608
Clc1ccc(-c2csc3ncnc(N4CCc5ccccc5C4)c23)cc1,Clc1ccc(-c2csc3ncnc(N4CCc5ccccc5C4)c23)cc1,5.399,0.0,1.0,other,Papyrus,0.0
Clc1ccc(CSc2ncnn2Cc2ccc(Cl)cc2)cc1,Clc1ccc(CSc2ncnn2Cc2ccc(Cl)cc2)cc1,5.312,0.0,1.0,other,Papyrus,0.0
Clc1ccc(CSc2nnc(-c3ccncc3)o2)cc1,Clc1ccc(CSc2nnc(-c3ccncc3)o2)cc1,5.228,0.0,1.0,other,Papyrus,0.0
Clc1ccc(Cn2ncc3c(N4CCN(c5ccccc5)CC4)ncnc32)cc1,Clc1ccc(Cn2ncc3c(N4CCN(c5ccccc5)CC4)ncnc32)cc1,5.327999999999999,0.0,1.0,other,Papyrus,0.0
Clc1cccc(Nc2ncnc3ccc(Br)cc23)c1,Clc1cccc(Nc2ncnc3ccc(Br)cc23)c1,5.452000000000001,0.0,1.0,other,Papyrus,0.0
Clc1ccccc1C1=Nn2c(nnc2-c2ccncc2)SC1,Clc1ccccc1C1=Nn2c(nnc2-c2ccncc2)SC1,6.205,0.0,1.0,other,Papyrus,0.0
Clc1cncc(Cl)c1NN=Cc1ccncc1,Clc1cncc(Cl)c1NN=Cc1ccncc1,5.777,0.0,1.0,other,Papyrus,0.0
Cn1c(=O)c2c(-c3ccccc3)n3c(c2n(C)c1=O)C(c1ccc(Br)o1)Nc1ccc([N+](=O)[O-])cc1-3,Cn1c(=O)c2c(-c3ccccc3)n3c(c2n(C)c1=O)C(c1ccc(Br)o1)Nc1ccc([N+](=O)[O-])cc1-3,6.769551078621726,0.00025918487859128764,3.0,IC50,"BindingDB,ChEMBL,Papyrus",0.00025918487859128764
Cn1c(=O)c2c(-c3ccccc3)n3c(c2n(C)c1=O)C(c1ccc(Br)o1)Nc1ccccc1-3,Cn1c(=O)c2c(-c3ccccc3)n3c(c2n(C)c1=O)C(c1ccc(Br)o1)Nc1ccccc1-3,7.173393743112328,0.07309615649518816,7.0,IC50,"BindingDB,ChEMBL,Papyrus",0.18050491940902555
Cn1c(=O)c2c(-c3ccccc3)n3c(c2n(C)c1=O)C(c1ccc(Br)o1)Oc1ccc(C(=O)O)cc1-3,Cn1c(=O)c2c(-c3ccccc3)n3c(c2n(C)c1=O)C(c1ccc(Br)o1)Oc1ccc(C(=O)O)cc1-3,7.747425010840047,0.0014866706846593742,6.0,IC50,"BindingDB,ChEMBL,Papyrus",0.4942464299119894
Cn1c(=O)c2c(-c3ccccc3)n3c(c2n(C)c1=O)C(c1ccc(Br)o1)Oc1ccc([N+](=O)[O-])cc1-3,Cn1c(=O)c2c(-c3ccccc3)n3c(c2n(C)c1=O)C(c1ccc(Br)o1)Oc1ccc([N+](=O)[O-])cc1-3,7.261439372640169,0.19546806934320704,7.0,IC50,"BindingDB,ChEMBL,Papyrus",0.4817102985721925
Cn1c(=O)c2c(-c3ccccc3)n3c(c2n(C)c1=O)C(c1ccc(Br)o1)Oc1ccccc1-3,Cn1c(=O)c2c(-c3ccccc3)n3c(c2n(C)c1=O)C(c1ccc(Br)o1)Oc1ccccc1-3,6.872363747448347,0.0015220411203487653,6.0,IC50,"BindingDB,ChEMBL,Papyrus",0.24521578314009074
Cn1c(=O)c2c(-c3ccccc3)n3c(c2n(C)c1=O)C(c1ccc(C(F)(F)F)o1)Nc1ccccc1-3,Cn1c(=O)c2c(-c3ccccc3)n3c(c2n(C)c1=O)C(c1ccc(C(F)(F)F)o1)Nc1ccccc1-3,6.455931955649724,0.00234868650070691,3.0,IC50,"BindingDB,ChEMBL,Papyrus",0.00234868650070691
Cn1c(=O)c2c(-c3ccccc3)n3c(c2n(C)c1=O)C(c1ccc(Cl)o1)Nc1ccccc1-3,Cn1c(=O)c2c(-c3ccccc3)n3c(c2n(C)c1=O)C(c1ccc(Cl)o1)Nc1ccccc1-3,6.823908740944319,0.0011020120980155328,4.0,IC50,"BindingDB,ChEMBL,Papyrus",0.002
Cn1c(=O)c2c(-c3ccccc3)n3c(c2n(C)c1=O)C(c1ccc(I)o1)Nc1ccccc1-3,Cn1c(=O)c2c(-c3ccccc3)n3c(c2n(C)c1=O)C(c1ccc(I)o1)Nc1ccccc1-3,6.884775539310863,0.00012959243929551562,6.0,IC50,"BindingDB,ChEMBL,Papyrus",0.16295199502370317
Cn1c(=O)c2c(-c3ccccc3)n3c(c2n(C)c1=O)C(c1ccc(I)o1)Oc1ccccc1-3,Cn1c(=O)c2c(-c3ccccc3)n3c(c2n(C)c1=O)C(c1ccc(I)o1)Oc1ccccc1-3,6.301029995663981,0.0005946682738638907,4.0,IC50,"BindingDB,ChEMBL,Papyrus",0.001
Cn1c(=O)c2c(-c3ccccc3)n3c(c2n(C)c1=O)C(c1ccc(O)cc1)Nc1ccccc1-3,Cn1c(=O)c2c(-c3ccccc3)n3c(c2n(C)c1=O)C(c1ccc(O)cc1)Nc1ccccc1-3,5.346787486224656,0.0018547456929700055,3.0,IC50,"BindingDB,ChEMBL,Papyrus",0.0018547456929700055
Cn1c(=O)c2c(-c3ccccc3)n3c(c2n(C)c1=O)C(c1cccc(F)c1F)Nc1ccccc1-3,Cn1c(=O)c2c(-c3ccccc3)n3c(c2n(C)c1=O)C(c1cccc(F)c1F)Nc1ccccc1-3,5.920818753952375,0.0001046424543860642,4.0,IC50,"BindingDB,ChEMBL,Papyrus",0.0001046424543860642
Cn1c(=O)c2c(-c3ccccc3)n3c(c2n(C)c1=O)C(c1cccc([N+](=O)[O-])c1)Nc1ccccc1-3,Cn1c(=O)c2c(-c3ccccc3)n3c(c2n(C)c1=O)C(c1cccc([N+](=O)[O-])c1)Nc1ccccc1-3,5.920818753952375,0.0001046424543860642,4.0,IC50,"BindingDB,ChEMBL,Papyrus",0.0001046424543860642
Cn1c(=O)c2c(-c3ccccc3)n3c(c2n(C)c1=O)C(c1ccccc1)Nc1ccccc1-3,Cn1c(=O)c2c(-c3ccccc3)n3c(c2n(C)c1=O)C(c1ccccc1)Nc1ccccc1-3,5.6020599913279625,0.0006119862785377065,4.0,IC50,"BindingDB,ChEMBL,Papyrus",0.001
Cn1c(=O)c2c(-c3ccccc3)n3c(c2n(C)c1=O)C(c1ccccc1F)Nc1ccccc1-3,Cn1c(=O)c2c(-c3ccccc3)n3c(c2n(C)c1=O)C(c1ccccc1F)Nc1ccccc1-3,5.698970004336019,0.0005946682738638907,3.0,IC50,"BindingDB,ChEMBL,Papyrus",0.0005946682738638907
Cn1c(=O)c2c(-c3ccccc3)n3c(c2n(C)c1=O)[C@H](c1ccc(Br)o1)Oc1ccc(C(=O)[O-])cc1-3,Cn1c2c3[C@@H](Oc4ccc(cc4-n3c(-c3ccccc3)c2c(=O)n(C)c1=O)C([O-])=O)c1ccc(Br)o1 |r|,8.397940008672037,0.0,1.0,IC50,BindingDB,0.0
Cn1c(=O)c2c(-c3ccccc3F)n3c(c2n(C)c1=O)C(c1cccc(Cl)c1)Nc1ccccc1-3,Cn1c(=O)c2c(-c3ccccc3F)n3c(c2n(C)c1=O)C(c1cccc(Cl)c1)Nc1ccccc1-3,5.6020599913279625,0.0011893365477277172,3.0,IC50,"BindingDB,ChEMBL,Papyrus",0.0011893365477277172
Cn1c(=O)c2c(nc(Oc3ccc4ccccc4c3)n2C)n(C)c1=O,Cn1c(=O)c2c(nc(Oc3ccc4ccccc4c3)n2C)n(C)c1=O,5.016,0.0,1.0,other,Papyrus,0.0
Cn1c(Cl)cnc1C=CC(=O)c1ccc(O)cc1,Cn1c(Cl)cnc1C=CC(=O)c1ccc(O)cc1,5.442,0.0,1.0,other,Papyrus,0.0
Cn1c(N2CCN(C(c3ccccc3)c3ccccc3)CC2)nc2c1c(=O)[nH]c(=O)n2C,Cn1c(N2CCN(C(c3ccccc3)c3ccccc3)CC2)nc2c1c(=O)[nH]c(=O)n2C,5.433,0.0,1.0,other,Papyrus,0.0
Cn1c(Oc2ccc(Cl)cc2)c(C=O)c2ccccc21,Cn1c(Oc2ccc(Cl)cc2)c(C=O)c2ccccc21,5.402,0.0,1.0,other,Papyrus,0.0
Cn1c(SC2=CS(=O)(=O)c3ccccc32)nc2ccccc21,Cn1c(SC2=CS(=O)(=O)c3ccccc32)nc2ccccc21,5.738,0.0,1.0,other,Papyrus,0.0
Cn1c(Sc2ccc(Br)cc2)c(C=O)c2ccccc21,Cn1c(Sc2ccc(Br)cc2)c(C=O)c2ccccc21,5.854,0.0,1.0,other,Papyrus,0.0
Cn1c(Sc2ccc(Cl)cc2)c(C=O)c2ccccc21,Cn1c(Sc2ccc(Cl)cc2)c(C=O)c2ccccc21,5.606,0.0,1.0,other,Papyrus,0.0
Cn1ccc2ccc(NC(=O)c3c[nH]c4ccccc4c3=O)cc21,Cn1ccc2ccc(NC(=O)c3c[nH]c4ccccc4c3=O)cc21,5.1938200260161125,0.002205493048713688,3.0,EC50,"BindingDB,ChEMBL,Papyrus",0.002205493048713688
Cn1cccc1C(=O)NC(=O)COC(=O)c1ccc(S(C)(=O)=O)c([N+](=O)[O-])c1,Cn1cccc1C(=O)NC(=O)COC(=O)c1ccc(S(C)(=O)=O)c([N+](=O)[O-])c1,5.279,0.0,1.0,other,Papyrus,0.0
Cn1ncc2c(ON=C(N)c3ccc(C(C)(C)C)cc3)ncnc21,Cn1ncc2c(ON=C(N)c3ccc(C(C)(C)C)cc3)ncnc21,5.082,0.0,1.0,other,Papyrus,0.0
FC(F)(F)c1nnc2c(Sc3ccc(Cl)cc3)nc3ccccc3n12,FC(F)(F)c1nnc2c(Sc3ccc(Cl)cc3)nc3ccccc3n12,6.066,0.0,1.0,other,Papyrus,0.0
FC(F)(F)c1nnc2c(Sc3ccccc3)nc3ccccc3n12,FC(F)(F)c1nnc2c(Sc3ccccc3)nc3ccccc3n12,5.559,0.0,1.0,other,Papyrus,0.0
FC(F)Sc1ccc(NC(=S)NC(c2ccccc2)c2ccccc2)cc1,FC(F)Sc1ccc(NC(=S)NC(c2ccccc2)c2ccccc2)cc1,5.185,0.0,1.0,other,Papyrus,0.0
FC(F)Sc1ccc(NC(=S)NCC2CCCCC2)cc1,FC(F)Sc1ccc(NC(=S)NCC2CCCCC2)cc1,5.257000000000001,0.0,1.0,other,Papyrus,0.0
Fc1ccc(-n2cc(-c3ccccc3)c3c(N4CCOCC4)ncnc32)cc1,Fc1ccc(-n2cc(-c3ccccc3)c3c(N4CCOCC4)ncnc32)cc1,5.492999999999999,0.0,1.0,other,Papyrus,0.0
Fc1ccc(CN2CCC3(CC2)NCCc2c3[nH]c3ccc(Cl)cc23)c(F)c1,Fc1ccc(CN2CCC3(CC2)NCCc2c3[nH]c3ccc(Cl)cc23)c(F)c1,5.6020599913279625,0.0,1.0,EC50,ChEMBL,0.0
Fc1ccc(CN2CCC3(CC2)NCCc2c3[nH]c3ccccc23)c(F)c1,Fc1ccc(CN2CCC3(CC2)NCCc2c3[nH]c3ccccc23)c(F)c1,5.086186147616283,0.0,1.0,EC50,ChEMBL,0.0
Fc1ccc(CN2CCc3nc(-c4ccccn4)nc(NCCCN4CCCC4)c3C2)cc1,Fc1ccc(CN2CCc3nc(-c4ccccn4)nc(NCCCN4CCCC4)c3C2)cc1,6.699991797446187,0.0005923145996422622,3.0,EC50,"BindingDB,ChEMBL,Papyrus",0.0005923145996422622
Fc1ccc(CN2CCc3nc(-c4ccccn4)nc(NCCN4CCCC4)c3C2)cc1,Fc1ccc(CN2CCc3nc(-c4ccccn4)nc(NCCN4CCCC4)c3C2)cc1,6.5,0.0,6.0,EC50,"BindingDB,ChEMBL,Papyrus",0.28138607863743126
Fc1ccc(Nc2ccnc(Nc3ccc(F)cc3)n2)cc1,Fc1ccc(Nc2ccnc(Nc3ccc(F)cc3)n2)cc1,5.102,0.0,1.0,other,Papyrus,0.0
Fc1cccc(Cl)c1C=NNc1c(Cl)cncc1Cl,Fc1cccc(Cl)c1C=NNc1c(Cl)cncc1Cl,5.234,0.0,1.0,other,Papyrus,0.0
Fc1ccccc1-c1csc(=Nc2cccnc2)n1CCCn1ccnc1,Fc1ccccc1-c1csc(=Nc2cccnc2)n1CCCn1ccnc1,5.228,0.0,1.0,other,Papyrus,0.0
N#CC(C#N)=C1SC(=Nc2ccccc2)C(=Nc2ccccc2)N1c1ccccc1,N#CC(C#N)=C1SC(=Nc2ccccc2)C(=Nc2ccccc2)N1c1ccccc1,5.09,0.0,1.0,other,Papyrus,0.0
N#CC1CCN(c2ccc(-c3cc(C(=O)O)nc4c3c(C3CCC3)nn4-c3ccccc3)cn2)CC1,N#CC1CCN(c2ccc(-c3cc(C(=O)O)nc4c3c(C3CCC3)nn4-c3ccccc3)cn2)CC1,6.3616886878991465,0.0,4.0,EC50,"BindingDB,ChEMBL",0.10750631964923052
N#CC1c2ccccc2-n2nncc2CN1Cc1cc(Cl)cc(Cl)c1,N#CC1c2ccccc2-n2nncc2CN1Cc1cc(Cl)cc(Cl)c1,5.666,0.0,1.0,other,Papyrus,0.0
N#CCc1ccccc1NC(=O)c1c[nH]c2ccccc2c1=O,N#CCc1ccccc1NC(=O)c1c[nH]c2ccccc2c1=O,5.070581074285707,0.0003354833952720262,3.0,EC50,"BindingDB,ChEMBL,Papyrus",0.0003354833952720262
N#Cc1c(-c2ccc(Cl)cc2)n(O)c2ccccc12,N#Cc1c(-c2ccc(Cl)cc2)n(O)c2ccccc12,5.545,0.0,1.0,other,Papyrus,0.0
N#Cc1c(-c2cnc(C(F)(F)F)nc2)c2c(N)ncnn2c1Cc1cc(-c2ccccc2F)no1,N#Cc1c(-c2cnc(C(F)(F)F)nc2)c2c(N)ncnn2c1Cc1cc(-c2ccccc2F)no1,8.365243527891042,0.0,4.0,EC50,"BindingDB,ChEMBL",0.046239806562356364
N#Cc1c(-c2cnc(C(F)(F)F)nc2)c2c(N)ncnn2c1Cc1cn(-c2ccccc2F)nn1,N#Cc1c(-c2cnc(C(F)(F)F)nc2)c2c(N)ncnn2c1Cc1cn(-c2ccccc2F)nn1,7.599837394049787,0.0,4.0,EC50,"BindingDB,ChEMBL",0.046395658756295366
N#Cc1c(-c2cnc(C(F)(F)F)nc2)c2c(N)ncnn2c1Cc1cnn(-c2ccccc2F)c1,N#Cc1c(-c2cnc(C(F)(F)F)nc2)c2c(N)ncnn2c1Cc1cnn(-c2ccccc2F)c1,9.154813346541971,0.0,4.0,EC50,"BindingDB,ChEMBL",0.12630595570823244
N#Cc1c(-c2cnc(C(F)F)nc2)c2c(N)ncnn2c1Cc1cnn(-c2ccccc2F)c1,N#Cc1c(-c2cnc(C(F)F)nc2)c2c(N)ncnn2c1Cc1cnn(-c2ccccc2F)c1,9.183013422105162,0.0,4.0,EC50,"BindingDB,ChEMBL",0.28878625775932065
N#Cc1c(Br)n(C2OC(CO)C(O)C2O)c2ncnc(N)c12,N#Cc1c(Br)n(C2OC(CO)C(O)C2O)c2ncnc(N)c12,6.353,0.0,1.0,other,Papyrus,0.0
N#Cc1ccc2[nH]c3c(c2c1)CN(C(=O)c1cc(C(F)(F)F)[nH]n1)CC3,N#Cc1ccc2[nH]c3c(c2c1)CN(C(=O)c1cc(C(F)(F)F)[nH]n1)CC3,5.721246399047171,0.0007196088254020293,3.0,EC50,"BindingDB,ChEMBL,Papyrus",0.0007196088254020293
N#Cc1cccc(-c2nc3ccccc3n(Cc3ccccc3)c2=O)c1,N#Cc1cccc(-c2nc3ccccc3n(Cc3ccccc3)c2=O)c1,6.0,0.0,3.0,EC50,"BindingDB,ChEMBL,Papyrus",0.0
N#Cc1cccc(NC(=O)COC(=O)c2ccccc2C(=O)c2ccc(Cl)c([N+](=O)[O-])c2)c1,N#Cc1cccc(NC(=O)COC(=O)c2ccccc2C(=O)c2ccc(Cl)c([N+](=O)[O-])c2)c1,5.575,0.0,1.0,other,Papyrus,0.0
N#Cc1ccsc1NC(=O)c1ccc(Cl)c([N+](=O)[O-])c1,N#Cc1ccsc1NC(=O)c1ccc(Cl)c([N+](=O)[O-])c1,5.305,0.0,1.0,other,Papyrus,0.0
N=C(N)NN=C(c1ccc(F)cc1)c1ccc(C(F)(F)F)cc1,N=C(N)NN=C(c1ccc(F)cc1)c1ccc(C(F)(F)F)cc1,5.231,0.0,1.0,other,Papyrus,0.0
NC(=O)C1CCC(c2nc(-c3ccccn3)nc3c2CN(Cc2ccccc2)CC3)CC1,NC(=O)C1CCC(c2nc(-c3ccccn3)nc3c2CN(Cc2ccccc2)CC3)CC1,5.853871964321762,0.0022354796434619563,3.0,EC50,"BindingDB,ChEMBL,Papyrus",0.0022354796434619563
NC(=O)C1CCN(c2nc(-c3ccccn3)nc3c2CN(Cc2ccccc2)CC3)CC1,NC(=O)C1CCN(c2nc(-c3ccccn3)nc3c2CN(Cc2ccccc2)CC3)CC1,5.853871964321762,0.0022354796434619563,8.0,EC50,"BindingDB,ChEMBL,Papyrus",0.002317556824995334
NC(=O)CN1CCN(c2nc(-c3ccccn3)nc3c2CN(Cc2ccccc2)CC3)CC1,NC(=O)CN1CCN(c2nc(-c3ccccn3)nc3c2CN(Cc2ccccc2)CC3)CC1,5.5514212101734035,0.0008291176770452079,6.0,EC50,"BindingDB,ChEMBL,Papyrus",0.002009255917463624
NC(=O)NN=Cc1c(Sc2nnnn2-c2ccccc2)nc2ccccn2c1=O,NC(=O)NN=Cc1c(Sc2nnnn2-c2ccccc2)nc2ccccn2c1=O,6.185,0.0,1.0,other,Papyrus,0.0
NC(=O)c1c(Br)n(C2OC(CO)C(O)C2O)c2ncnc(N)c12,NC(=O)c1c(Br)n(C2OC(CO)C(O)C2O)c2ncnc(N)c12,5.692,0.0,1.0,other,Papyrus,0.0
NC(=O)c1c(NC(=O)c2ccccc2Cl)sc2c1CCCC2,NC(=O)c1c(NC(=O)c2ccccc2Cl)sc2c1CCCC2,6.486782399932061,0.0018576822653694138,7.0,EC50,"BindingDB,ChEMBL,Papyrus",0.0018576822653694138
NC(=O)c1cc(S(=O)(=O)N2CCCCC2)sc1NC(=O)c1cc[nH]n1,NC(=O)c1cc(S(=O)(=O)N2CCCCC2)sc1NC(=O)c1cc[nH]n1,7.89,0.0,1.0,EC50,Papyrus,0.0
NC(=O)c1cc(S(=O)(=O)N2CCCCC2)sc1NC(=O)c1ccn[nH]1,NC(=O)c1cc(S(=O)(=O)N2CCCCC2)sc1NC(=O)c1ccn[nH]1,7.886056647693163,0.0,2.0,EC50,"BindingDB,ChEMBL",0.0
NC(=O)c1cc(S(=O)(=O)c2ccc(F)cc2)sc1NC(=O)C1(O)CC1,NC(=O)c1cc(S(=O)(=O)c2ccc(F)cc2)sc1NC(=O)C1(O)CC1,7.102372908709558,0.001369999482226089,3.0,EC50,"BindingDB,ChEMBL,Papyrus",0.001369999482226089
NC(=O)c1cc(S(=O)(=O)c2ccc(F)cc2)sc1NC(=O)c1cc[nH]n1,NC(=O)c1cc(S(=O)(=O)c2ccc(F)cc2)sc1NC(=O)c1cc[nH]n1,7.54,0.0,1.0,EC50,Papyrus,0.0
NC(=O)c1cc(S(=O)(=O)c2ccc(F)cc2)sc1NC(=O)c1ccn[nH]1,NC(=O)c1cc(S(=O)(=O)c2ccc(F)cc2)sc1NC(=O)c1ccn[nH]1,7.5376020021010435,0.0,2.0,EC50,"BindingDB,ChEMBL",0.0
NC(=O)c1cc2ccc(O)cc2oc1=Nc1ccccc1,NC(=O)c1cc2ccc(O)cc2oc1=Nc1ccccc1,5.851,0.0,1.0,other,Papyrus,0.0
NC(=O)c1ccc(-n2cnc3c(N)nc(Cl)nc32)cc1,NC(=O)c1ccc(-n2cnc3c(N)nc(Cl)nc32)cc1,5.82102305270683,0.0005906597556836085,3.0,EC50,"BindingDB,ChEMBL,Papyrus",0.0005906597556836085
NC(=O)c1ccc(-n2cnc3c(N)nc(NCCCc4ccccc4)nc32)cc1,NC(=O)c1ccc(-n2cnc3c(N)nc(NCCCc4ccccc4)nc32)cc1,6.060480747381382,0.00027755963005325705,3.0,EC50,"BindingDB,ChEMBL,Papyrus",0.00027755963005325705
NC(=O)c1nsc(C(=O)N(c2ccccc2)C(C(=O)NCc2ccc(F)cc2)c2ccc(O)cc2)c1N,NC(=O)c1nsc(C(=O)N(c2ccccc2)C(C(=O)NCc2ccc(F)cc2)c2ccc(O)cc2)c1N,5.323,0.0,1.0,other,Papyrus,0.0
NC(=O)c1nsc(C(=O)N(c2ccccc2F)C(C(=O)NCc2ccc(F)cc2)c2ccc(O)cc2)c1N,NC(=O)c1nsc(C(=O)N(c2ccccc2F)C(C(=O)NCc2ccc(F)cc2)c2ccc(O)cc2)c1N,5.682,0.0,1.0,other,Papyrus,0.0
NC(=O)c1sc2nc3c(c(-c4ccccc4)c2c1N)CCC3,NC(=O)c1sc2nc3c(c(-c4ccccc4)c2c1N)CCC3,5.932,0.0,1.0,other,Papyrus,0.0
NC(=O)c1sc2nc3c(c(-c4ccco4)c2c1N)CCCC3,NC(=O)c1sc2nc3c(c(-c4ccco4)c2c1N)CCCC3,5.564,0.0,1.0,other,Papyrus,0.0
NC(=O)c1sc2nccc(Nc3ccccc3)c2c1N,NC(=O)c1sc2nccc(Nc3ccccc3)c2c1N,6.4270000000000005,0.0,1.0,other,Papyrus,0.0
NC(=S)N1OCC2COc3ccc4ccccc4c3C21,NC(=S)N1OCC2COc3ccc4ccccc4c3C21,5.323,0.0,1.0,other,Papyrus,0.0
NC(c1csc(NC(=O)Nc2cccc(Cl)c2)n1)c1ccccc1Cl,NC(c1csc(NC(=O)Nc2cccc(Cl)c2)n1)c1ccccc1Cl,5.122999999999999,0.0,1.0,other,Papyrus,0.0
NS(=O)(=O)c1ccc(CCNC(=O)c2ccc(C#CC3(O)CCCCC3)cc2)cc1,NS(=O)(=O)c1ccc(CCNC(=O)c2ccc(C#CC3(O)CCCCC3)cc2)cc1,5.46,0.0,1.0,other,Papyrus,0.0
Nc1cc(C(F)(F)F)c(-c2ccco2)cc1C(=O)O,Nc1cc(C(F)(F)F)c(-c2ccco2)cc1C(=O)O,5.2343314452409855,0.002500761075862845,3.0,EC50,"BindingDB,ChEMBL,Papyrus",0.002500761075862845
Nc1cc(C(F)(F)F)c(Br)nc1C(=O)NCC(O)(C(F)(F)F)C(F)(F)F,Nc1cc(C(F)(F)F)c(Br)nc1C(=O)NCC(O)(C(F)(F)F)C(F)(F)F,8.0,0.0,3.0,EC50,"BindingDB,ChEMBL,Papyrus",0.0
Nc1cc(C(F)(F)F)c(Br)nc1C(=O)NCC(O)C(F)(F)F,Nc1cc(C(F)(F)F)c(Br)nc1C(=O)NCC(O)C(F)(F)F,7.845,0.0,2.0,EC50,Papyrus,0.205
Nc1cc(C(F)(F)F)c(Br)nc1C(=O)NCCC(F)(F)F,Nc1cc(C(F)(F)F)c(Br)nc1C(=O)NCCC(F)(F)F,7.3979400086720375,0.0011893365477277172,4.0,EC50,"BindingDB,ChEMBL,Papyrus",0.0011893365477277172
Nc1cc(C(F)(F)F)c(Br)nc1C(=O)NC[C@@H](O)C(F)(F)F,Nc1cc(C(F)(F)F)c(Br)nc1C(=O)NC[C@@H](O)C(F)(F)F,8.034318117920506,0.016177715932766294,3.0,EC50,"BindingDB,ChEMBL",0.03235543186553259
Nc1cc(C(F)(F)F)c(Br)nc1C(=O)NC[C@H](O)C(F)(F)F,Nc1cc(C(F)(F)F)c(Br)nc1C(=O)NC[C@H](O)C(F)(F)F,7.638272163982407,0.0,2.0,EC50,"BindingDB,ChEMBL",0.0
Nc1cc(S(=O)(=O)N2CCC(OC(F)(F)F)CC2)cnc1C(=O)NCC(O)C(F)(F)F,Nc1cc(S(=O)(=O)N2CCC(OC(F)(F)F)CC2)cnc1C(=O)NCC(O)C(F)(F)F,8.301029995663981,0.0005946682738633138,3.0,EC50,"BindingDB,ChEMBL,Papyrus",0.0005946682738633138
Nc1cc(S(=O)(=O)c2ccc(C(F)(F)F)cc2)cnc1-c1nnc(CO)o1,Nc1cc(S(=O)(=O)c2ccc(C(F)(F)F)cc2)cnc1-c1nnc(CO)o1,8.795880017344075,0.0,1.0,EC50,ChEMBL,0.0
Nc1cc(S(=O)(=O)c2ccc(F)cc2)cnc1C(=O)N1CC(O)(C(F)(F)F)C1,Nc1cc(S(=O)(=O)c2ccc(F)cc2)cnc1C(=O)N1CC(O)(C(F)(F)F)C1,8.958607314841775,0.0008040671509983015,3.0,EC50,"BindingDB,ChEMBL,Papyrus",0.0008040671509983015
Nc1cc(S(=O)(=O)c2ccc(F)cc2)cnc1C(=O)NCC(O)C(F)(F)F,Nc1cc(S(=O)(=O)c2ccc(F)cc2)cnc1C(=O)NCC(O)C(F)(F)F,8.11,0.0,1.0,EC50,Papyrus,0.0
Nc1cc(S(=O)(=O)c2ccc(F)cc2)cnc1C(=O)NC[C@@H](O)C(F)(F)F,Nc1cc(S(=O)(=O)c2ccc(F)cc2)cnc1C(=O)NC[C@@H](O)C(F)(F)F,8.10790539730952,0.0,2.0,EC50,"BindingDB,ChEMBL",0.0
Nc1cc(S(=O)(=O)c2ccc(OC(F)(F)F)cc2)cnc1-c1nnc(C(O)C(F)(F)F)o1,Nc1cc(S(=O)(=O)c2ccc(OC(F)(F)F)cc2)cnc1-c1nnc(C(O)C(F)(F)F)o1,8.236572006437063,0.0,1.0,EC50,ChEMBL,0.0
Nc1cc(S(=O)(=O)c2ccc(OC(F)(F)F)cc2)cnc1-c1nnc(CO)o1,Nc1cc(S(=O)(=O)c2ccc(OC(F)(F)F)cc2)cnc1-c1nnc(CO)o1,8.2518119729938,0.0,1.0,EC50,ChEMBL,0.0
Nc1cc(S(=O)(=O)c2ccc(OC(F)(F)F)cc2)cnc1-c1nnc([C@@H](O)c2ccccc2)o1,Nc1cc(S(=O)(=O)c2ccc(OC(F)(F)F)cc2)cnc1-c1nnc([C@@H](O)c2ccccc2)o1,8.958607314841775,0.0,1.0,EC50,ChEMBL,0.0
Nc1cc(S(=O)(=O)c2ccc(OC(F)(F)F)cc2)cnc1C(=O)NCC(O)C(F)(F)F,Nc1cc(S(=O)(=O)c2ccc(OC(F)(F)F)cc2)cnc1C(=O)NCC(O)C(F)(F)F,8.47,0.0,1.0,EC50,Papyrus,0.0
Nc1cc(S(=O)(=O)c2ccc(OC(F)(F)F)cc2)cnc1C(=O)NCC1(O)CC1,Nc1cc(S(=O)(=O)c2ccc(OC(F)(F)F)cc2)cnc1C(=O)NCC1(O)CC1,8.55284196865778,0.0016408113695975525,3.0,EC50,"BindingDB,ChEMBL,Papyrus",0.0016408113695975525
Nc1cc(S(=O)(=O)c2ccc(OC(F)(F)F)cc2)cnc1C(=O)NC[C@@H](O)C(F)(F)F,Nc1cc(S(=O)(=O)c2ccc(OC(F)(F)F)cc2)cnc1C(=O)NC[C@@H](O)C(F)(F)F,8.468521082957745,0.0,2.0,EC50,"BindingDB,ChEMBL",0.0
Nc1ccc([N+](=O)[O-])cc1-c1nc2ccccc2n(Cc2ccccc2)c1=O,Nc1ccc([N+](=O)[O-])cc1-c1nc2ccccc2n(Cc2ccccc2)c1=O,6.698970004336019,0.0005946682738638907,8.0,EC50,"BindingDB,ChEMBL,Papyrus",0.0930405208429984
Nc1ccc2cc3ccc(N)cc3nc2c1,Nc1ccc2cc3ccc(N)cc3nc2c1,5.051587034221399,0.0,1.0,IC50,BindingDB,0.0
Nc1cccc(NC(=O)c2c[nH]c3ccccc3c2=O)c1,Nc1cccc(NC(=O)c2c[nH]c3ccccc3c2=O)c1,5.161150909262744,0.0006644777726581294,3.0,EC50,"BindingDB,ChEMBL,Papyrus",0.0006644777726581294
Nc1nc(C=Cc2cccnc2)nc(-c2ccccc2O)n1,Nc1nc(C=Cc2cccnc2)nc(-c2ccccc2O)n1,5.325,0.0,1.0,other,Papyrus,0.0
Nc1nc(N)nc(-c2cc(O)ccc2O)n1,Nc1nc(N)nc(-c2cc(O)ccc2O)n1,5.48,0.0,1.0,other,Papyrus,0.0
Nc1nc(N)nc(-c2cc([N+](=O)[O-])ccc2O)n1,Nc1nc(N)nc(-c2cc([N+](=O)[O-])ccc2O)n1,5.055,0.0,1.0,other,Papyrus,0.0
Nc1nc(N)nc(-c2ccc(Cl)c(Cl)c2)n1,Nc1nc(N)nc(-c2ccc(Cl)c(Cl)c2)n1,5.556,0.0,1.0,other,Papyrus,0.0
Nc1ncc(-c2ccccc2)c(-c2ccc(O)cc2O)n1,Nc1ncc(-c2ccccc2)c(-c2ccc(O)cc2O)n1,5.397,0.0,1.0,other,Papyrus,0.0
Nc1ncc([N+](=O)[O-])c(N2CCCCCC2)n1,Nc1ncc([N+](=O)[O-])c(N2CCCCCC2)n1,5.642,0.0,1.0,other,Papyrus,0.0
Nc1nccc(-c2ccc(-n3cnc4ccccc43)cc2)n1,Nc1nccc(-c2ccc(-n3cnc4ccccc43)cc2)n1,5.672000000000001,0.0,1.0,other,Papyrus,0.0
Nc1ncnc(N2CCc3ccccc32)c1[N+](=O)[O-],Nc1ncnc(N2CCc3ccccc32)c1[N+](=O)[O-],6.186,0.0,1.0,other,Papyrus,0.0
Nc1ncnc(NCc2ccc(F)cc2)c1[N+](=O)[O-],Nc1ncnc(NCc2ccc(F)cc2)c1[N+](=O)[O-],5.478,0.0,1.0,other,Papyrus,0.0
Nc1ncnc(Sc2ccc(Cl)cc2)c1[N+](=O)[O-],Nc1ncnc(Sc2ccc(Cl)cc2)c1[N+](=O)[O-],5.384,0.0,1.0,other,Papyrus,0.0
Nc1ncnc2c1c(-c1ccc(Oc3ccccc3)cc1)cn2C1CCCC1,Nc1ncnc2c1c(-c1ccc(Oc3ccccc3)cc1)cn2C1CCCC1,5.1770000000000005,0.0,1.0,other,Papyrus,0.0
Nc1ncnn2c(Cc3cn(-c4ccccc4F)nn3)nc(-c3ccc(Cl)cc3)c12,Nc1ncnn2c(Cc3cn(-c4ccccc4F)nn3)nc(-c3ccc(Cl)cc3)c12,7.099971555537451,0.0,4.0,EC50,"BindingDB,ChEMBL",0.2325384922606044
O=C(C=Cc1cccc([N+](=O)[O-])c1)NC(=S)Nc1ccc(CN2CCOCC2)cc1,O=C(C=Cc1cccc([N+](=O)[O-])c1)NC(=S)Nc1ccc(CN2CCOCC2)cc1,5.285,0.0,1.0,other,Papyrus,0.0
O=C(C=Cc1cccc([N+](=O)[O-])c1)n1cnc2ccccc21,O=C(C=Cc1cccc([N+](=O)[O-])c1)n1cnc2ccccc21,5.7010000000000005,0.0,1.0,other,Papyrus,0.0
O=C(C=Cc1cccs1)Nc1cccc(NC(=O)C=Cc2cccs2)n1,O=C(C=Cc1cccs1)Nc1cccc(NC(=O)C=Cc2cccs2)n1,5.223,0.0,1.0,other,Papyrus,0.0
O=C(CCCCCCC(=O)Nc1ccccc1)NO,ONC(=O)CCCCCCC(=O)Nc1ccccc1,5.809668301829708,0.0,1.0,IC50,BindingDB,0.0
O=C(CCS(=O)(=O)c1ccccc1)N(CCCN1CCOCC1)c1nc2c(F)cccc2s1,O=C(CCS(=O)(=O)c1ccccc1)N(CCCN1CCOCC1)c1nc2c(F)cccc2s1,5.117,0.0,1.0,other,Papyrus,0.0
O=C(CCl)N(Cc1cc(=O)[nH]c2ccccc12)c1ccccc1,O=C(CCl)N(Cc1cc(=O)[nH]c2ccccc12)c1ccccc1,5.83,0.0,1.0,other,Papyrus,0.0
O=C(CNc1ccc2ccccc2c1)N/N=C/c1cc(Br)c(O)c(Br)c1O,O=C(CNc1ccc2ccccc2c1)N/N=C/c1cc(Br)c(O)c(Br)c1O,5.301029995663981,0.0,2.0,IC50,"BindingDB,ChEMBL",0.0
O=C(COC(=O)c1c2c(nc3ccccc13)CCN(Cc1ccccc1)C2)Nc1c(F)cccc1F,O=C(COC(=O)c1c2c(nc3ccccc13)CCN(Cc1ccccc1)C2)Nc1c(F)cccc1F,5.484,0.0,1.0,other,Papyrus,0.0
O=C(COC(=O)c1ccccc1C(=O)c1ccc(Cl)c([N+](=O)[O-])c1)NC1CCCCCC1,O=C(COC(=O)c1ccccc1C(=O)c1ccc(Cl)c([N+](=O)[O-])c1)NC1CCCCCC1,5.796,0.0,1.0,other,Papyrus,0.0
O=C(COc1ccc(Cl)cc1)Nc1ncc([N+](=O)[O-])s1,O=C(COc1ccc(Cl)cc1)Nc1ncc([N+](=O)[O-])s1,5.9910000000000005,0.0,1.0,other,Papyrus,0.0
O=C(CSc1ccccc1NS(=O)(=O)c1ccc(Cl)cc1)Nc1nnc(C(F)(F)F)s1,O=C(CSc1ccccc1NS(=O)(=O)c1ccc(Cl)cc1)Nc1nnc(C(F)(F)F)s1,5.59,0.0,1.0,other,Papyrus,0.0
O=C(CSc1ccccc1NS(=O)(=O)c1ccccc1)Nc1nnc(C(F)(F)F)s1,O=C(CSc1ccccc1NS(=O)(=O)c1ccccc1)Nc1nnc(C(F)(F)F)s1,5.386,0.0,1.0,other,Papyrus,0.0
O=C(CSc1nc(C2CC2)nc2ccccc12)Nc1cccc(O)c1,O=C(CSc1nc(C2CC2)nc2ccccc12)Nc1cccc(O)c1,5.587999999999999,0.0,1.0,other,Papyrus,0.0
O=C(Cn1c(O)ccc1O)Nc1nc(-c2nc3ccccc3s2)cs1,O=C(Cn1c(O)ccc1O)Nc1nc(-c2nc3ccccc3s2)cs1,5.308,0.0,1.0,other,Papyrus,0.0
O=C(NC1CC(CF)(CF)Oc2cc(F)ccc21)C1(c2ccc3c(c2)OC(F)(F)O3)CC1,O=C(NC1CC(CF)(CF)Oc2cc(F)ccc21)C1(c2ccc3c(c2)OC(F)(F)O3)CC1,5.37,0.0,1.0,EC50,Papyrus,0.0
O=C(NC1CC(c2ccc(Cl)cc2)Oc2ccccc21)C1(c2ccc3c(c2)OC(F)(F)O3)CC1,O=C(NC1CC(c2ccc(Cl)cc2)Oc2ccccc21)C1(c2ccc3c(c2)OC(F)(F)O3)CC1,6.028436073200151,0.0022117264909056206,2.0,EC50,"ChEMBL,Papyrus",0.0022117264909056206
O=C(NC1CC(c2ccc(F)cc2)Oc2ccccc21)C1(c2ccc3c(c2)OC(F)(F)O3)CC1,O=C(NC1CC(c2ccc(F)cc2)Oc2ccccc21)C1(c2ccc3c(c2)OC(F)(F)O3)CC1,5.601029995663981,0.001456633837188021,2.0,EC50,"ChEMBL,Papyrus",0.001456633837188021
O=C(NC1CC(c2cccc(CO)c2)Oc2ccccc21)C1(c2ccc3c(c2)OC(F)(F)O3)CC1,O=C(NC1CC(c2cccc(CO)c2)Oc2ccccc21)C1(c2ccc3c(c2)OC(F)(F)O3)CC1,5.96,0.0,2.0,EC50,Papyrus,0.16
O=C(NC1CC(c2cccc(Cl)c2)Oc2ccccc21)C1(c2ccc3c(c2)OC(F)(F)O3)CC1,O=C(NC1CC(c2cccc(Cl)c2)Oc2ccccc21)C1(c2ccc3c(c2)OC(F)(F)O3)CC1,5.40946769648675,0.0007527908477367748,2.0,EC50,"ChEMBL,Papyrus",0.0007527908477367748
O=C(NC1CC(c2ccccc2)Oc2ccccc21)C1(c2ccc3c(c2)OC(F)(F)O3)CC1,O=C(NC1CC(c2ccccc2)Oc2ccccc21)C1(c2ccc3c(c2)OC(F)(F)O3)CC1,5.601029995663981,0.001456633837188021,2.0,EC50,"ChEMBL,Papyrus",0.001456633837188021
O=C(NC1CCCC(C(F)(F)F)C1)c1ccc([N+](=O)[O-])o1,O=C(NC1CCCC(C(F)(F)F)C1)c1ccc([N+](=O)[O-])o1,5.412000000000001,0.0,1.0,other,Papyrus,0.0
O=C(NC1C[C@H](c2cccc(CO)c2)Oc2ccccc21)C1(c2ccc3c(c2)OC(F)(F)O3)CC1,O=C(NC1C[C@H](c2cccc(CO)c2)Oc2ccccc21)C1(c2ccc3c(c2)OC(F)(F)O3)CC1,5.9604093769761874,0.0,2.0,EC50,ChEMBL,0.23267965180029387
O=C(NCCC1=CCCCC1)c1coc(=O)c(Br)c1,O=C(NCCC1=CCCCC1)c1coc(=O)c(Br)c1,5.521,0.0,1.0,other,Papyrus,0.0
O=C(NCCCCNC(=O)c1nc[nH]c1C(=O)Nc1ccc(Cl)cc1)c1nc[nH]c1C(=O)Nc1ccc(Cl)cc1,O=C(NCCCCNC(=O)c1nc[nH]c1C(=O)Nc1ccc(Cl)cc1)c1nc[nH]c1C(=O)Nc1ccc(Cl)cc1,5.979,0.0,1.0,other,Papyrus,0.0
O=C(NCCCSc1ccccc1)c1cc(Br)ccc1O,O=C(NCCCSc1ccccc1)c1cc(Br)ccc1O,5.319,0.0,1.0,other,Papyrus,0.0
O=C(NCCCSc1ccccc1)c1cc(Cl)ccc1O,O=C(NCCCSc1ccccc1)c1cc(Cl)ccc1O,5.297999999999999,0.0,1.0,other,Papyrus,0.0
O=C(NCCc1ccc(F)cc1)c1coc(=O)c(Br)c1,O=C(NCCc1ccc(F)cc1)c1coc(=O)c(Br)c1,5.363,0.0,1.0,other,Papyrus,0.0
O=C(NCCc1ccccc1)c1coc(=O)c(Br)c1,O=C(NCCc1ccccc1)c1coc(=O)c(Br)c1,5.309,0.0,1.0,other,Papyrus,0.0
O=C(NCc1cccnc1)C(=Cc1ccc(-c2cccc(Cl)c2)o1)S(=O)(=O)c1ccccc1,O=C(NCc1cccnc1)C(=Cc1ccc(-c2cccc(Cl)c2)o1)S(=O)(=O)c1ccccc1,5.767,0.0,1.0,other,Papyrus,0.0
O=C(NCc1ccco1)c1nc(=O)c2nnn(Cc3ccccc3Cl)c2[nH]1,O=C(NCc1ccco1)c1nc(=O)c2nnn(Cc3ccccc3Cl)c2[nH]1,5.836,0.0,1.0,other,Papyrus,0.0
O=C(NCc1nc(-c2ccc(C(F)(F)F)cc2)no1)Nc1cc(Cl)cc(Cl)c1,O=C(NCc1nc(-c2ccc(C(F)(F)F)cc2)no1)Nc1cc(Cl)cc(Cl)c1,5.236000000000001,0.0,1.0,other,Papyrus,0.0
O=C(NN=Cc1ccccc1)c1[nH]c2ccc(Br)cc2c1-c1ccccc1,O=C(NN=Cc1ccccc1)c1[nH]c2ccc(Br)cc2c1-c1ccccc1,5.214,0.0,1.0,other,Papyrus,0.0
O=C(NNC(=S)Nc1cccc(C(F)(F)F)c1)c1cccc(Cl)c1,O=C(NNC(=S)Nc1cccc(C(F)(F)F)c1)c1cccc(Cl)c1,5.318,0.0,1.0,other,Papyrus,0.0
O=C(NNc1ccccc1Br)C(O)(c1cccc(C(F)(F)F)c1)c1cccc(C(F)(F)F)c1,O=C(NNc1ccccc1Br)C(O)(c1cccc(C(F)(F)F)c1)c1cccc(C(F)(F)F)c1,5.242999999999999,0.0,1.0,other,Papyrus,0.0
O=C(N[C@@H]1CC(CF)(CF)Oc2cc(F)ccc21)C1(c2ccc3c(c2)OC(F)(F)O3)CC1,O=C(N[C@@H]1CC(CF)(CF)Oc2cc(F)ccc21)C1(c2ccc3c(c2)OC(F)(F)O3)CC1,5.366531544420414,0.0,1.0,EC50,ChEMBL,0.0
O=C(Nc1cc(-c2cccs2)nn1-c1nc2c(c(=O)[nH]1)CCCC2)C1(c2ccc(Cl)cc2)CCCC1,O=C(Nc1cc(-c2cccs2)nn1-c1nc2c(c(=O)[nH]1)CCCC2)C1(c2ccc(Cl)cc2)CCCC1,5.515700160653214,0.0,2.0,EC50,"BindingDB,ChEMBL",0.0
O=C(Nc1ccc(Br)c2ccccc12)c1ccc2ccccc2c1O,O=C(Nc1ccc(Br)c2ccccc12)c1ccc2ccccc2c1O,5.714,0.0,1.0,other,Papyrus,0.0
O=C(Nc1ccc(Br)cc1)C1Cc2ccccc2CN1C(=O)c1cccc(Oc2ccccc2)c1,O=C(Nc1ccc(Br)cc1)C1Cc2ccccc2CN1C(=O)c1cccc(Oc2ccccc2)c1,6.537000000000001,0.0,2.0,EC50,Papyrus,0.003
O=C(Nc1ccc(Br)cc1)[C@H]1Cc2ccccc2CN1C(=O)c1cccc(Oc2ccccc2)c1,O=C(Nc1ccc(Br)cc1)[C@H]1Cc2ccccc2CN1C(=O)c1cccc(Oc2ccccc2)c1,6.534617148551582,0.0,2.0,EC50,"BindingDB,ChEMBL",0.0
O=C(Nc1ccc(C(=O)N2CCOCC2)cc1)Nc1cccc(C(F)(F)F)c1,O=C(Nc1ccc(C(=O)N2CCOCC2)cc1)Nc1cccc(C(F)(F)F)c1,5.772,0.0,1.0,other,Papyrus,0.0
O=C(Nc1ccc(Cl)cc1)C1Cc2ccccc2CN1C(=O)c1cccc(Cc2ccccc2)c1,O=C(Nc1ccc(Cl)cc1)C1Cc2ccccc2CN1C(=O)c1cccc(Cc2ccccc2)c1,6.54,0.0,1.0,EC50,Papyrus,0.0
O=C(Nc1ccc(Cl)cc1)C1Cc2ccccc2CN1C(=O)c1cccc(Oc2ccc(C(F)(F)F)cc2)c1,O=C(Nc1ccc(Cl)cc1)C1Cc2ccccc2CN1C(=O)c1cccc(Oc2ccc(C(F)(F)F)cc2)c1,6.55,0.0,1.0,EC50,Papyrus,0.0
O=C(Nc1ccc(Cl)cc1)C1Cc2ccccc2CN1C(=O)c1cccc(Oc2ccc(F)cc2)c1,O=C(Nc1ccc(Cl)cc1)C1Cc2ccccc2CN1C(=O)c1cccc(Oc2ccc(F)cc2)c1,6.23,0.0,1.0,EC50,Papyrus,0.0
O=C(Nc1ccc(Cl)cc1)C1Cc2ccccc2CN1C(=O)c1cccc(Oc2ccccc2)c1,O=C(Nc1ccc(Cl)cc1)C1Cc2ccccc2CN1C(=O)c1cccc(Oc2ccccc2)c1,6.531652669587842,0.0003768189622322959,8.0,EC50,"BindingDB,ChEMBL,Papyrus",0.2
O=C(Nc1ccc(Cl)cc1)C1Cc2ccccc2CN1C(=O)c1cccc(Oc2ccccn2)c1,O=C(Nc1ccc(Cl)cc1)C1Cc2ccccc2CN1C(=O)c1cccc(Oc2ccccn2)c1,6.571000000000001,0.0,2.0,EC50,Papyrus,0.001
O=C(Nc1ccc(Cl)cc1)C1Cc2ccccc2CN1C(=O)c1cccc(Sc2ccccc2)c1,O=C(Nc1ccc(Cl)cc1)C1Cc2ccccc2CN1C(=O)c1cccc(Sc2ccccc2)c1,6.407,0.0,2.0,EC50,Papyrus,0.003
O=C(Nc1ccc(Cl)cc1)C1Cc2ccccc2CN1C(=O)c1ccccc1Oc1ccccc1,O=C(Nc1ccc(Cl)cc1)C1Cc2ccccc2CN1C(=O)c1ccccc1Oc1ccccc1,6.47,0.0,2.0,EC50,Papyrus,0.001
O=C(Nc1ccc(Cl)cc1)[C@@H]1Cc2ccccc2CN1C(=O)c1cccc(Oc2ccccc2)c1,O=C(Nc1ccc(Cl)cc1)[C@@H]1Cc2ccccc2CN1C(=O)c1cccc(Oc2ccccc2)c1,6.924453038607469,0.0,2.0,EC50,"BindingDB,ChEMBL",0.0
O=C(Nc1ccc(Cl)cc1)[C@H]1Cc2ccccc2CN1C(=O)c1cccc(Cc2ccccc2)c1,O=C(Nc1ccc(Cl)cc1)[C@H]1Cc2ccccc2CN1C(=O)c1cccc(Cc2ccccc2)c1,6.536107011014093,0.0,2.0,EC50,"BindingDB,ChEMBL",0.0
O=C(Nc1ccc(Cl)cc1)[C@H]1Cc2ccccc2CN1C(=O)c1cccc(Oc2ccc(C(F)(F)F)cc2)c1,O=C(Nc1ccc(Cl)cc1)[C@H]1Cc2ccccc2CN1C(=O)c1cccc(Oc2ccc(C(F)(F)F)cc2)c1,6.549750891680639,0.0,2.0,EC50,"BindingDB,ChEMBL",0.0
O=C(Nc1ccc(Cl)cc1)[C@H]1Cc2ccccc2CN1C(=O)c1cccc(Oc2ccc(F)cc2)c1,O=C(Nc1ccc(Cl)cc1)[C@H]1Cc2ccccc2CN1C(=O)c1cccc(Oc2ccc(F)cc2)c1,6.229147988357855,0.0,2.0,EC50,"BindingDB,ChEMBL",0.0
O=C(Nc1ccc(Cl)cc1)[C@H]1Cc2ccccc2CN1C(=O)c1cccc(Oc2ccccc2)c1,O=C(Nc1ccc(Cl)cc1)[C@H]1Cc2ccccc2CN1C(=O)c1cccc(Oc2ccccc2)c1,6.4736607226101555,0.0,2.0,EC50,"BindingDB,ChEMBL",0.0
O=C(Nc1ccc(Cl)cc1)[C@H]1Cc2ccccc2CN1C(=O)c1cccc(Oc2ccccn2)c1,O=C(Nc1ccc(Cl)cc1)[C@H]1Cc2ccccc2CN1C(=O)c1cccc(Oc2ccccn2)c1,6.5718652059712115,0.0,2.0,EC50,"BindingDB,ChEMBL",0.0
O=C(Nc1ccc(Cl)cc1)[C@H]1Cc2ccccc2CN1C(=O)c1cccc(Sc2ccccc2)c1,O=C(Nc1ccc(Cl)cc1)[C@H]1Cc2ccccc2CN1C(=O)c1cccc(Sc2ccccc2)c1,6.404503778174426,0.0,2.0,EC50,"BindingDB,ChEMBL",0.0
O=C(Nc1ccc(Cl)cc1)[C@H]1Cc2ccccc2CN1C(=O)c1ccccc1Oc1ccccc1,O=C(Nc1ccc(Cl)cc1)[C@H]1Cc2ccccc2CN1C(=O)c1ccccc1Oc1ccccc1,6.471083299722345,0.0,2.0,EC50,"BindingDB,ChEMBL",0.0
O=C(Nc1ccc(Cl)nc1)C1Cc2ccccc2CN1C(=O)c1cccc(Oc2ccccc2)c1,O=C(Nc1ccc(Cl)nc1)C1Cc2ccccc2CN1C(=O)c1cccc(Oc2ccccc2)c1,7.18,0.0,2.0,EC50,Papyrus,0.0
O=C(Nc1ccc(Cl)nc1)[C@H]1Cc2ccccc2CN1C(=O)c1cccc(Oc2ccccc2)c1,O=C(Nc1ccc(Cl)nc1)[C@H]1Cc2ccccc2CN1C(=O)c1cccc(Oc2ccccc2)c1,7.180456064458132,0.0,2.0,EC50,"BindingDB,ChEMBL",0.0
O=C(Nc1ccc(F)cc1)C1Cc2ccccc2CN1C(=O)c1cccc(Oc2ccccc2)c1,O=C(Nc1ccc(F)cc1)C1Cc2ccccc2CN1C(=O)c1cccc(Oc2ccccc2)c1,6.697,0.0,2.0,EC50,Papyrus,0.002
O=C(Nc1ccc(F)cc1)Nc1ccc(N2CCCC2)c(S(=O)(=O)Nc2ccccc2Cl)c1,O=C(Nc1ccc(F)cc1)Nc1ccc(N2CCCC2)c(S(=O)(=O)Nc2ccccc2Cl)c1,5.143,0.0,1.0,other,Papyrus,0.0
O=C(Nc1ccc(F)cc1)[C@H]1Cc2ccccc2CN1C(=O)c1cccc(Oc2ccccc2)c1,O=C(Nc1ccc(F)cc1)[C@H]1Cc2ccccc2CN1C(=O)c1cccc(Oc2ccccc2)c1,6.694648630553377,0.0,2.0,EC50,"BindingDB,ChEMBL",0.0
O=C(Nc1ccc(I)cc1)C1Cc2ccccc2CN1C(=O)c1cccc(Oc2ccccc2)c1,O=C(Nc1ccc(I)cc1)C1Cc2ccccc2CN1C(=O)c1cccc(Oc2ccccc2)c1,6.502000000000001,0.0,2.0,EC50,Papyrus,0.002
O=C(Nc1ccc(I)cc1)[C@H]1Cc2ccccc2CN1C(=O)c1cccc(Oc2ccccc2)c1,O=C(Nc1ccc(I)cc1)[C@H]1Cc2ccccc2CN1C(=O)c1cccc(Oc2ccccc2)c1,6.503070351926785,0.0,2.0,EC50,"BindingDB,ChEMBL",0.0
O=C(Nc1ccc(N2CCN(C(=O)c3ccccc3F)CC2)cc1)c1cncc(Br)c1,O=C(Nc1ccc(N2CCN(C(=O)c3ccccc3F)CC2)cc1)c1cncc(Br)c1,5.573,0.0,1.0,other,Papyrus,0.0
O=C(Nc1ccc(OCC(=O)N2CCOCC2)cc1)c1cncc(Br)c1,O=C(Nc1ccc(OCC(=O)N2CCOCC2)cc1)c1cncc(Br)c1,5.176,0.0,1.0,other,Papyrus,0.0
O=C(Nc1ccc(Oc2ccc(NC(=O)Nc3ccc([N+](=O)[O-])cc3)cc2)cc1)Nc1ccc([N+](=O)[O-])cc1,O=C(Nc1ccc(Oc2ccc(NC(=O)Nc3ccc([N+](=O)[O-])cc3)cc2)cc1)Nc1ccc([N+](=O)[O-])cc1,5.212999999999999,0.0,1.0,other,Papyrus,0.0
O=C(Nc1ccc([N+](=O)[O-])cc1)Nc1ccc(Cl)cc1F,O=C(Nc1ccc([N+](=O)[O-])cc1)Nc1ccc(Cl)cc1F,5.535,0.0,1.0,other,Papyrus,0.0
O=C(Nc1ccc2[nH]ccc2c1)c1c[nH]c2ccccc2c1=O,O=C(Nc1ccc2[nH]ccc2c1)c1c[nH]c2ccccc2c1=O,5.214670164989233,0.0026963210136937057,3.0,EC50,"BindingDB,ChEMBL,Papyrus",0.0026963210136937057
O=C(Nc1ccc2c(c1)NCC2)c1c[nH]c2ccccc2c1=O,O=C(Nc1ccc2c(c1)NCC2)c1c[nH]c2ccccc2c1=O,6.3979400086720375,0.0011893365477277172,3.0,EC50,"BindingDB,ChEMBL,Papyrus",0.0011893365477277172
O=C(Nc1ccc2c[nH]nc2c1)c1c[nH]c2ccccc2c1=O,O=C(Nc1ccc2c[nH]nc2c1)c1c[nH]c2ccccc2c1=O,5.25,0.0,1.0,EC50,Papyrus,0.0
O=C(Nc1ccc2cc[nH]c2c1)c1c[nH]c2ccccc2c1=O,O=C(Nc1ccc2cc[nH]c2c1)c1c[nH]c2ccccc2c1=O,7.0,0.0,7.0,EC50,"BindingDB,ChEMBL,Papyrus",0.0
O=C(Nc1ccc2ccccc2c1)c1c[nH]c2ccccc2c1=O,O=C(Nc1ccc2ccccc2c1)c1c[nH]c2ccccc2c1=O,6.096910013008056,0.0017840048215910312,3.0,EC50,"BindingDB,ChEMBL,Papyrus",0.0017840048215910312
O=C(Nc1ccc2ccccc2c1)c1ccccc1O,O=C(Nc1ccc2ccccc2c1)c1ccccc1O,5.295,0.0,1.0,other,Papyrus,0.0
O=C(Nc1ccc2cn[nH]c2c1)c1c[nH]c2ccccc2c1=O,O=C(Nc1ccc2cn[nH]c2c1)c1c[nH]c2ccccc2c1=O,5.251811972993799,0.0,2.0,EC50,"BindingDB,ChEMBL",0.0
O=C(Nc1cccc(-c2cnc3ccccc3n2)c1)c1cccc(NC(=O)c2ccco2)c1,O=C(Nc1cccc(-c2cnc3ccccc3n2)c1)c1cccc(NC(=O)c2ccco2)c1,5.434,0.0,1.0,other,Papyrus,0.0
O=C(Nc1cccc(Cl)c1)Nc1cc(S(=O)(=O)N2CCCCC2)ccc1Cl,O=C(Nc1cccc(Cl)c1)Nc1cc(S(=O)(=O)N2CCCCC2)ccc1Cl,5.194,0.0,1.0,other,Papyrus,0.0
O=C(Nc1cccc(Cl)c1)Nc1csc([N+](=O)[O-])c1,O=C(Nc1cccc(Cl)c1)Nc1csc([N+](=O)[O-])c1,5.385,0.0,1.0,other,Papyrus,0.0
O=C(Nc1cccc(S(=O)(=O)N2CCCCC2)c1)Nc1ccc(Cl)cc1Cl,O=C(Nc1cccc(S(=O)(=O)N2CCCCC2)c1)Nc1ccc(Cl)cc1Cl,5.053999999999999,0.0,1.0,other,Papyrus,0.0
O=C(Nc1cccc2[nH]ncc12)c1ccc(F)cc1,O=C(Nc1cccc2[nH]ncc12)c1ccc(F)cc1,5.975,0.0,1.0,other,Papyrus,0.0
O=C(Nc1cccc2cccnc12)C1(c2ccc3c(c2)OCO3)CC1,O=C(Nc1cccc2cccnc12)C1(c2ccc3c(c2)OCO3)CC1,5.658788820774783,0.0007062513287345971,6.0,EC50,"BindingDB,ChEMBL,Papyrus",0.001713321989299003
O=C(Nc1ccccc1)Nc1ncc([N+](=O)[O-])s1,O=C(Nc1ccccc1)Nc1ncc([N+](=O)[O-])s1,5.564,0.0,1.0,other,Papyrus,0.0
O=C(Nc1ccccc1)c1c[nH]c2ccccc2c1=O,O=C(Nc1ccccc1)c1c[nH]c2ccccc2c1=O,5.886056647693163,0.0022766955158615276,3.0,EC50,"BindingDB,ChEMBL,Papyrus",0.0022766955158615276
O=C(Nc1ccccc1)c1cc2ccccc2c(=O)s1,O=C(Nc1ccccc1)c1cc2ccccc2c(=O)s1,5.268,0.0,1.0,other,Papyrus,0.0
O=C(Nc1ccccc1)c1sc(NC(=O)C2(c3ccc4c(c3)OCO4)CC2)nc1-c1ccccc1,O=C(Nc1ccccc1)c1sc(NC(=O)C2(c3ccc4c(c3)OCO4)CC2)nc1-c1ccccc1,5.8996294548824375,0.00021393432337168375,3.0,EC50,"BindingDB,ChEMBL,Papyrus",0.00021393432337168375
O=C(Nc1ccccc1N1CCOCC1)c1cc(-c2ccco2)nc2ccccc12,O=C(Nc1ccccc1N1CCOCC1)c1cc(-c2ccco2)nc2ccccc12,5.4110000000000005,0.0,1.0,other,Papyrus,0.0
O=C(Nc1cccnc1)C1Cc2ccccc2CN1C(=O)c1cccc(Oc2ccccc2)c1,O=C(Nc1cccnc1)C1Cc2ccccc2CN1C(=O)c1cccc(Oc2ccccc2)c1,7.39,0.0,1.0,EC50,Papyrus,0.0
O=C(Nc1cccnc1)[C@H]1Cc2ccccc2CN1C(=O)c1cccc(Oc2ccccc2)c1,O=C(Nc1cccnc1)[C@H]1Cc2ccccc2CN1C(=O)c1cccc(Oc2ccccc2)c1,7.3872161432802645,0.0,2.0,EC50,"BindingDB,ChEMBL",0.0
O=C(Nc1ccncc1)c1c(Cl)cccc1Cl,O=C(Nc1ccncc1)c1c(Cl)cccc1Cl,5.297999999999999,0.0,1.0,other,Papyrus,0.0
O=C(Nc1nc(-c2ccc(Br)cc2)cs1)C1(c2ccc3c(c2)OCO3)CC1,O=C(Nc1nc(-c2ccc(Br)cc2)cs1)C1(c2ccc3c(c2)OCO3)CC1,5.309901879901357,5.9519644266944546e-05,6.0,EC50,"BindingDB,ChEMBL,Papyrus",0.0001385362613916569
O=C(Nc1nc(-c2ccc(Cl)cc2)cs1)C1(c2ccc3c(c2)OCO3)CC1,O=C(Nc1nc(-c2ccc(Cl)cc2)cs1)C1(c2ccc3c(c2)OCO3)CC1,5.538803373026826,0.0006915258871605868,6.0,EC50,"BindingDB,ChEMBL,Papyrus",0.0016989950566823906
O=C(Nc1nc(-c2ccc(I)cc2)cs1)C1(c2ccc3c(c2)OCO3)CC1,O=C(Nc1nc(-c2ccc(I)cc2)cs1)C1(c2ccc3c(c2)OCO3)CC1,5.920410177937011,0.00025147283604207144,6.0,EC50,"BindingDB,ChEMBL,Papyrus",0.0005778137421875514
O=C(Nc1nc(-c2ccc(O)cc2)cs1)C1(c2ccc3c(c2)OC(F)(F)O3)CC1,O=C(Nc1nc(-c2ccc(O)cc2)cs1)C1(c2ccc3c(c2)OC(F)(F)O3)CC1,5.769806696356897,0.00012143677176544785,6.0,EC50,"BindingDB,ChEMBL,Papyrus",0.00036149806786116685
O=C(Nc1nc(-c2ccc(O)cc2)cs1)C1(c2ccc3c(c2)OCO3)CC1,O=C(Nc1nc(-c2ccc(O)cc2)cs1)C1(c2ccc3c(c2)OCO3)CC1,5.742363849907403,0.0015324200376995705,6.0,EC50,"BindingDB,ChEMBL,Papyrus",0.005
O=C(Nc1nc(-c2cccc(Cl)c2)cs1)C1(c2ccc3c(c2)OC(F)(F)O3)CC1,O=C(Nc1nc(-c2cccc(Cl)c2)cs1)C1(c2ccc3c(c2)OC(F)(F)O3)CC1,5.398973915543969,0.0005935154208062121,6.0,EC50,"BindingDB,ChEMBL,Papyrus",0.0014621651205170556
O=C(Nc1nc(-c2cccc(Cl)c2)cs1)C1(c2ccc3c(c2)OCO3)CC1,O=C(Nc1nc(-c2cccc(Cl)c2)cs1)C1(c2ccc3c(c2)OCO3)CC1,5.088101226338219,0.001098656034256042,6.0,EC50,"BindingDB,ChEMBL,Papyrus",0.002708330301574296
O=C(Nc1nc(-c2cccc(F)c2)cs1)C1(c2ccc3c(c2)OCO3)CC1,O=C(Nc1nc(-c2cccc(F)c2)cs1)C1(c2ccc3c(c2)OCO3)CC1,5.678921132642886,0.0006320781849301276,6.0,EC50,"BindingDB,ChEMBL,Papyrus",0.0016128078631797965
O=C(Nc1nc(-c2cccc(O)c2)cs1)C1(c2ccc3c(c2)OC(F)(F)O3)CC1,O=C(Nc1nc(-c2cccc(O)c2)cs1)C1(c2ccc3c(c2)OC(F)(F)O3)CC1,5.888070392334685,0.001126422560484343,6.0,EC50,"BindingDB,ChEMBL,Papyrus",0.0028478649831963038
O=C(Nc1nc(-c2cccc(O)c2)cs1)C1(c2ccc3c(c2)OCO3)CC1,O=C(Nc1nc(-c2cccc(O)c2)cs1)C1(c2ccc3c(c2)OCO3)CC1,5.63913585950138,0.0005025066054207049,6.0,EC50,"BindingDB,ChEMBL,Papyrus",0.001221449916691427
O=C(Nc1nc2ccc(F)cc2s1)C1CCN(S(=O)(=O)c2cc([N+](=O)[O-])ccc2Cl)CC1,O=C(Nc1nc2ccc(F)cc2s1)C1CCN(S(=O)(=O)c2cc([N+](=O)[O-])ccc2Cl)CC1,5.194,0.0,1.0,other,Papyrus,0.0
O=C(Nc1nnc(C(F)(F)F)s1)c1ccc(Br)s1,O=C(Nc1nnc(C(F)(F)F)s1)c1ccc(Br)s1,5.642,0.0,1.0,other,Papyrus,0.0
O=C(Nc1nnc(S(=O)(=O)N2CCCCCC2)s1)c1cccc(Br)c1,O=C(Nc1nnc(S(=O)(=O)N2CCCCCC2)s1)c1cccc(Br)c1,5.572,0.0,1.0,other,Papyrus,0.0
O=C(O)/C=C/c1ccc(Cn2ccnc2)cc1,OC(=O)\C=C\c1ccc(Cn2ccnc2)cc1,5.464705879957229,0.0,1.0,IC50,BindingDB,0.0
O=C(O)C=Cc1ccc2c(-c3ccccc3)onc2c1,O=C(O)C=Cc1ccc2c(-c3ccccc3)onc2c1,5.742000000000001,0.0,1.0,other,Papyrus,0.0
O=C(O)COc1ccc(/C=C2\SC(=S)N(c3cccc(C(F)(F)F)c3)C2=O)cc1,O=C(O)COc1ccc(/C=C2\SC(=S)N(c3cccc(C(F)(F)F)c3)C2=O)cc1,5.585026652029182,0.0,2.0,IC50,"BindingDB,ChEMBL",0.0
O=C(O)COc1ccc(C=C2SC(=S)N(c3cccc(C(F)(F)F)c3)C2=O)cc1,O=C(O)COc1ccc(C=C2SC(=S)N(c3cccc(C(F)(F)F)c3)C2=O)cc1,5.58,0.0,1.0,IC50,Papyrus,0.0
O=C(O)c1cc(-c2ccc(N3CCOCC3)cc2)c2c(C3CCC3)nn(-c3ccc(F)cc3)c2n1,O=C(O)c1cc(-c2ccc(N3CCOCC3)cc2)c2c(C3CCC3)nn(-c3ccc(F)cc3)c2n1,6.318758762624412,0.0,1.0,EC50,ChEMBL,0.0
O=C(O)c1cc(-c2ccc(N3CCOCC3)cc2)c2c(C3CCC3)nn(-c3ccccc3)c2n1,O=C(O)c1cc(-c2ccc(N3CCOCC3)cc2)c2c(C3CCC3)nn(-c3ccccc3)c2n1,6.354213464091979,0.0,4.0,EC50,"BindingDB,ChEMBL",0.05269430773709144
O=C(O)c1cc(-c2ccc(N3CCOCC3)cc2)c2c(CO)nn(-c3ccccc3)c2n1,O=C(O)c1cc(-c2ccc(N3CCOCC3)cc2)c2c(CO)nn(-c3ccccc3)c2n1,5.0,0.0,2.0,EC50,"BindingDB,ChEMBL",0.0
O=C(O)c1cc(-c2ccc(N3CCOCC3)cc2)c2cnn(-c3ccccc3)c2n1,O=C(O)c1cc(-c2ccc(N3CCOCC3)cc2)c2cnn(-c3ccccc3)c2n1,5.8958544494459915,0.0,2.0,EC50,"BindingDB,ChEMBL",0.0
O=C(O)c1cc(/C=C2\SC(=S)N(c3cccc(C(F)(F)F)c3)C2=O)ccc1O,O=C(O)c1cc(/C=C2\SC(=S)N(c3cccc(C(F)(F)F)c3)C2=O)ccc1O,5.853871964321762,0.0,2.0,IC50,"BindingDB,ChEMBL",0.0
O=C(O)c1cc(C=C2SC(=S)N(c3cccc(C(F)(F)F)c3)C2=O)ccc1O,O=C(O)c1cc(C=C2SC(=S)N(c3cccc(C(F)(F)F)c3)C2=O)ccc1O,5.852,0.0,2.0,IC50,Papyrus,0.002
O=C(O)c1ccc(/C=C2\SC(=O)N(c3cccc(C(F)(F)F)c3)C2=O)cc1,O=C(O)c1ccc(/C=C2\SC(=O)N(c3cccc(C(F)(F)F)c3)C2=O)cc1,5.853871964321762,0.0,2.0,IC50,"BindingDB,ChEMBL",0.0
O=C(O)c1ccc(/C=C2\SC(=S)N(c3ccc(F)c(C(F)(F)F)c3)C2=O)cc1,O=C(O)c1ccc(/C=C2\SC(=S)N(c3ccc(F)c(C(F)(F)F)c3)C2=O)cc1,5.823908740944319,0.0,2.0,IC50,"BindingDB,ChEMBL",0.0
O=C(O)c1ccc(/C=C2\SC(=S)N(c3cccc(C(F)(F)F)c3)C2=O)cc1,O=C(O)c1ccc(/C=C2\SC(=S)N(c3cccc(C(F)(F)F)c3)C2=O)cc1,6.522878745280337,0.0,6.0,IC50,"BindingDB,ChEMBL",0.05927213072995564
O=C(O)c1ccc(C(=O)c2sc(NC(=O)C3(c4ccc5c(c4)OCO5)CC3)nc2-c2ccccc2)cc1,O=C(O)c1ccc(C(=O)c2sc(NC(=O)C3(c4ccc5c(c4)OCO5)CC3)nc2-c2ccccc2)cc1,5.13608262304214,0.0022616986411377643,3.0,EC50,"BindingDB,ChEMBL,Papyrus",0.0022616986411377643
O=C(O)c1ccc(C2CC(NC(=O)C3(c4ccc5c(c4)OC(F)(F)O5)CC3)CC(c3ccccc3)O2)cc1,O=C(O)c1ccc(C2CC(NC(=O)C3(c4ccc5c(c4)OC(F)(F)O5)CC3)CC(c3ccccc3)O2)cc1,6.55,0.0,2.0,EC50,Papyrus,0.03
O=C(O)c1ccc(C2CC(NC(=O)C3(c4ccc5c(c4)OC(F)(F)O5)CC3)CCO2)cc1,O=C(O)c1ccc(C2CC(NC(=O)C3(c4ccc5c(c4)OC(F)(F)O5)CC3)CCO2)cc1,5.705,0.0,2.0,EC50,Papyrus,0.165
O=C(O)c1ccc(C2CC(NC(=O)C3(c4ccc5c(c4)OC(F)(F)O5)CC3)c3ccc(OC(F)F)cc3O2)cc1,O=C(O)c1ccc(C2CC(NC(=O)C3(c4ccc5c(c4)OC(F)(F)O5)CC3)c3ccc(OC(F)F)cc3O2)cc1,9.301029995663981,0.2892698028686761,4.0,EC50,"BindingDB,ChEMBL,Papyrus",0.5
O=C(O)c1ccc(C=C2SC(=O)N(c3cccc(C(F)(F)F)c3)C2=O)cc1,O=C(O)c1ccc(C=C2SC(=O)N(c3cccc(C(F)(F)F)c3)C2=O)cc1,5.852,0.0,2.0,IC50,Papyrus,0.002
O=C(O)c1ccc(C=C2SC(=S)N(c3ccc(F)c(C(F)(F)F)c3)C2=O)cc1,O=C(O)c1ccc(C=C2SC(=S)N(c3ccc(F)c(C(F)(F)F)c3)C2=O)cc1,5.822,0.0,2.0,IC50,Papyrus,0.002
O=C(O)c1ccc(C=C2SC(=S)N(c3cccc(C(F)(F)F)c3)C2=O)cc1,O=C(O)c1ccc(C=C2SC(=S)N(c3cccc(C(F)(F)F)c3)C2=O)cc1,6.42,0.0,1.0,IC50,Papyrus,0.0
O=C(O)c1ccc(NC(=S)C2SC(=S)N(c3cccc(C(F)(F)F)c3)C2=O)cc1,O=C(O)c1ccc(NC(=S)C2SC(=S)N(c3cccc(C(F)(F)F)c3)C2=O)cc1,5.045757490560675,0.0,2.0,IC50,"BindingDB,ChEMBL",0.0
O=C(O)c1ccc(NC(=S)c2sc(=S)n(-c3cccc(C(F)(F)F)c3)c2O)cc1,O=C(O)c1ccc(NC(=S)c2sc(=S)n(-c3cccc(C(F)(F)F)c3)c2O)cc1,5.05,0.0,1.0,IC50,Papyrus,0.0
O=C(O)c1ccc(SC2CC(=O)N(c3cccc(C(F)(F)F)c3)C2=O)cc1,O=C(O)c1ccc(SC2CC(=O)N(c3cccc(C(F)(F)F)c3)C2=O)cc1,5.154901959985743,0.0,1.0,IC50,ChEMBL,0.0
O=C(O)c1ccc(Sc2cc(O)n(-c3cccc(C(F)(F)F)c3)c2O)cc1,O=C(O)c1ccc(Sc2cc(O)n(-c3cccc(C(F)(F)F)c3)c2O)cc1,5.156450979992872,0.0021906451024689094,3.0,IC50,"BindingDB,Papyrus",0.003
O=C(O)c1ccc([C@H]2C[C@@H](NC(=O)C3(c4ccc5c(c4)OC(F)(F)O5)CC3)CCO2)cc1,O=C(O)c1ccc([C@H]2C[C@@H](NC(=O)C3(c4ccc5c(c4)OC(F)(F)O5)CC3)CCO2)cc1,5.708264584253075,0.0,4.0,EC50,"BindingDB,ChEMBL",0.23282285188364665
O=C(O)c1ccc([C@H]2C[C@@H](NC(=O)C3(c4ccc5c(c4)OC(F)(F)O5)CC3)C[C@@H](c3ccccc3)O2)cc1,O=C(O)c1ccc([C@H]2C[C@@H](NC(=O)C3(c4ccc5c(c4)OC(F)(F)O5)CC3)C[C@@H](c3ccccc3)O2)cc1,6.55395269865476,0.0,4.0,EC50,"BindingDB,ChEMBL",0.04394520629865708
O=C(O)c1ccc([C@H]2C[C@@H](NC(=O)C3(c4ccc5c(c4)OC(F)(F)O5)CC3)c3ccc(OC(F)F)cc3O2)cc1,O=C(O)c1ccc([C@H]2C[C@@H](NC(=O)C3(c4ccc5c(c4)OC(F)(F)O5)CC3)c3ccc(OC(F)F)cc3O2)cc1,8.301029995663981,0.0,2.0,EC50,ChEMBL,0.0
O=C(O)c1cccc(/C=C2\SC(=S)N(c3ccc(F)c(C(F)(F)F)c3)C2=O)c1,O=C(O)c1cccc(/C=C2\SC(=S)N(c3ccc(F)c(C(F)(F)F)c3)C2=O)c1,5.301029995663981,0.0,2.0,IC50,"BindingDB,ChEMBL",0.0
O=C(O)c1cccc(/C=C2\SC(=S)N(c3cccc(C(F)(F)F)c3)C2=O)c1,O=C(O)c1cccc(/C=C2\SC(=S)N(c3cccc(C(F)(F)F)c3)C2=O)c1,5.823908740944319,0.0,2.0,IC50,"BindingDB,ChEMBL",0.0
O=C(O)c1cccc(C2CC(NC(=O)C3(c4ccc5c(c4)OC(F)(F)O5)CC3)CC(c3ccccc3)O2)c1,O=C(O)c1cccc(C2CC(NC(=O)C3(c4ccc5c(c4)OC(F)(F)O5)CC3)CC(c3ccccc3)O2)c1,6.55,0.0,3.0,EC50,Papyrus,0.995
O=C(O)c1cccc(C2CC(NC(=O)C3(c4ccc5c(c4)OC(F)(F)O5)CC3)CCO2)c1,O=C(O)c1cccc(C2CC(NC(=O)C3(c4ccc5c(c4)OC(F)(F)O5)CC3)CCO2)c1,6.07,0.0,1.0,EC50,Papyrus,0.0
O=C(O)c1cccc(C2CC(NC(=O)C3(c4ccc5c(c4)OC(F)(F)O5)CC3)c3ccc(C(F)(F)F)cc3O2)c1,O=C(O)c1cccc(C2CC(NC(=O)C3(c4ccc5c(c4)OC(F)(F)O5)CC3)c3ccc(C(F)(F)F)cc3O2)c1,7.06,0.0,1.0,EC50,Papyrus,0.0
O=C(O)c1cccc(C2CC(NC(=O)C3(c4ccc5c(c4)OC(F)(F)O5)CC3)c3ccc(F)cc3O2)c1,O=C(O)c1cccc(C2CC(NC(=O)C3(c4ccc5c(c4)OC(F)(F)O5)CC3)c3ccc(F)cc3O2)c1,6.96,0.0,1.0,EC50,Papyrus,0.0
O=C(O)c1cccc(C2CC(NC(=O)C3(c4ccc5c(c4)OC(F)(F)O5)CC3)c3ccc(OC(F)F)cc3O2)c1,O=C(O)c1cccc(C2CC(NC(=O)C3(c4ccc5c(c4)OC(F)(F)O5)CC3)c3ccc(OC(F)F)cc3O2)c1,7.12,0.0,1.0,EC50,Papyrus,0.0
O=C(O)c1cccc(C=C2SC(=S)N(c3ccc(F)c(C(F)(F)F)c3)C2=O)c1,O=C(O)c1cccc(C=C2SC(=S)N(c3ccc(F)c(C(F)(F)F)c3)C2=O)c1,5.3,0.0,2.0,IC50,Papyrus,0.0
O=C(O)c1cccc(C=C2SC(=S)N(c3cccc(C(F)(F)F)c3)C2=O)c1,O=C(O)c1cccc(C=C2SC(=S)N(c3cccc(C(F)(F)F)c3)C2=O)c1,5.822,0.0,2.0,IC50,Papyrus,0.002
O=C(O)c1cccc([C@H]2C[C@@H](NC(=O)C3(c4ccc5c(c4)OC(F)(F)O5)CC3)CCO2)c1,O=C(O)c1cccc([C@H]2C[C@@H](NC(=O)C3(c4ccc5c(c4)OC(F)(F)O5)CC3)CCO2)c1,6.070581074285707,0.0,2.0,EC50,"BindingDB,ChEMBL",0.0
O=C(O)c1cccc([C@H]2C[C@@H](NC(=O)C3(c4ccc5c(c4)OC(F)(F)O5)CC3)C[C@@H](c3ccccc3)O2)c1,O=C(O)c1cccc([C@H]2C[C@@H](NC(=O)C3(c4ccc5c(c4)OC(F)(F)O5)CC3)C[C@@H](c3ccccc3)O2)c1,6.77642098432889,0.0,4.0,EC50,"BindingDB,ChEMBL",0.3161884762241101
O=C(O)c1cccc([C@H]2C[C@@H](NC(=O)C3(c4ccc5c(c4)OC(F)(F)O5)CC3)c3ccc(C(F)(F)F)cc3O2)c1,O=C(O)c1cccc([C@H]2C[C@@H](NC(=O)C3(c4ccc5c(c4)OC(F)(F)O5)CC3)c3ccc(C(F)(F)F)cc3O2)c1,7.060480747381382,0.0,1.0,EC50,ChEMBL,0.0
O=C(O)c1cccc([C@H]2C[C@@H](NC(=O)C3(c4ccc5c(c4)OC(F)(F)O5)CC3)c3ccc(F)cc3O2)c1,O=C(O)c1cccc([C@H]2C[C@@H](NC(=O)C3(c4ccc5c(c4)OC(F)(F)O5)CC3)c3ccc(F)cc3O2)c1,6.958607314841775,0.0,1.0,EC50,ChEMBL,0.0
O=C(O)c1cccc([C@H]2C[C@@H](NC(=O)C3(c4ccc5c(c4)OC(F)(F)O5)CC3)c3ccc(OC(F)F)cc3O2)c1,O=C(O)c1cccc([C@H]2C[C@@H](NC(=O)C3(c4ccc5c(c4)OC(F)(F)O5)CC3)c3ccc(OC(F)F)cc3O2)c1,7.1249387366083,0.0,1.0,EC50,ChEMBL,0.0
O=C(OC1CCOC1=O)c1ccccc1C(=O)c1ccc(Cl)c([N+](=O)[O-])c1,O=C(OC1CCOC1=O)c1ccccc1C(=O)c1ccc(Cl)c([N+](=O)[O-])c1,5.353,0.0,1.0,other,Papyrus,0.0
O=C(Oc1cc2oc(=O)cc(-c3ccccc3)c2cc1Cl)C1CCCCC1,O=C(Oc1cc2oc(=O)cc(-c3ccccc3)c2cc1Cl)C1CCCCC1,5.654,0.0,1.0,other,Papyrus,0.0
O=C(c1c[nH]c2ccccc2c1=O)N(Cc1ccccc1)Cc1ccccc1,O=C(c1c[nH]c2ccccc2c1=O)N(Cc1ccccc1)Cc1ccccc1,5.67889035263304,0.0015692783558058903,4.0,EC50,"ChEMBL,Papyrus",0.0015692783558058903
O=C(c1cc(C(F)(F)F)[nH]n1)N1CCc2[nH]c3c(F)cc(C(F)(F)F)cc3c2C1,O=C(c1cc(C(F)(F)F)[nH]n1)N1CCc2[nH]c3c(F)cc(C(F)(F)F)cc3c2C1,6.2441251443275085,0.0023816531879329883,3.0,EC50,"BindingDB,ChEMBL,Papyrus",0.0023816531879329883
O=C(c1cc(C(F)(F)F)[nH]n1)N1CCc2[nH]c3c(F)cc(F)cc3c2C1,O=C(c1cc(C(F)(F)F)[nH]n1)N1CCc2[nH]c3c(F)cc(F)cc3c2C1,6.823908740944319,0.0022567126363947855,3.0,EC50,"BindingDB,ChEMBL,Papyrus",0.0022567126363947855
O=C(c1cc(C(F)(F)F)[nH]n1)N1CCc2[nH]c3c(F)ccc(F)c3c2C1,O=C(c1cc(C(F)(F)F)[nH]n1)N1CCc2[nH]c3c(F)ccc(F)c3c2C1,6.823908740944319,0.0022567126363947855,3.0,EC50,"BindingDB,ChEMBL,Papyrus",0.0022567126363947855
O=C(c1cc(C(F)(F)F)[nH]n1)N1CCc2[nH]c3c(F)cccc3c2C1,O=C(c1cc(C(F)(F)F)[nH]n1)N1CCc2[nH]c3c(F)cccc3c2C1,7.017728766960431,0.0013112970067872768,3.0,EC50,"BindingDB,ChEMBL,Papyrus",0.0013112970067872768
O=C(c1cc(C(F)(F)F)[nH]n1)N1CCc2[nH]c3ccc(C(F)(F)F)cc3c2C1,O=C(c1cc(C(F)(F)F)[nH]n1)N1CCc2[nH]c3ccc(C(F)(F)F)cc3c2C1,6.356547323513812,0.001993403698725506,3.0,EC50,"BindingDB,ChEMBL,Papyrus",0.001993403698725506
O=C(c1cc(C(F)(F)F)[nH]n1)N1CCc2[nH]c3ccc(F)cc3c2C1,O=C(c1cc(C(F)(F)F)[nH]n1)N1CCc2[nH]c3ccc(F)cc3c2C1,6.318758762624412,0.0007166287329239629,3.0,EC50,"BindingDB,ChEMBL,Papyrus",0.0007166287329239629
O=C(c1cc(C(F)(F)F)[nH]n1)N1CCc2[nH]c3ccc(OC(F)(F)F)cc3c2C1,O=C(c1cc(C(F)(F)F)[nH]n1)N1CCc2[nH]c3ccc(OC(F)(F)F)cc3c2C1,6.795880017344075,0.0023786730954546654,3.0,EC50,"BindingDB,ChEMBL,Papyrus",0.0023786730954546654
O=C(c1cc(C(F)(F)F)[nH]n1)N1CCc2[nH]c3ccccc3c2C1,O=C(c1cc(C(F)(F)F)[nH]n1)N1CCc2[nH]c3ccccc3c2C1,6.638272163982407,0.000997566589872573,3.0,EC50,"BindingDB,ChEMBL,Papyrus",0.000997566589872573
O=C(c1cc(Cl)ccc1O)c1sc(NC(=O)C2(c3ccc4c(c3)OCO4)CC2)nc1-c1ccccc1,O=C(c1cc(Cl)ccc1O)c1sc(NC(=O)C2(c3ccc4c(c3)OCO4)CC2)nc1-c1ccccc1,5.795880017344075,0.0023786730954546654,3.0,EC50,"BindingDB,ChEMBL,Papyrus",0.0023786730954546654
O=C(c1ccc(-c2ccccc2)cc1)c1sc(NC(=O)C2(c3ccc4c(c3)OCO4)CC2)nc1-c1ccccc1,O=C(c1ccc(-c2ccccc2)cc1)c1sc(NC(=O)C2(c3ccc4c(c3)OCO4)CC2)nc1-c1ccccc1,7.154901959985743,0.0,2.0,EC50,"BindingDB,ChEMBL",0.0
O=C(c1ccc(-c2cccs2)cc1)c1sc(NC(=O)C2(c3ccc4c(c3)OCO4)CC2)nc1-c1ccccc1,O=C(c1ccc(-c2cccs2)cc1)c1sc(NC(=O)C2(c3ccc4c(c3)OCO4)CC2)nc1-c1ccccc1,5.97469413473523,0.0027101599529972555,3.0,EC50,"BindingDB,ChEMBL,Papyrus",0.0027101599529972555
O=C(c1ccc(Br)cc1)c1sc(NC(=O)C2(c3ccc4c(c3)OCO4)CC2)nc1-c1ccccc1,O=C(c1ccc(Br)cc1)c1sc(NC(=O)C2(c3ccc4c(c3)OCO4)CC2)nc1-c1ccccc1,6.275724130399211,0.002468674465035501,3.0,EC50,"BindingDB,ChEMBL,Papyrus",0.002468674465035501
O=C(c1ccc(N2CCCC2)cc1)c1sc(NC(=O)C2(c3ccc4c(c3)OCO4)CC2)nc1-c1ccccc1,O=C(c1ccc(N2CCCC2)cc1)c1sc(NC(=O)C2(c3ccc4c(c3)OCO4)CC2)nc1-c1ccccc1,6.431798275933005,0.0010382350939978353,3.0,EC50,"BindingDB,ChEMBL,Papyrus",0.0010382350939978353
O=C(c1ccc(O)c(Br)c1)c1cc(Br)ccc1O,O=C(c1ccc(O)c(Br)c1)c1cc(Br)ccc1O,5.388999999999999,0.0,1.0,other,Papyrus,0.0
O=C(c1ccc(OC(F)(F)F)cc1)c1sc(NC(=O)C2(c3ccc4c(c3)OCO4)CC2)nc1-c1ccccc1,O=C(c1ccc(OC(F)(F)F)cc1)c1sc(NC(=O)C2(c3ccc4c(c3)OCO4)CC2)nc1-c1ccccc1,6.443697499232712,0.0021347521773347135,3.0,EC50,"BindingDB,ChEMBL,Papyrus",0.0021347521773347135
O=C(c1ccc2c(c1)OCO2)c1sc(NC(=O)C2(c3ccc4c(c3)OCO4)CC2)nc1-c1ccccc1,O=C(c1ccc2c(c1)OCO2)c1sc(NC(=O)C2(c3ccc4c(c3)OCO4)CC2)nc1-c1ccccc1,6.958607314841775,0.0008040671509977246,3.0,EC50,"BindingDB,ChEMBL,Papyrus",0.0008040671509977246
O=C(c1ccc2ccccc2c1O)N(Cc1ccccc1)Cc1ccccc1,O=C(c1ccc2ccccc2c1O)N(Cc1ccccc1)Cc1ccccc1,5.455931955649724,0.00234868650070691,3.0,EC50,"BindingDB,ChEMBL,Papyrus",0.00234868650070691
O=C(c1cccc(-c2ccccc2)c1)c1sc(NC(=O)C2(c3ccc4c(c3)OCO4)CC2)nc1-c1ccccc1,O=C(c1cccc(-c2ccccc2)c1)c1sc(NC(=O)C2(c3ccc4c(c3)OCO4)CC2)nc1-c1ccccc1,6.6020599913279625,0.0011893365477277172,3.0,EC50,"BindingDB,ChEMBL,Papyrus",0.0011893365477277172
O=C(c1cccc(Br)c1)c1sc(NC(=O)C2(c3ccc4c(c3)OCO4)CC2)nc1-c1ccccc1,O=C(c1cccc(Br)c1)c1sc(NC(=O)C2(c3ccc4c(c3)OCO4)CC2)nc1-c1ccccc1,6.7447274948966935,0.0030440822406977226,3.0,EC50,"BindingDB,ChEMBL,Papyrus",0.0030440822406977226
O=C(c1cccc(F)c1)c1sc(NC(=O)C2(c3ccc4c(c3)OCO4)CC2)nc1-c1ccccc1,O=C(c1cccc(F)c1)c1sc(NC(=O)C2(c3ccc4c(c3)OCO4)CC2)nc1-c1ccccc1,6.886056647693163,0.0022766955158615276,3.0,EC50,"BindingDB,ChEMBL,Papyrus",0.0022766955158615276
O=C(c1ccccc1)C1OC1C(=O)c1ccccc1,O=C(c1ccccc1)C1OC1C(=O)c1ccccc1,5.204,0.0,1.0,other,Papyrus,0.0
O=C(c1ccccc1)c1sc(NC(=O)C2(c3ccc4c(c3)OCO4)CC2)nc1-c1ccccc1,O=C(c1ccccc1)c1sc(NC(=O)C2(c3ccc4c(c3)OCO4)CC2)nc1-c1ccccc1,7.06023129618686,0.0002404308179119849,6.0,EC50,"BindingDB,ChEMBL,Papyrus",0.00035277726244399663
O=C(c1cccnc1)c1sc(NC(=O)C2(c3ccc4c(c3)OCO4)CC2)nc1-c1ccccc1,O=C(c1cccnc1)c1sc(NC(=O)C2(c3ccc4c(c3)OCO4)CC2)nc1-c1ccccc1,6.102372908709558,0.001369999482226089,3.0,EC50,"BindingDB,ChEMBL,Papyrus",0.001369999482226089
O=C(c1cccs1)N1N=C(c2ccccc2)CC1c1ccccc1[N+](=O)[O-],O=C(c1cccs1)N1N=C(c2ccccc2)CC1c1ccccc1[N+](=O)[O-],6.414539270491499,0.0,2.0,EC50,"BindingDB,ChEMBL",0.0
O=C(c1cncc(Br)c1)N1CCc2ccccc2C1,O=C(c1cncc(Br)c1)N1CCc2ccccc2C1,5.059,0.0,1.0,other,Papyrus,0.0
O=C(c1cnn(-c2ccccc2)c1)N1CCc2[nH]c3ccccc3c2C1,O=C(c1cnn(-c2ccccc2)c1)N1CCc2[nH]c3ccccc3c2C1,5.3872161432802645,0.0016072604265245562,3.0,EC50,"BindingDB,ChEMBL,Papyrus",0.0016072604265245562
O=C(c1nnsc1S(=O)(=O)c1ccc(Cl)cc1)N1CCOCC1,O=C(c1nnsc1S(=O)(=O)c1ccc(Cl)cc1)N1CCOCC1,5.415,0.0,1.0,other,Papyrus,0.0
O=C(c1nnsc1[S+](O)c1ccc(Cl)cc1)N1CCOCC1,O=C(c1nnsc1[S+](O)c1ccc(Cl)cc1)N1CCOCC1,5.728,0.0,1.0,other,Papyrus,0.0
O=C(c1sc(NC(=O)C2(c3ccc4c(c3)OCO4)CC2)nc1-c1ccccc1)N1CCOCC1,O=C(c1sc(NC(=O)C2(c3ccc4c(c3)OCO4)CC2)nc1-c1ccccc1)N1CCOCC1,5.070581074285707,0.0003354833952720262,3.0,EC50,"BindingDB,ChEMBL,Papyrus",0.0003354833952720262
O=C1/C(=C/c2cc(Br)c(O)c(Br)c2)SC(=S)N1c1cccc(C(F)(F)F)c1,O=C1/C(=C/c2cc(Br)c(O)c(Br)c2)SC(=S)N1c1cccc(C(F)(F)F)c1,5.154901959985743,0.0,2.0,IC50,"BindingDB,ChEMBL",0.0
O=C1/C(=C/c2cc(Br)c(O)c(Br)c2O)SC(=S)N1c1cccc(C(F)(F)F)c1,O=C1/C(=C/c2cc(Br)c(O)c(Br)c2O)SC(=S)N1c1cccc(C(F)(F)F)c1,5.096910013008056,0.0,2.0,IC50,"BindingDB,ChEMBL",0.0
O=C1/C(=C/c2cc[n+]([O-])cc2)SC(=S)N1c1cccc(C(F)(F)F)c1,O=C1/C(=C/c2cc[n+]([O-])cc2)SC(=S)N1c1cccc(C(F)(F)F)c1,5.060480747381382,0.0,2.0,IC50,"BindingDB,ChEMBL",0.0
O=C1/C(=C/c2ccc(-c3nn[nH]n3)cc2)SC(=S)N1c1cccc(C(F)(F)F)c1,O=C1/C(=C/c2ccc(-c3nn[nH]n3)cc2)SC(=S)N1c1cccc(C(F)(F)F)c1,6.119186407719209,0.0,1.0,IC50,ChEMBL,0.0
O=C1C(=Cc2cc(Br)c(O)c(Br)c2)SC(=S)N1c1cccc(C(F)(F)F)c1,O=C1C(=Cc2cc(Br)c(O)c(Br)c2)SC(=S)N1c1cccc(C(F)(F)F)c1,5.158,0.0,2.0,IC50,Papyrus,0.002
O=C1C(=Cc2cc(Br)c(O)c(Br)c2O)SC(=S)N1c1cccc(C(F)(F)F)c1,O=C1C(=Cc2cc(Br)c(O)c(Br)c2O)SC(=S)N1c1cccc(C(F)(F)F)c1,5.1,0.0,1.0,IC50,Papyrus,0.0
O=C1C(=Cc2cc[n+]([O-])cc2)SC(=S)N1c1cccc(C(F)(F)F)c1,O=C1C(=Cc2cc[n+]([O-])cc2)SC(=S)N1c1cccc(C(F)(F)F)c1,5.06,0.0,2.0,IC50,Papyrus,0.0
O=C1C(=Cc2ccc(-c3nn[nH]n3)cc2)SC(=S)N1c1cccc(C(F)(F)F)c1,O=C1C(=Cc2ccc(-c3nn[nH]n3)cc2)SC(=S)N1c1cccc(C(F)(F)F)c1,6.12,0.0,1.0,IC50,Papyrus,0.0
O=C1C(=Cc2ccc(-c3nnn[nH]3)cc2)SC(=S)N1c1cccc(C(F)(F)F)c1,FC(F)(F)c1cccc(c1)N1C(=S)SC(=Cc2ccc(cc2)-c2nnn[nH]2)C1=O |w:15.16|,6.119186407719209,0.0,1.0,IC50,BindingDB,0.0
O=C1C(=Cc2cccnc2)CCc2c1[nH]c1ccccc21,O=C1C(=Cc2cccnc2)CCc2c1[nH]c1ccccc21,5.2620000000000005,0.0,1.0,other,Papyrus,0.0
O=C1C(Cc2ccccc2[N+](=O)[O-])=Cc2ccccc21,O=C1C(Cc2ccccc2[N+](=O)[O-])=Cc2ccccc21,5.197,0.0,1.0,other,Papyrus,0.0
O=C1CC(=O)OC(c2ccc([N+](=O)[O-])cc2)O1,O=C1CC(=O)OC(c2ccc([N+](=O)[O-])cc2)O1,5.587000000000001,0.0,1.0,other,Papyrus,0.0
O=C1CCCC(=NC2C=C3OC(c4ccccc4)OCC3OC2=O)C1,O=C1CCCC(=NC2C=C3OC(c4ccccc4)OCC3OC2=O)C1,5.4270000000000005,0.0,1.0,other,Papyrus,0.0
O=C1Cc2c([nH]c3ccc(Br)cc23)-c2ccccc2N1,O=C1Cc2c([nH]c3ccc(Br)cc23)-c2ccccc2N1,5.426,0.0,1.0,other,Papyrus,0.0
O=C1N(c2ccccc2C(F)(F)F)OC1(c1ccccc1)C1CCCCC1,O=C1N(c2ccccc2C(F)(F)F)OC1(c1ccccc1)C1CCCCC1,5.0760000000000005,0.0,1.0,other,Papyrus,0.0
O=C1NC(=S)N=C1Cc1cccnc1,O=C1NC(=S)N=C1Cc1cccnc1,5.242999999999999,0.0,1.0,other,Papyrus,0.0
O=C1NC(c2cccc3ccccc23)Nc2ccc(Cl)cc21,O=C1NC(c2cccc3ccccc23)Nc2ccc(Cl)cc21,5.062,0.0,1.0,other,Papyrus,0.0
O=C1NCCc2c1[nH]c1c(Cl)ccc(Cl)c21,O=C1NCCc2c1[nH]c1c(Cl)ccc(Cl)c21,5.812,0.0,1.0,other,Papyrus,0.0
O=C1Nc2ccccc2C1=Cc1ccnc2ccccc12,O=C1Nc2ccccc2C1=Cc1ccnc2ccccc12,5.233,0.0,1.0,other,Papyrus,0.0
O=C1OC(c2ccccc2)(c2cc(Br)ccc2O)c2ccccc21,O=C1OC(c2ccccc2)(c2cc(Br)ccc2O)c2ccccc21,5.1770000000000005,0.0,1.0,other,Papyrus,0.0
O=Nc1c(O)n(Cc2c(Cl)cccc2Cl)c2ccccc12,O=Nc1c(O)n(Cc2c(Cl)cccc2Cl)c2ccccc12,5.263999999999999,0.0,1.0,other,Papyrus,0.0
O=P(O)(CCP(=O)(O)c1ccccc1)c1ccccc1,O=P(O)(CCP(=O)(O)c1ccccc1)c1ccccc1,6.0,0.0,2.0,EC50,"BindingDB,ChEMBL",0.0
O=S(=O)(CC(CN1CCCC1)N1CCCC1)c1ccc2ccccc2c1,O=S(=O)(CC(CN1CCCC1)N1CCCC1)c1ccc2ccccc2c1,5.836,0.0,1.0,other,Papyrus,0.0
O=S(=O)(Nc1ccc(Cl)cc1NS(=O)(=O)c1ccccc1)c1ccccc1,O=S(=O)(Nc1ccc(Cl)cc1NS(=O)(=O)c1ccccc1)c1ccccc1,5.0,0.0,1.0,other,Papyrus,0.0
O=S(=O)(Nc1cccc2cccnc12)c1ccccc1,O=S(=O)(Nc1cccc2cccnc12)c1ccccc1,5.772,0.0,1.0,other,Papyrus,0.0
O=S(=O)(Nc1nc2ccccc2nc1N1CCN(c2ccccc2F)CC1)c1ccc(Cl)cc1,O=S(=O)(Nc1nc2ccccc2nc1N1CCN(c2ccccc2F)CC1)c1ccc(Cl)cc1,5.247000000000001,0.0,1.0,other,Papyrus,0.0
O=S(=O)(c1ccc(Br)cc1)c1cnc2ccccc2n1,O=S(=O)(c1ccc(Br)cc1)c1cnc2ccccc2n1,5.182,0.0,1.0,other,Papyrus,0.0
O=S(=O)(c1cccc2cnccc12)N1CCCNCC1,O=S(=O)(c1cccc2cnccc12)N1CCCNCC1,5.39,0.0,1.0,other,Papyrus,0.0
O=[N+]([O-])c1cc([N+](=O)[O-])c2oc(-c3ccccc3)c(Br)c2c1O,O=[N+]([O-])c1cc([N+](=O)[O-])c2oc(-c3ccccc3)c(Br)c2c1O,5.638,0.0,1.0,other,Papyrus,0.0
O=[N+]([O-])c1ccc(NC(=S)NCCc2ccc(F)cc2)cc1,O=[N+]([O-])c1ccc(NC(=S)NCCc2ccc(F)cc2)cc1,5.339,0.0,1.0,other,Papyrus,0.0
O=[N+]([O-])c1ccc(O)c(C2CCCCC2)c1,O=[N+]([O-])c1ccc(O)c(C2CCCCC2)c1,5.69,0.0,1.0,other,Papyrus,0.0
O=[N+]([O-])c1ccc(Oc2ccc(F)cc2)c2ccncc12,O=[N+]([O-])c1ccc(Oc2ccc(F)cc2)c2ccncc12,5.74,0.0,1.0,other,Papyrus,0.0
O=[N+]([O-])c1ccc(Oc2ccc(F)cc2Br)c2ccncc12,O=[N+]([O-])c1ccc(Oc2ccc(F)cc2Br)c2ccncc12,5.401,0.0,1.0,other,Papyrus,0.0
O=[N+]([O-])c1ccc2ncnc(N3CCN(Cc4ccc5c(c4)OCO5)CC3)c2c1,O=[N+]([O-])c1ccc2ncnc(N3CCN(Cc4ccc5c(c4)OCO5)CC3)c2c1,5.582000000000001,0.0,1.0,other,Papyrus,0.0
O=[N+]([O-])c1cccc(C=NNc2cc(N3CCOCC3)ncn2)c1,O=[N+]([O-])c1cccc(C=NNc2cc(N3CCOCC3)ncn2)c1,5.492999999999999,0.0,1.0,other,Papyrus,0.0
O=[N+]([O-])c1cccc(NC(=S)Nc2nc(-c3ccccc3Cl)cs2)c1,O=[N+]([O-])c1cccc(NC(=S)Nc2nc(-c3ccccc3Cl)cs2)c1,5.181,0.0,1.0,other,Papyrus,0.0
O=c1[nH]c(C2CCN(S(=O)(=O)c3ccc4c(c3)OCCO4)CC2)nc2c1nnn2Cc1c(F)cccc1Cl,O=c1[nH]c(C2CCN(S(=O)(=O)c3ccc4c(c3)OCCO4)CC2)nc2c1nnn2Cc1c(F)cccc1Cl,5.2410000000000005,0.0,1.0,other,Papyrus,0.0
O=c1[nH]c2ccccc2n1C1CCN(C(c2cc3ccccc3o2)c2nnnn2-c2ccc3c(c2)OCCO3)CC1,O=c1[nH]c2ccccc2n1C1CCN(C(c2cc3ccccc3o2)c2nnnn2-c2ccc3c(c2)OCCO3)CC1,5.495,0.0,1.0,other,Papyrus,0.0
O=c1[nH]c2ccccc2n1C1CCN(C(c2cccc3ccccc23)c2nnnn2Cc2ccccc2)CC1,O=c1[nH]c2ccccc2n1C1CCN(C(c2cccc3ccccc23)c2nnnn2Cc2ccccc2)CC1,5.488,0.0,1.0,other,Papyrus,0.0
O=c1[nH]nc(Sc2ncnc3sccc23)n1CCc1ccccc1,O=c1[nH]nc(Sc2ncnc3sccc23)n1CCc1ccccc1,5.513,0.0,1.0,other,Papyrus,0.0
O=c1c(-c2c(O)cc(O)c3c2OC(c2ccc(O)cc2)CC3)c(-c2ccc(O)cc2)oc2cc(O)cc(O)c12,O=c1c(-c2c(O)cc(O)c3c2OC(c2ccc(O)cc2)CC3)c(-c2ccc(O)cc2)oc2cc(O)cc(O)c12,5.8420000000000005,0.0,1.0,other,Papyrus,0.0
O=c1c(-c2ccc(C(F)(F)F)cc2)nc2ccccc2n1Cc1ccccc1,O=c1c(-c2ccc(C(F)(F)F)cc2)nc2ccccc2n1Cc1ccccc1,6.0,0.0,3.0,EC50,"BindingDB,ChEMBL,Papyrus",0.0
O=c1c(-c2ccc(F)c([N+](=O)[O-])c2)nc2ccccc2n1Cc1ccccc1,O=c1c(-c2ccc(F)c([N+](=O)[O-])c2)nc2ccccc2n1Cc1ccccc1,6.161150909262744,0.0006644777726581294,3.0,EC50,"BindingDB,ChEMBL,Papyrus",0.0006644777726581294
O=c1c(-c2ccc(O)cc2)coc2cc(O)cc(O)c12,O=c1c(-c2ccc(O)cc2)coc2cc(O)cc(O)c12,5.120544053801013,0.032469650829630915,14.0,EC50,"BindingDB,ChEMBL,Papyrus",0.124
O=c1c(-c2ccc([N+](=O)[O-])cc2)nc2ccccc2n1Cc1ccccc1,O=c1c(-c2ccc([N+](=O)[O-])cc2)nc2ccccc2n1Cc1ccccc1,6.0,0.0,3.0,EC50,"BindingDB,ChEMBL,Papyrus",0.0
O=c1c(-c2ccc3nonc3c2)nc2ccccc2n1Cc1ccccc1,O=c1c(-c2ccc3nonc3c2)nc2ccccc2n1Cc1ccccc1,7.7447274948966935,0.0030440822406977226,3.0,EC50,"BindingDB,ChEMBL,Papyrus",0.0030440822406977226
O=c1c(-c2cccc(Br)c2)nc2ccccc2n1Cc1ccccc1,O=c1c(-c2cccc(Br)c2)nc2ccccc2n1Cc1ccccc1,6.481486060122113,0.0008579772115334907,3.0,EC50,"BindingDB,ChEMBL,Papyrus",0.0008579772115334907
O=c1c(-c2cccc([N+](=O)[O-])c2)nc2c(Cl)cccc2n1Cc1ccccc1,O=c1c(-c2cccc([N+](=O)[O-])c2)nc2c(Cl)cccc2n1Cc1ccccc1,6.958607314841775,0.0008040671509977246,3.0,EC50,"BindingDB,ChEMBL,Papyrus",0.0008040671509977246
O=c1c(-c2cccc([N+](=O)[O-])c2)nc2cc(Br)ccc2n1Cc1ccccc1,O=c1c(-c2cccc([N+](=O)[O-])c2)nc2cc(Br)ccc2n1Cc1ccccc1,7.200659450546418,0.00038073395049137367,3.0,EC50,"BindingDB,ChEMBL,Papyrus",0.00038073395049137367
O=c1c(-c2cccc([N+](=O)[O-])c2)nc2cc(Cl)ccc2n1Cc1ccccc1,O=c1c(-c2cccc([N+](=O)[O-])c2)nc2cc(Cl)ccc2n1Cc1ccccc1,7.154901959985743,0.0029433547745708008,3.0,EC50,"BindingDB,ChEMBL,Papyrus",0.0029433547745708008
O=c1c(-c2cccc([N+](=O)[O-])c2)nc2ccc(Cl)cc2n1Cc1ccccc1,O=c1c(-c2cccc([N+](=O)[O-])c2)nc2ccc(Cl)cc2n1Cc1ccccc1,6.119186407719209,0.00046972772232543164,3.0,EC50,"BindingDB,ChEMBL,Papyrus",0.00046972772232543164
O=c1c(-c2cccc([N+](=O)[O-])c2)nc2ccccc2n1Cc1ccc2ccccc2c1,O=c1c(-c2cccc([N+](=O)[O-])c2)nc2ccccc2n1Cc1ccc2ccccc2c1,5.366531544420414,0.0020025137625464765,3.0,EC50,"BindingDB,ChEMBL,Papyrus",0.0020025137625464765
O=c1c(-c2cccc([N+](=O)[O-])c2)nc2ccccc2n1Cc1ccccc1,O=c1c(-c2cccc([N+](=O)[O-])c2)nc2ccccc2n1Cc1ccccc1,7.6777807052660805,0.10809111021212052,8.0,EC50,"BindingDB,ChEMBL,Papyrus",0.2124514960453671
O=c1c(-c2cccc([N+](=O)[O-])c2)nc2ccccc2n1Cc1ccccn1,O=c1c(-c2cccc([N+](=O)[O-])c2)nc2ccccc2n1Cc1ccccn1,7.2839966563652006,0.0023074706283068257,3.0,EC50,"BindingDB,ChEMBL,Papyrus",0.0023074706283068257
O=c1c(-c2cccc([N+](=O)[O-])c2)nc2ccccc2n1Cc1ccco1,O=c1c(-c2cccc([N+](=O)[O-])c2)nc2ccccc2n1Cc1ccco1,7.698970004336019,0.0005946682738638907,3.0,EC50,"BindingDB,ChEMBL,Papyrus",0.0005946682738638907
O=c1c(-c2cccc([N+](=O)[O-])c2)nc2ccccc2n1Cc1cccs1,O=c1c(-c2cccc([N+](=O)[O-])c2)nc2ccccc2n1Cc1cccs1,7.5774509799928715,0.0014716773872854004,6.0,EC50,"BindingDB,ChEMBL,Papyrus",0.5975745548615414
O=c1c(-c2ccccc2)nc2ccccc2n1Cc1ccccc1,O=c1c(-c2ccccc2)nc2ccccc2n1Cc1ccccc1,5.301029995663981,0.0005946682738638907,3.0,EC50,"BindingDB,ChEMBL,Papyrus",0.0005946682738638907
O=c1c(-c2ccccc2[N+](=O)[O-])nc2ccccc2n1Cc1ccccc1,O=c1c(-c2ccccc2[N+](=O)[O-])nc2ccccc2n1Cc1ccccc1,6.0,0.0,3.0,EC50,"BindingDB,ChEMBL,Papyrus",0.0
O=c1c(O)c(-c2ccccc2)oc2cc(O)cc(O)c12,O=c1c(O)c(-c2ccccc2)oc2cc(O)cc(O)c12,5.485,0.0,1.0,other,Papyrus,0.0
O=c1cc(-c2ccc(O)cc2)oc2cc(O)cc(O)c12,O=c1cc(-c2ccc(O)cc2)oc2cc(O)cc(O)c12,5.182258126592544,0.0,4.0,EC50,"BindingDB,ChEMBL",0.19304105074882244
O=c1cc(-c2ccccc2Cl)oc2c([N+](=O)[O-])c(O)cc(O)c12,O=c1cc(-c2ccccc2Cl)oc2c([N+](=O)[O-])c(O)cc(O)c12,6.629,0.0,1.0,other,Papyrus,0.0
O=c1cc(-c2ccccc2Cl)oc2cc(O)cc(O)c12,O=c1cc(-c2ccccc2Cl)oc2cc(O)cc(O)c12,5.273,0.0,1.0,other,Papyrus,0.0
O=c1cc(-c2ccncc2)oc2c1cc(-c1ccco1)c1ccccc12,O=c1cc(-c2ccncc2)oc2c1cc(-c1ccco1)c1ccccc12,5.769551078621726,0.0,2.0,Ki,"BindingDB,ChEMBL",0.0
O=c1cc(-c2ccncc2)oc2c1ccc1ccccc12,O=c1cc(-c2ccncc2)oc2c1ccc1ccccc12,5.455931955649724,0.0,1.0,EC50,ChEMBL,0.0
OC(C1=CNNN1c1ccc(Br)cc1)c1ccccc1Br,OC(C1=CNNN1c1ccc(Br)cc1)c1ccccc1Br,5.376750709602099,0.0,2.0,EC50,"BindingDB,ChEMBL",0.0
OC(C1=NC(c2ccc(Br)cc2)NN1)c1ccc(Br)cc1,OC(C1=NC(c2ccc(Br)cc2)NN1)c1ccc(Br)cc1,5.568636235841013,0.0,2.0,EC50,"BindingDB,ChEMBL",0.0
OC(C1=NC(c2ccc(Br)cc2)NN1)c1ccccc1Br,OC(C1=NC(c2ccc(Br)cc2)NN1)c1ccccc1Br,5.522878745280337,0.0,2.0,EC50,"BindingDB,ChEMBL",0.0
OC1CCCN(c2nc(-c3ccccn3)nc3c2CN(Cc2ccccc2)CC3)C1,OC1CCCN(c2nc(-c3ccccn3)nc3c2CN(Cc2ccccc2)CC3)C1,5.552841968657781,0.0016408113695983218,9.0,EC50,"BindingDB,ChEMBL,Papyrus",0.4887399212517787
OCCCNc1ncnc2scc(-c3ccc(Cl)cc3)c12,OCCCNc1ncnc2scc(-c3ccc(Cl)cc3)c12,5.629,0.0,1.0,other,Papyrus,0.0
OCCN1CCN(c2ncnc3ccc(Br)cc23)CC1,OCCN1CCN(c2ncnc3ccc(Br)cc23)CC1,5.613,0.0,1.0,other,Papyrus,0.0
OCCNc1nc(Nc2ccc(Cl)c(Cl)c2)nc2ccccc12,OCCNc1nc(Nc2ccc(Cl)c(Cl)c2)nc2ccccc12,5.666,0.0,1.0,other,Papyrus,0.0
OCc1cccc(N2C=CN(c3ccccc3)N2)c1,OCc1cccc(N2C=CN(c3ccccc3)N2)c1,5.721246399047171,0.0,2.0,EC50,"BindingDB,ChEMBL",0.0
ON=C1c2ccccc2-c2cc(Br)ccc21,ON=C1c2ccccc2-c2cc(Br)ccc21,5.728,0.0,1.0,other,Papyrus,0.0
OS1(O)=CCC(=CSC(=S)N=C2CC=[SH](O)(O)C2)C=1,OS1(O)=CCC(=CSC(=S)N=C2CC=[SH](O)(O)C2)C=1,5.516,0.0,1.0,other,Papyrus,0.0
OS1(O)=CCC(NC(=S)SCCOc2ccccc2)C=1,OS1(O)=CCC(NC(=S)SCCOc2ccccc2)C=1,5.339,0.0,1.0,other,Papyrus,0.0
Oc1ccc(Br)cc1C1=NC2C=NC=CN2C1=NC1CCCC1,Oc1ccc(Br)cc1C1=NC2C=NC=CN2C1=NC1CCCC1,5.517,0.0,1.0,other,Papyrus,0.0
Oc1ccc(CCNc2ncnc3ccc(Cl)cc23)cc1,Oc1ccc(CCNc2ncnc3ccc(Cl)cc23)cc1,6.08,0.0,1.0,other,Papyrus,0.0
Oc1ccc(Cl)cc1Cc1cc(Cl)ccc1O,Oc1ccc(Cl)cc1Cc1cc(Cl)ccc1O,5.207999999999999,0.0,1.0,other,Papyrus,0.0
Oc1oc(Nc2nc(-c3ccc(F)cc3)cs2)c2ccccc12,Oc1oc(Nc2nc(-c3ccc(F)cc3)cs2)c2ccccc12,5.636,0.0,1.0,other,Papyrus,0.0
S=c1[nH]nc(-c2ccncc2)n1N=CC(Cl)=Cc1ccccc1,S=c1[nH]nc(-c2ccncc2)n1N=CC(Cl)=Cc1ccccc1,5.975,0.0,1.0,other,Papyrus,0.0
c1cc(-c2cnc3cccnn23)c2cccnc2c1,c1cc(-c2cnc3cccnn23)c2cccnc2c1,5.632999999999999,0.0,1.0,other,Papyrus,0.0
c1cc(-c2nnc3sc(C4CCCCC4)nn23)ccn1,c1cc(-c2nnc3sc(C4CCCCC4)nn23)ccn1,5.462000000000001,0.0,1.0,other,Papyrus,0.0
c1cc2[nH]c(C3CC3)nc2c2nsnc12,c1cc2[nH]c(C3CC3)nc2c2nsnc12,5.513999999999999,0.0,1.0,other,Papyrus,0.0
c1ccc2c(-c3ccc4nncn4c3)cncc2c1,c1ccc2c(-c3ccc4nncn4c3)cncc2c1,5.848,0.0,1.0,other,Papyrus,0.0
c1ccc2c(-c3cncc4ccccc34)cncc2c1,c1ccc2c(-c3cncc4ccccc34)cncc2c1,5.215,0.0,1.0,other,Papyrus,0.0
c1ccc2c(c1)Nc1ccncc1S2,c1ccc2c(c1)Nc1ccncc1S2,5.836,0.0,1.0,other,Papyrus,0.0
c1cncc(-c2ccc3ncnc(NCc4ccc5c(c4)OCO5)c3c2)c1,c1cncc(-c2ccc3ncnc(NCc4ccc5c(c4)OCO5)c3c2)c1,5.187,0.0,1.0,other,Papyrus,0.0
c1cncc(CNc2ncnc3ccc(-c4ccoc4)cc23)c1,c1cncc(CNc2ncnc3ccc(-c4ccoc4)cc23)c1,5.857,0.0,1.0,other,Papyrus,0.0
c1csc(CNc2ncnc3ccc(-c4ccoc4)cc23)c1,c1csc(CNc2ncnc3ccc(-c4ccoc4)cc23)c1,6.712000000000001,0.0,1.0,other,Papyrus,0.0
c1csc(Cc2nn3c(-c4ccncc4)nnc3s2)c1,c1csc(Cc2nn3c(-c4ccncc4)nnc3s2)c1,5.1,0.0,1.0,other,Papyrus,0.0
c1nc(N2CCOCC2)c2c3c(sc2n1)CCCC3,c1nc(N2CCOCC2)c2c3c(sc2n1)CCCC3,5.162000000000001,0.0,1.0,other,Papyrus,0.0
c1nc(NCc2ccc3c(c2)OCO3)c2cc(-c3ccoc3)ccc2n1,c1nc(NCc2ccc3c(c2)OCO3)c2cc(-c3ccoc3)ccc2n1,6.468999999999999,0.0,1.0,other,Papyrus,0.0
